sheet,column,non_empty_count,empty_count,fill_pct
vInfo,VM,129,0,100.00
vInfo,Powerstate,129,0,100.00
vInfo,Template,129,0,100.00
vInfo,SRM Placeholder,0,129,0.00
vInfo,Config status,0,129,0.00
vInfo,DNS Name,0,129,0.00
vInfo,Connection state,129,0,100.00
vInfo,Guest state,129,0,100.00
vInfo,Heartbeat,0,129,0.00
vInfo,Consolidation Needed,129,0,100.00
vInfo,PowerOn,116,13,89.92
vInfo,Suspended To Memory,0,129,0.00
vInfo,Suspend time,0,129,0.00
vInfo,Suspend Interval,129,0,100.00
vInfo,Creation date,129,0,100.00
vInfo,Change Version,129,0,100.00
vInfo,CPUs,129,0,100.00
vInfo,Overall Cpu Readiness,0,129,0.00
vInfo,Memory,129,0,100.00
vInfo,Active Memory,129,0,100.00
vInfo,NICs,129,0,100.00
vInfo,Disks,129,0,100.00
vInfo,Total disk capacity MiB,129,0,100.00
vInfo,Fixed Passthru HotPlug,0,129,0.00
vInfo,min Required EVC Mode Key,0,129,0.00
vInfo,Latency Sensitivity,0,129,0.00
vInfo,Op Notification Timeout,0,129,0.00
vInfo,EnableUUID,0,129,0.00
vInfo,CBT,0,129,0.00
vInfo,Primary IP Address,113,16,87.60
vInfo,Network #1,129,0,100.00
vInfo,Network #2,18,111,13.95
vInfo,Network #3,11,118,8.53
vInfo,Network #4,9,120,6.98
vInfo,Network #5,0,129,0.00
vInfo,Network #6,0,129,0.00
vInfo,Network #7,0,129,0.00
vInfo,Network #8,0,129,0.00
vInfo,Num Monitors,0,129,0.00
vInfo,Video Ram KiB,0,129,0.00
vInfo,Resource pool,129,0,100.00
vInfo,Folder ID,129,0,100.00
vInfo,Folder,129,0,100.00
vInfo,vApp,0,129,0.00
vInfo,DAS protection,0,129,0.00
vInfo,FT State,129,0,100.00
vInfo,FT Role,0,129,0.00
vInfo,FT Latency,0,129,0.00
vInfo,FT Bandwidth,0,129,0.00
vInfo,FT Sec. Latency,0,129,0.00
vInfo,Vm Failover In Progress,0,129,0.00
vInfo,Provisioned MiB,129,0,100.00
vInfo,In Use MiB,129,0,100.00
vInfo,Unshared MiB,129,0,100.00
vInfo,HA Restart Priority,0,129,0.00
vInfo,HA Isolation Response,0,129,0.00
vInfo,HA VM Monitoring,0,129,0.00
vInfo,Cluster rule(s),0,129,0.00
vInfo,Cluster rule name(s),0,129,0.00
vInfo,Boot Required,0,129,0.00
vInfo,Boot delay,129,0,100.00
vInfo,Boot retry delay,129,0,100.00
vInfo,Boot retry enabled,129,0,100.00
vInfo,Boot BIOS setup,129,0,100.00
vInfo,Reboot PowerOff,129,0,100.00
vInfo,EFI Secure boot,129,0,100.00
vInfo,Firmware,129,0,100.00
vInfo,HW version,129,0,100.00
vInfo,HW upgrade status,0,129,0.00
vInfo,HW upgrade policy,0,129,0.00
vInfo,HW target,0,129,0.00
vInfo,Path,129,0,100.00
vInfo,Log directory,129,0,100.00
vInfo,Snapshot directory,129,0,100.00
vInfo,Suspend directory,129,0,100.00
vInfo,Annotation,21,108,16.28
vInfo,Backup status,0,129,0.00
vInfo,ClusterInvariantVMMId,0,129,0.00
vInfo,Last backup,0,129,0.00
vInfo,Datacenter,129,0,100.00
vInfo,Cluster,129,0,100.00
vInfo,Host,129,0,100.00
vInfo,OS according to the configuration file,129,0,100.00
vInfo,OS according to the VMware Tools,0,129,0.00
vInfo,Customization Info,0,129,0.00
vInfo,Guest Detailed Data,0,129,0.00
vInfo,VM ID,129,0,100.00
vInfo,SMBIOS UUID,129,0,100.00
vInfo,VM UUID,129,0,100.00
vInfo,VI SDK Server type,129,0,100.00
vInfo,VI SDK API Version,129,0,100.00
vInfo,VI SDK Server,129,0,100.00
vInfo,VI SDK UUID,129,0,100.00
vCPU,VM,129,0,100.00
vCPU,Powerstate,129,0,100.00
vCPU,Template,129,0,100.00
vCPU,SRM Placeholder,0,129,0.00
vCPU,CPUs,129,0,100.00
vCPU,Sockets,129,0,100.00
vCPU,Cores p/s,129,0,100.00
vCPU,Max,0,129,0.00
vCPU,Overall,0,129,0.00
vCPU,Level,0,129,0.00
vCPU,Shares,129,0,100.00
vCPU,Reservation,129,0,100.00
vCPU,Entitlement,0,129,0.00
vCPU,DRS Entitlement,0,129,0.00
vCPU,Limit,129,0,100.00
vCPU,Hot Add,0,129,0.00
vCPU,Hot Remove,0,129,0.00
vCPU,Numa Hotadd Exposed,0,129,0.00
vCPU,Annotation,0,129,0.00
vCPU,Backup status,0,129,0.00
vCPU,ClusterInvariantVMMId,0,129,0.00
vCPU,Last backup,0,129,0.00
vCPU,Datacenter,0,129,0.00
vCPU,Cluster,0,129,0.00
vCPU,Host,0,129,0.00
vCPU,Folder,0,129,0.00
vCPU,OS according to the configuration file,0,129,0.00
vCPU,OS according to the VMware Tools,0,129,0.00
vCPU,VM ID,0,129,0.00
vCPU,VM UUID,0,129,0.00
vCPU,VI SDK Server,0,129,0.00
vCPU,VI SDK UUID,0,129,0.00
vMemory,VM,129,0,100.00
vMemory,Powerstate,129,0,100.00
vMemory,Template,129,0,100.00
vMemory,SRM Placeholder,0,129,0.00
vMemory,Size MiB,129,0,100.00
vMemory,Memory Reservation Locked To Max,0,129,0.00
vMemory,Overhead,0,129,0.00
vMemory,Max,0,129,0.00
vMemory,Consumed,0,129,0.00
vMemory,Consumed Overhead,0,129,0.00
vMemory,Private,0,129,0.00
vMemory,Shared,0,129,0.00
vMemory,Swapped,0,129,0.00
vMemory,Ballooned,0,129,0.00
vMemory,Active,0,129,0.00
vMemory,Entitlement,0,129,0.00
vMemory,DRS Entitlement,0,129,0.00
vMemory,Level,0,129,0.00
vMemory,Shares,129,0,100.00
vMemory,Reservation,129,0,100.00
vMemory,Limit,129,0,100.00
vMemory,Hot Add,0,129,0.00
vMemory,Annotation,0,129,0.00
vMemory,Backup status,0,129,0.00
vMemory,ClusterInvariantVMMId,0,129,0.00
vMemory,Last backup,0,129,0.00
vMemory,Datacenter,0,129,0.00
vMemory,Cluster,0,129,0.00
vMemory,Host,0,129,0.00
vMemory,Folder,0,129,0.00
vMemory,OS according to the configuration file,0,129,0.00
vMemory,OS according to the VMware Tools,0,129,0.00
vMemory,VM ID,0,129,0.00
vMemory,VM UUID,0,129,0.00
vMemory,VI SDK Server,0,129,0.00
vMemory,VI SDK UUID,0,129,0.00
vDisk,VM,242,0,100.00
vDisk,Powerstate,242,0,100.00
vDisk,Template,242,0,100.00
vDisk,SRM Placeholder,242,0,100.00
vDisk,Disk,242,0,100.00
vDisk,Disk Key,242,0,100.00
vDisk,Disk UUID,242,0,100.00
vDisk,Disk Path,242,0,100.00
vDisk,Capacity MiB,242,0,100.00
vDisk,Raw,242,0,100.00
vDisk,Disk Mode,242,0,100.00
vDisk,Sharing mode,242,0,100.00
vDisk,Thin,242,0,100.00
vDisk,Eagerly Scrub,242,0,100.00
vDisk,Split,242,0,100.00
vDisk,Write Through,242,0,100.00
vDisk,Level,242,0,100.00
vDisk,Shares,242,0,100.00
vDisk,Reservation,242,0,100.00
vDisk,Limit,242,0,100.00
vDisk,Controller,242,0,100.00
vDisk,Label,242,0,100.00
vDisk,SCSI Unit #,242,0,100.00
vDisk,Unit #,242,0,100.00
vDisk,Shared Bus,242,0,100.00
vDisk,Path,242,0,100.00
vDisk,Raw LUN ID,0,242,0.00
vDisk,Raw Comp. Mode,0,242,0.00
vDisk,Internal Sort Column,242,0,100.00
vDisk,Annotation,62,180,25.62
vDisk,Backup status,189,53,78.10
vDisk,ClusterInvariantVMMId,242,0,100.00
vDisk,Last backup,189,53,78.10
vDisk,Datacenter,242,0,100.00
vDisk,Cluster,242,0,100.00
vDisk,Host,242,0,100.00
vDisk,Folder,242,0,100.00
vDisk,OS according to the configuration file,242,0,100.00
vDisk,OS according to the VMware Tools,223,19,92.15
vDisk,VM ID,242,0,100.00
vDisk,VM UUID,242,0,100.00
vDisk,VI SDK Server,242,0,100.00
vDisk,VI SDK UUID,242,0,100.00
vPartition,VM,693,0,100.00
vPartition,Powerstate,693,0,100.00
vPartition,Template,693,0,100.00
vPartition,SRM Placeholder,693,0,100.00
vPartition,Disk Key,693,0,100.00
vPartition,Disk,693,0,100.00
vPartition,Capacity MiB,693,0,100.00
vPartition,Consumed MiB,693,0,100.00
vPartition,Free MiB,693,0,100.00
vPartition,Free %,693,0,100.00
vPartition,Internal Sort Column,693,0,100.00
vPartition,Annotation,122,571,17.60
vPartition,Backup status,568,125,81.96
vPartition,ClusterInvariantVMMId,693,0,100.00
vPartition,Last backup,568,125,81.96
vPartition,Datacenter,693,0,100.00
vPartition,Cluster,693,0,100.00
vPartition,Host,693,0,100.00
vPartition,Folder,693,0,100.00
vPartition,OS according to the configuration file,693,0,100.00
vPartition,OS according to the VMware Tools,685,8,98.85
vPartition,VM ID,693,0,100.00
vPartition,VM UUID,693,0,100.00
vPartition,VI SDK Server,693,0,100.00
vPartition,VI SDK UUID,693,0,100.00
vNetwork,VM,175,0,100.00
vNetwork,Powerstate,175,0,100.00
vNetwork,Template,175,0,100.00
vNetwork,SRM Placeholder,175,0,100.00
vNetwork,NIC label,175,0,100.00
vNetwork,Adapter,175,0,100.00
vNetwork,Network,175,0,100.00
vNetwork,Switch,0,175,0.00
vNetwork,Connected,175,0,100.00
vNetwork,Starts Connected,175,0,100.00
vNetwork,Mac Address,175,0,100.00
vNetwork,Type,175,0,100.00
vNetwork,IPv4 Address,0,175,0.00
vNetwork,IPv6 Address,0,175,0.00
vNetwork,Direct Path IO,0,175,0.00
vNetwork,Internal Sort Column,0,175,0.00
vNetwork,Annotation,46,129,26.29
vNetwork,Backup status,0,175,0.00
vNetwork,ClusterInvariantVMMId,175,0,100.00
vNetwork,Last backup,0,175,0.00
vNetwork,Datacenter,175,0,100.00
vNetwork,Cluster,175,0,100.00
vNetwork,Host,175,0,100.00
vNetwork,Folder,175,0,100.00
vNetwork,OS according to the configuration file,175,0,100.00
vNetwork,OS according to the VMware Tools,163,12,93.14
vNetwork,VM ID,175,0,100.00
vNetwork,VM UUID,175,0,100.00
vNetwork,VI SDK Server,175,0,100.00
vNetwork,VI SDK UUID,175,0,100.00
vCD,VM,114,0,100.00
vCD,Powerstate,0,114,0.00
vCD,Template,0,114,0.00
vCD,SRM Placeholder,0,114,0.00
vCD,Device Node,114,0,100.00
vCD,Connected,114,0,100.00
vCD,Starts Connected,114,0,100.00
vCD,Device Type,24,90,21.05
vCD,Annotation,0,114,0.00
vCD,Backup status,0,114,0.00
vCD,ClusterInvariantVMMId,0,114,0.00
vCD,Last backup,0,114,0.00
vCD,Datacenter,0,114,0.00
vCD,Cluster,0,114,0.00
vCD,Host,0,114,0.00
vCD,Folder,0,114,0.00
vCD,OS according to the configuration file,0,114,0.00
vCD,OS according to the VMware Tools,0,114,0.00
vCD,VMRef,0,114,0.00
vCD,VM ID,0,114,0.00
vCD,VM UUID,0,114,0.00
vCD,VI SDK Server,0,114,0.00
vCD,VI SDK UUID,0,114,0.00
vUSB,VM,0,0,0.00
vUSB,Powerstate,0,0,0.00
vUSB,Template,0,0,0.00
vUSB,SRM Placeholder,0,0,0.00
vUSB,Device Node,0,0,0.00
vUSB,Device Type,0,0,0.00
vUSB,Connected,0,0,0.00
vUSB,Family,0,0,0.00
vUSB,Speed,0,0,0.00
vUSB,EHCI enabled,0,0,0.00
vUSB,Auto connect,0,0,0.00
vUSB,Bus number,0,0,0.00
vUSB,Unit number,0,0,0.00
vUSB,Annotation,0,0,0.00
vUSB,Backup status,0,0,0.00
vUSB,ClusterInvariantVMMId,0,0,0.00
vUSB,Last backup,0,0,0.00
vUSB,Datacenter,0,0,0.00
vUSB,Cluster,0,0,0.00
vUSB,Host,0,0,0.00
vUSB,Folder,0,0,0.00
vUSB,OS according to the configuration file,0,0,0.00
vUSB,OS according to the VMware tools,0,0,0.00
vUSB,VMRef,0,0,0.00
vUSB,VM ID,0,0,0.00
vUSB,VM UUID,0,0,0.00
vUSB,VI SDK Server,0,0,0.00
vUSB,VI SDK UUID,0,0,0.00
vSnapshot,VM,198,0,100.00
vSnapshot,Powerstate,198,0,100.00
vSnapshot,Name,198,0,100.00
vSnapshot,Description,44,154,22.22
vSnapshot,Date / time,198,0,100.00
vSnapshot,Filename,0,198,0.00
vSnapshot,Size MiB (vmsn),0,198,0.00
vSnapshot,Size MiB (total),0,198,0.00
vSnapshot,Quiesced,198,0,100.00
vSnapshot,State,198,0,100.00
vSnapshot,Annotation,12,186,6.06
vSnapshot,Backup status,196,2,98.99
vSnapshot,ClusterInvariantVMMId,198,0,100.00
vSnapshot,Last backup,196,2,98.99
vSnapshot,Datacenter,198,0,100.00
vSnapshot,Cluster,198,0,100.00
vSnapshot,Host,198,0,100.00
vSnapshot,Folder,198,0,100.00
vSnapshot,OS according to the configuration file,198,0,100.00
vSnapshot,OS according to the VMware Tools,195,3,98.48
vSnapshot,VM ID,198,0,100.00
vSnapshot,VM UUID,198,0,100.00
vSnapshot,VI SDK Server,198,0,100.00
vSnapshot,VI SDK UUID,198,0,100.00
vTools,VM,129,0,100.00
vTools,Powerstate,129,0,100.00
vTools,Template,129,0,100.00
vTools,SRM Placeholder,0,129,0.00
vTools,VM Version,0,129,0.00
vTools,Tools,129,0,100.00
vTools,Tools Version,0,129,0.00
vTools,Required Version,0,129,0.00
vTools,Upgradeable,0,129,0.00
vTools,Upgrade Policy,0,129,0.00
vTools,Sync time,0,129,0.00
vTools,App status,0,129,0.00
vTools,Heartbeat status,0,129,0.00
vTools,Kernel Crash state,0,129,0.00
vTools,Operation Ready,0,129,0.00
vTools,State change support,0,129,0.00
vTools,Interactive Guest,0,129,0.00
vTools,Annotation,0,129,0.00
vTools,Backup status,0,129,0.00
vTools,ClusterInvariantVMMId,0,129,0.00
vTools,Last backup,0,129,0.00
vTools,Datacenter,129,0,100.00
vTools,Cluster,129,0,100.00
vTools,Host,129,0,100.00
vTools,Folder,0,129,0.00
vTools,OS according to the configuration file,0,129,0.00
vTools,OS according to the VMware Tools,0,129,0.00
vTools,VMRef,0,129,0.00
vTools,VM ID,0,129,0.00
vTools,VM UUID,0,129,0.00
vTools,VI SDK Server,0,129,0.00
vTools,VI SDK UUID,0,129,0.00
vSource,Name,1,0,100.00
vSource,OS type,1,0,100.00
vSource,API type,1,0,100.00
vSource,API version,1,0,100.00
vSource,Version,1,0,100.00
vSource,Patch level,0,1,0.00
vSource,Build,1,0,100.00
vSource,Fullname,0,1,0.00
vSource,Product name,0,1,0.00
vSource,Product version,0,1,0.00
vSource,Product line,0,1,0.00
vSource,Vendor,0,1,0.00
vSource,VI SDK Server,1,0,100.00
vSource,VI SDK UUID,1,0,100.00
vRP,Resource Pool name,3,0,100.00
vRP,Resource Pool path,3,0,100.00
vRP,Status,3,0,100.00
vRP,# VMs total,3,0,100.00
vRP,# VMs,3,0,100.00
vRP,# vCPUs,3,0,100.00
vRP,CPU limit,3,0,100.00
vRP,CPU overheadLimit,0,3,0.00
vRP,CPU reservation,3,0,100.00
vRP,CPU level,3,0,100.00
vRP,CPU shares,3,0,100.00
vRP,CPU expandableReservation,3,0,100.00
vRP,CPU maxUsage,3,0,100.00
vRP,CPU overallUsage,3,0,100.00
vRP,CPU reservationUsed,0,3,0.00
vRP,CPU reservationUsedForVm,0,3,0.00
vRP,CPU unreservedForPool,0,3,0.00
vRP,CPU unreservedForVm,0,3,0.00
vRP,Mem Configured,3,0,100.00
vRP,Mem limit,3,0,100.00
vRP,Mem overheadLimit,0,3,0.00
vRP,Mem reservation,3,0,100.00
vRP,Mem level,0,3,0.00
vRP,Mem shares,3,0,100.00
vRP,Mem expandableReservation,0,3,0.00
vRP,Mem maxUsage,0,3,0.00
vRP,Mem overallUsage,0,3,0.00
vRP,Mem reservationUsed,0,3,0.00
vRP,Mem reservationUsedForVm,0,3,0.00
vRP,Mem unreservedForPool,0,3,0.00
vRP,Mem unreservedForVm,0,3,0.00
vRP,QS overallCpuDemand,0,3,0.00
vRP,QS overallCpuUsage,0,3,0.00
vRP,QS staticCpuEntitlement,0,3,0.00
vRP,QS distributedCpuEntitlement,0,3,0.00
vRP,QS balloonedMemory,0,3,0.00
vRP,QS compressedMemory,0,3,0.00
vRP,QS consumedOverheadMemory,0,3,0.00
vRP,QS distributedMemoryEntitlement,0,3,0.00
vRP,QS guestMemoryUsage,0,3,0.00
vRP,QS hostMemoryUsage,0,3,0.00
vRP,QS overheadMemory,0,3,0.00
vRP,QS privateMemory,0,3,0.00
vRP,QS sharedMemory,0,3,0.00
vRP,QS staticMemoryEntitlement,0,3,0.00
vRP,QS swappedMemory,0,3,0.00
vRP,Object ID,0,3,0.00
vRP,VI SDK Server,0,3,0.00
vRP,VI SDK UUID,0,3,0.00
vCluster,Name,3,0,100.00
vCluster,Config status,0,3,0.00
vCluster,OverallStatus,0,3,0.00
vCluster,NumHosts,3,0,100.00
vCluster,numEffectiveHosts,0,3,0.00
vCluster,TotalCpu,3,0,100.00
vCluster,NumCpuCores,0,3,0.00
vCluster,NumCpuThreads,0,3,0.00
vCluster,Effective Cpu,0,3,0.00
vCluster,TotalMemory,3,0,100.00
vCluster,Effective Memory,0,3,0.00
vCluster,Num VMotions,0,3,0.00
vCluster,HA enabled,3,0,100.00
vCluster,Failover Level,0,3,0.00
vCluster,AdmissionControlEnabled,0,3,0.00
vCluster,Host monitoring,0,3,0.00
vCluster,HB Datastore Candidate Policy,0,3,0.00
vCluster,Isolation Response,0,3,0.00
vCluster,Restart Priority,0,3,0.00
vCluster,Cluster Settings,0,3,0.00
vCluster,Max Failures,0,3,0.00
vCluster,Max Failure Window,0,3,0.00
vCluster,Failure Interval,0,3,0.00
vCluster,Min Up Time,0,3,0.00
vCluster,VM Monitoring,0,3,0.00
vCluster,DRS enabled,3,0,100.00
vCluster,DRS default VM behavior,0,3,0.00
vCluster,DRS vmotion rate,0,3,0.00
vCluster,DPM enabled,0,3,0.00
vCluster,DPM default behavior,0,3,0.00
vCluster,DPM Host Power Action Rate,0,3,0.00
vCluster,Object ID,0,3,0.00
vCluster,Backup status,0,3,0.00
vCluster,ClusterInvariantVMMId,0,3,0.00
vCluster,com.vmware.vcenter.cluster.edrs.upgradeHostAdded,0,3,0.00
vCluster,Last backup,0,3,0.00
vCluster,VI SDK Server,0,3,0.00
vCluster,VI SDK UUID,0,3,0.00
vHost,Host,9,0,100.00
vHost,Datacenter,9,0,100.00
vHost,Cluster,9,0,100.00
vHost,Config status,0,9,0.00
vHost,Compliance Check State,0,9,0.00
vHost,in Maintenance Mode,9,0,100.00
vHost,in Quarantine Mode,9,0,100.00
vHost,vSAN Fault Domain Name,0,9,0.00
vHost,CPU Model,9,0,100.00
vHost,Speed,9,0,100.00
vHost,HT Available,9,0,100.00
vHost,HT Active,0,9,0.00
vHost,# CPU,9,0,100.00
vHost,Cores per CPU,0,9,0.00
vHost,# Cores,9,0,100.00
vHost,CPU usage %,9,0,100.00
vHost,# Memory,9,0,100.00
vHost,Memory Tiering Type,9,0,100.00
vHost,Memory usage %,9,0,100.00
vHost,Console,0,9,0.00
vHost,# NICs,9,0,100.00
vHost,# HBAs,9,0,100.00
vHost,# VMs total,0,9,0.00
vHost,# VMs,0,9,0.00
vHost,VMs per Core,8,1,88.89
vHost,# vCPUs,0,9,0.00
vHost,vCPUs per Core,8,1,88.89
vHost,vRAM,8,1,88.89
vHost,VM Used memory,0,9,0.00
vHost,VM Memory Swapped,0,9,0.00
vHost,VM Memory Ballooned,0,9,0.00
vHost,VMotion support,9,0,100.00
vHost,Storage VMotion support,0,9,0.00
vHost,Current EVC,0,9,0.00
vHost,Max EVC,0,9,0.00
vHost,Assigned License(s),0,9,0.00
vHost,ATS Heartbeat,0,9,0.00
vHost,ATS Locking,0,9,0.00
vHost,Current CPU power man. policy,9,0,100.00
vHost,Supported CPU power man.,9,0,100.00
vHost,Host Power Policy,9,0,100.00
vHost,ESX Version,9,0,100.00
vHost,Boot time,9,0,100.00
vHost,DNS Servers,0,9,0.00
vHost,DHCP,0,9,0.00
vHost,Domain,0,9,0.00
vHost,Domain List,0,9,0.00
vHost,DNS Search Order,0,9,0.00
vHost,NTP Server(s),9,0,100.00
vHost,NTPD running,0,9,0.00
vHost,Time Zone,9,0,100.00
vHost,Time Zone Name,9,0,100.00
vHost,GMT Offset,0,9,0.00
vHost,Vendor,9,0,100.00
vHost,Model,9,0,100.00
vHost,Serial number,9,0,100.00
vHost,Service tag,9,0,100.00
vHost,OEM specific string,9,0,100.00
vHost,BIOS Vendor,0,9,0.00
vHost,BIOS Version,0,9,0.00
vHost,BIOS Date,0,9,0.00
vHost,Certificate Issuer,0,9,0.00
vHost,Certificate Start Date,0,9,0.00
vHost,Certificate Expiry Date,0,9,0.00
vHost,Certificate Status,0,9,0.00
vHost,Certificate Subject,0,9,0.00
vHost,Object ID,9,0,100.00
vHost,AutoDeploy.MachineIdentity,0,9,0.00
vHost,Backup status,0,9,0.00
vHost,ClusterInvariantVMMId,0,9,0.00
vHost,Last backup,0,9,0.00
vHost,UUID,9,0,100.00
vHost,VI SDK Server,9,0,100.00
vHost,VI SDK UUID,9,0,100.00
vHBA,Host,26,0,100.00
vHBA,Datacenter,26,0,100.00
vHBA,Cluster,26,0,100.00
vHBA,Device,26,0,100.00
vHBA,Type,26,0,100.00
vHBA,Status,26,0,100.00
vHBA,Bus,26,0,100.00
vHBA,Pci,26,0,100.00
vHBA,Driver,26,0,100.00
vHBA,Model,26,0,100.00
vHBA,WWN,18,8,69.23
vHBA,VI SDK Server,0,26,0.00
vHBA,VI SDK UUID,0,26,0.00
vNIC,Host,54,0,100.00
vNIC,Datacenter,0,54,0.00
vNIC,Cluster,0,54,0.00
vNIC,Network Device,54,0,100.00
vNIC,Driver,54,0,100.00
vNIC,Speed,54,0,100.00
vNIC,Duplex,0,54,0.00
vNIC,MAC,54,0,100.00
vNIC,Switch,0,54,0.00
vNIC,Uplink port,0,54,0.00
vNIC,PCI,54,0,100.00
vNIC,WakeOn,0,54,0.00
vNIC,VI SDK Server,0,54,0.00
vNIC,VI SDK UUID,0,54,0.00
vSwitch,Host,22,0,100.00
vSwitch,Datacenter,22,0,100.00
vSwitch,Cluster,22,0,100.00
vSwitch,Switch,22,0,100.00
vSwitch,# Ports,22,0,100.00
vSwitch,Free Ports,0,22,0.00
vSwitch,Promiscuous Mode,22,0,100.00
vSwitch,Mac Changes,22,0,100.00
vSwitch,Forged Transmits,22,0,100.00
vSwitch,Traffic Shaping,0,22,0.00
vSwitch,Width,0,22,0.00
vSwitch,Peak,0,22,0.00
vSwitch,Burst,0,22,0.00
vSwitch,Policy,0,22,0.00
vSwitch,Reverse Policy,0,22,0.00
vSwitch,Notify Switch,0,22,0.00
vSwitch,Rolling Order,0,22,0.00
vSwitch,Offload,0,22,0.00
vSwitch,TSO,0,22,0.00
vSwitch,Zero Copy Xmit,0,22,0.00
vSwitch,MTU,22,0,100.00
vSwitch,VI SDK Server,0,22,0.00
vSwitch,VI SDK UUID,0,22,0.00
vPort,Host,151,0,100.00
vPort,Datacenter,151,0,100.00
vPort,Cluster,151,0,100.00
vPort,Port Group,151,0,100.00
vPort,Switch,151,0,100.00
vPort,VLAN,151,0,100.00
vPort,Promiscuous Mode,151,0,100.00
vPort,Mac Changes,151,0,100.00
vPort,Forged Transmits,151,0,100.00
vPort,Traffic Shaping,0,151,0.00
vPort,Width,0,151,0.00
vPort,Peak,0,151,0.00
vPort,Burst,0,151,0.00
vPort,Policy,0,151,0.00
vPort,Reverse Policy,0,151,0.00
vPort,Notify Switch,0,151,0.00
vPort,Rolling Order,0,151,0.00
vPort,Offload,0,151,0.00
vPort,TSO,0,151,0.00
vPort,Zero Copy Xmit,0,151,0.00
vPort,VI SDK Server,151,0,100.00
vPort,VI SDK UUID,151,0,100.00
dvSwitch,Switch,1,0,100.00
dvSwitch,Datacenter,1,0,100.00
dvSwitch,Name,0,1,0.00
dvSwitch,Vendor,0,1,0.00
dvSwitch,Version,1,0,100.00
dvSwitch,Description,0,1,0.00
dvSwitch,Created,0,1,0.00
dvSwitch,Host members,1,0,100.00
dvSwitch,Max Ports,0,1,0.00
dvSwitch,# Ports,1,0,100.00
dvSwitch,# VMs,0,1,0.00
dvSwitch,In Traffic Shaping,0,1,0.00
dvSwitch,In Avg,0,1,0.00
dvSwitch,In Peak,0,1,0.00
dvSwitch,In Burst,0,1,0.00
dvSwitch,Out Traffic Shaping,0,1,0.00
dvSwitch,Out Avg,0,1,0.00
dvSwitch,Out Peak,0,1,0.00
dvSwitch,Out Burst,0,1,0.00
dvSwitch,CDP Type,0,1,0.00
dvSwitch,CDP Operation,0,1,0.00
dvSwitch,LACP Name,0,1,0.00
dvSwitch,LACP Mode,0,1,0.00
dvSwitch,LACP Load Balance Alg.,0,1,0.00
dvSwitch,Max MTU,0,1,0.00
dvSwitch,Contact,0,1,0.00
dvSwitch,Admin Name,0,1,0.00
dvSwitch,Object ID,0,1,0.00
dvSwitch,Backup status,0,1,0.00
dvSwitch,ClusterInvariantVMMId,0,1,0.00
dvSwitch,Last backup,0,1,0.00
dvSwitch,VI SDK Server,1,0,100.00
dvSwitch,VI SDK UUID,1,0,100.00
dvPort,Port,19,0,100.00
dvPort,Switch,19,0,100.00
dvPort,Type,19,0,100.00
dvPort,# Ports,19,0,100.00
dvPort,VLAN,19,0,100.00
dvPort,Speed,0,19,0.00
dvPort,Full Duplex,0,19,0.00
dvPort,Blocked,0,19,0.00
dvPort,Allow Promiscuous,19,0,100.00
dvPort,Mac Changes,19,0,100.00
dvPort,Active Uplink,18,1,94.74
dvPort,Standby Uplink,0,19,0.00
dvPort,Policy,19,0,100.00
dvPort,Forged Transmits,19,0,100.00
dvPort,In Traffic Shaping,0,19,0.00
dvPort,In Avg,0,19,0.00
dvPort,In Peak,0,19,0.00
dvPort,In Burst,0,19,0.00
dvPort,Out Traffic Shaping,0,19,0.00
dvPort,Out Avg,0,19,0.00
dvPort,Out Peak,0,19,0.00
dvPort,Out Burst,0,19,0.00
dvPort,Reverse Policy,19,0,100.00
dvPort,Notify Switch,0,19,0.00
dvPort,Rolling Order,19,0,100.00
dvPort,Check Beacon,0,19,0.00
dvPort,Live Port Moving,0,19,0.00
dvPort,Check Duplex,0,19,0.00
dvPort,Check Error %,0,19,0.00
dvPort,Check Speed,0,19,0.00
dvPort,Percentage,0,19,0.00
dvPort,Block Override,0,19,0.00
dvPort,Config Reset,0,19,0.00
dvPort,Shaping Override,0,19,0.00
dvPort,Vendor Config Override,0,19,0.00
dvPort,Sec. Policy Override,0,19,0.00
dvPort,Teaming Override,0,19,0.00
dvPort,Vlan Override,0,19,0.00
dvPort,Object ID,0,19,0.00
dvPort,VI SDK Server,19,0,100.00
dvPort,VI SDK UUID,19,0,100.00
vSC_VMK,Host,17,0,100.00
vSC_VMK,Datacenter,0,17,0.00
vSC_VMK,Cluster,0,17,0.00
vSC_VMK,Port Group,17,0,100.00
vSC_VMK,Device,17,0,100.00
vSC_VMK,Mac Address,17,0,100.00
vSC_VMK,DHCP,0,17,0.00
vSC_VMK,IP Address,17,0,100.00
vSC_VMK,IP 6 Address,0,17,0.00
vSC_VMK,Subnet mask,17,0,100.00
vSC_VMK,Gateway,0,17,0.00
vSC_VMK,IP 6 Gateway,0,17,0.00
vSC_VMK,MTU,17,0,100.00
vSC_VMK,VI SDK Server,0,17,0.00
vSC_VMK,VI SDK UUID,0,17,0.00
vDatastore,Name,15,0,100.00
vDatastore,Config status,0,15,0.00
vDatastore,Address,0,15,0.00
vDatastore,Accessible,15,0,100.00
vDatastore,Type,15,0,100.00
vDatastore,# VMs total,0,15,0.00
vDatastore,# VMs,0,15,0.00
vDatastore,Capacity MiB,15,0,100.00
vDatastore,Provisioned MiB,0,15,0.00
vDatastore,In Use MiB,15,0,100.00
vDatastore,Free MiB,15,0,100.00
vDatastore,Free %,0,15,0.00
vDatastore,SIOC enabled,0,15,0.00
vDatastore,SIOC Threshold,0,15,0.00
vDatastore,# Hosts,0,15,0.00
vDatastore,Hosts,0,15,0.00
vDatastore,Cluster name,0,15,0.00
vDatastore,Cluster capacity MiB,0,15,0.00
vDatastore,Cluster free space MiB,0,15,0.00
vDatastore,Block size,0,15,0.00
vDatastore,Max Blocks,0,15,0.00
vDatastore,# Extents,0,15,0.00
vDatastore,Major Version,0,15,0.00
vDatastore,Version,0,15,0.00
vDatastore,VMFS Upgradeable,0,15,0.00
vDatastore,MHA,0,15,0.00
vDatastore,URL,15,0,100.00
vDatastore,Object ID,0,15,0.00
vDatastore,Backup status,0,15,0.00
vDatastore,ClusterInvariantVMMId,0,15,0.00
vDatastore,Last backup,0,15,0.00
vDatastore,VI SDK Server,0,15,0.00
vDatastore,VI SDK UUID,0,15,0.00
vMultiPath,Host,71,0,100.00
vMultiPath,Cluster,71,0,100.00
vMultiPath,Datacenter,71,0,100.00
vMultiPath,Datastore,0,71,0.00
vMultiPath,Disk,71,0,100.00
vMultiPath,Display name,0,71,0.00
vMultiPath,Policy,71,0,100.00
vMultiPath,Oper. State,0,71,0.00
vMultiPath,Path 1,71,0,100.00
vMultiPath,Path 1 state,71,0,100.00
vMultiPath,Path 2,71,0,100.00
vMultiPath,Path 2 state,71,0,100.00
vMultiPath,Path 3,71,0,100.00
vMultiPath,Path 3 state,71,0,100.00
vMultiPath,Path 4,70,1,98.59
vMultiPath,Path 4 state,70,1,98.59
vMultiPath,Path 5,64,7,90.14
vMultiPath,Path 5 state,64,7,90.14
vMultiPath,Path 6,64,7,90.14
vMultiPath,Path 6 state,64,7,90.14
vMultiPath,Path 7,64,7,90.14
vMultiPath,Path 7 state,64,7,90.14
vMultiPath,Path 8,64,7,90.14
vMultiPath,Path 8 state,64,7,90.14
vMultiPath,vStorage,0,71,0.00
vMultiPath,Queue depth,0,71,0.00
vMultiPath,Vendor,0,71,0.00
vMultiPath,Model,0,71,0.00
vMultiPath,Revision,0,71,0.00
vMultiPath,Level,0,71,0.00
vMultiPath,Serial #,0,71,0.00
vMultiPath,UUID,0,71,0.00
vMultiPath,Object ID,0,71,0.00
vMultiPath,VI SDK Server,0,71,0.00
vMultiPath,VI SDK UUID,0,71,0.00
vLicense,Name,11,0,100.00
vLicense,Key,11,0,100.00
vLicense,Labels,0,11,0.00
vLicense,Cost Unit,0,11,0.00
vLicense,Total,11,0,100.00
vLicense,Used,10,1,90.91
vLicense,Expiration Date,7,4,63.64
vLicense,Features,0,11,0.00
vLicense,VI SDK Server,0,11,0.00
vLicense,VI SDK UUID,0,11,0.00
vFileInfo,Friendly Path Name,0,0,0.00
vFileInfo,File Name,0,0,0.00
vFileInfo,File Type,0,0,0.00
vFileInfo,File Size in bytes,0,0,0.00
vFileInfo,Path,0,0,0.00
vFileInfo,Internal Sort Column,0,0,0.00
vFileInfo,VI SDK Server,0,0,0.00
vFileInfo,VI SDK UUID,0,0,0.00
vHealth,Name,9,0,100.00
vHealth,Message,9,0,100.00
vHealth,Message type,9,0,100.00
vHealth,VI SDK Server,9,0,100.00
vHealth,VI SDK UUID,9,0,100.00
vMetaData,RVTools major version,1,0,100.00
vMetaData,RVTools version,1,0,100.00
vMetaData,xlsx creation datetime,1,0,100.00
vMetaData,Server,1,0,100.00
