VM,Powerstate,Template,SRM Placeholder,Config status,DNS Name,Connection state,Guest state,Heartbeat,Consolidation Needed,PowerOn,Suspended To Memory,Suspend time,Suspend Interval,Creation date,Change Version,CPUs,Overall Cpu Readiness,Memory,Active Memory,NICs,Disks,Total disk capacity MiB,Fixed Passthru HotPlug,min Required EVC Mode Key,Latency Sensitivity,Op Notification Timeout,EnableUUID,CBT,Primary IP Address,Network #1,Network #2,Network #3,Network #4,Network #5,Network #6,Network #7,Network #8,Num Monitors,Video Ram KiB,Resource pool,Folder ID,Folder,vApp,DAS protection,FT State,FT Role,FT Latency,FT Bandwidth,FT Sec. Latency,Vm Failover In Progress,Provisioned MiB,In Use MiB,Unshared MiB,HA Restart Priority,HA Isolation Response,HA VM Monitoring,Cluster rule(s),Cluster rule name(s),Boot Required,Boot delay,Boot retry delay,Boot retry enabled,Boot BIOS setup,Reboot PowerOff,EFI Secure boot,Firmware,HW version,HW upgrade status,HW upgrade policy,HW target,Path,Log directory,Snapshot directory,Suspend directory,Annotation,Backup status,ClusterInvariantVMMId,Last backup,Datacenter,Cluster,Host,OS according to the configuration file,OS according to the VMware Tools,Customization Info,Guest Detailed Data,VM ID,SMBIOS UUID,VM UUID,VI SDK Server type,VI SDK API Version,VI SDK Server,VI SDK UUID
S3-P-AD-DS-UIO-01,On,,,OK,,,OK,OK,,,,,,,,8,,16384,,1,1,,,,,,,,172.21.75.72,,,,,,,,,,,,,,,,,,,,,,,,,,,,,,,,,,,,,,,,,,C:\ClusterStorage\FS1-S-HYP-VM-01\P-AD-DS-UIO-01\P-AD-DS-UIO-01,C:\ClusterStorage\FS1-S-HYP-VM-01\P-AD-DS-UIO-01\P-AD-DS-UIO-01,C:\ClusterStorage\FS1-S-HYP-VM-01\P-AD-DS-UIO-01\P-AD-DS-UIO-01,,,,,,,S-HYP-CLTR-01,S-HYP-01,,,,,310e728b-a3ad-4b60-8bb0-9266ce968481,,,,,,
S3-P-AD-DS-03,On,,,OK,,,OK,OK,,,,,,,,8,,24576,,1,1,,,,,,,,172.21.75.4,,,,,,,,,,,,,,,,,,,,,,,,,,,,,,,,,,,,,,,,,,C:\ClusterStorage\FS1-S-HYP-VM-01\S3-P-AD-DS-03,C:\ClusterStorage\FS1-S-HYP-VM-01\S3-P-AD-DS-03,C:\ClusterStorage\FS1-S-HYP-VM-01\S3-P-AD-DS-03,,,,,,,S-HYP-CLTR-01,S-HYP-01,,,,,4e1a2886-a19f-4fd2-998a-a8e1ad79b173,,,,,,
S3-P-AD-DS-04,On,,,OK,,,OK,OK,,,,,,,,8,,24576,,1,1,,,,,,,,172.21.75.75,,,,,,,,,,,,,,,,,,,,,,,,,,,,,,,,,,,,,,,,,,C:\ClusterStorage\FS1-S-HYP-VM-01\S3-P-AD-DS-04,C:\ClusterStorage\FS1-S-HYP-VM-01\S3-P-AD-DS-04,C:\ClusterStorage\FS1-S-HYP-VM-01\S3-P-AD-DS-04,,,,,,,S-HYP-CLTR-01,S-HYP-01,,,,,ab196ede-d535-4f48-828e-94b3a3d44970,,,,,,
S2-P-AD-DS-03,On,,,OK,,,OK,OK,,,,,,,,8,,24576,,1,1,,,,,,,,172.21.75.4,,,,,,,,,,,,,,,,,,,,,,,,,,,,,,,,,,,,,,,,,,C:\ClusterStorage\FS1-S-HYP-VM-01\S2-P-AD-DS-03,C:\ClusterStorage\FS1-S-HYP-VM-01\S2-P-AD-DS-03,C:\ClusterStorage\FS1-S-HYP-VM-01\S2-P-AD-DS-03,,,,,,,S-HYP-CLTR-01,S-HYP-01,,,,,ac580a35-397a-4642-b4bf-3f535cd14c44,,,,,,
S3-P-AD-DS-UIO-02,On,,,OK,,,OK,OK,,,,,,,,8,,16384,,1,1,,,,,,,,172.21.75.73,,,,,,,,,,,,,,,,,,,,,,,,,,,,,,,,,,,,,,,,,,C:\ClusterStorage\FS1-S-HYP-VM-01\P-AD-DS-UIO-02\P-AD-DS-UIO-02,C:\ClusterStorage\FS1-S-HYP-VM-01\P-AD-DS-UIO-02\P-AD-DS-UIO-02,C:\ClusterStorage\FS1-S-HYP-VM-01\P-AD-DS-UIO-02\P-AD-DS-UIO-02,,,,,,,S-HYP-CLTR-01,S-HYP-01,,,,,d9998e48-2f88-4828-9f18-866751a46600,,,,,,
S2-P-RADFS4-01,On,,,OK,,,OK,OK,,,,,,,,8,,16384,,1,1,,,,,,,,172.21.75.43,,,,,,,,,,,,,,,,,,,,,,,,,,,,,,,,,,,,,,,,,,C:\ClusterStorage\FS1-S-HYP-VM-01\S2-P-RADFS4-01,C:\ClusterStorage\FS1-S-HYP-VM-01\S2-P-RADFS4-01,C:\ClusterStorage\FS1-S-HYP-VM-01\S2-P-RADFS4-01,,,,,,,S-HYP-CLTR-01,S-HYP-01,,,,,e643c790-4e8f-4329-9ddb-6968629a3837,,,,,,
T-KUBE-LINUX-WORK-01,On,,,OK,,,OK,OK,,,,,,,,4,,16384,,1,3,,,,,,,,172.21.63.244,,,,,,,,,,,,,,,,,,,,,,,,,,,,,,,,,,,,,,,,,,C:\ClusterStorage\FS1-T-HYP-VM-02\T-KUBE-LINUX-WORK-01\T-KUBE-LINUX-WORK-01,C:\ClusterStorage\FS1-T-HYP-VM-02\T-KUBE-LINUX-WORK-01\T-KUBE-LINUX-WORK-01,C:\ClusterStorage\FS1-T-HYP-VM-02\T-KUBE-LINUX-WORK-01\T-KUBE-LINUX-WORK-01,,,,,,,T-HYP-CLTR-01,T-HYP-01,,,,,030cbfe1-15a8-4041-a86e-01a1ea840326,,,,,,
D-SQL-ALW-02,On,,,OK,,,OK,OK,,,,,,,,8,,32728,,2,5,,,,,,,,172.21.64.65,,,,,,,,,,,,,,,,,,,,,,,,,,,,,,,,,,,,,,,,,,C:\ClusterStorage\FS1-T-SQL-04\D-SQL-ALW-02,C:\ClusterStorage\FS1-T-SQL-04\D-SQL-ALW-02,C:\ClusterStorage\FS1-T-SQL-04\D-SQL-ALW-02,,,,,,,T-HYP-CLTR-01,T-HYP-01,,,,,0d4148cf-f2f7-4411-8168-29243d5a4d5e,,,,,,
T-SQL-ENV-03,On,,,OK,,,OK,OK,,,,,,,,8,,24576,,2,9,,,,,,,,172.21.64.95,,,,,,,,,,,,,,,,,,,,,,,,,,,,,,,,,,,,,,,,,,C:\ClusterStorage\FS1-T-SQL-06\T-SQL-ENV-03\T-SQL-ENV-03,C:\ClusterStorage\FS1-T-SQL-06\T-SQL-ENV-03\T-SQL-ENV-03,C:\ClusterStorage\FS1-T-SQL-06\T-SQL-ENV-03\T-SQL-ENV-03,,,,,,,T-HYP-CLTR-01,T-HYP-01,,,,,1d91d4a1-7b2d-4316-aa69-805335fecc22,,,,,,
T-LB-APP-SRV-02,On,,,OK,,,OK,OK,,,,,,,,4,,4096,,1,1,,,,,,,,172.21.64.116,,,,,,,,,,,,,,,,,,,,,,,,,,,,,,,,,,,,,,,,,,C:\ClusterStorage\FS1-T-HYP-VM-02\T-LB-APP-SRV-02\T-LB-APP-SRV-02,C:\ClusterStorage\FS1-T-HYP-VM-02\T-LB-APP-SRV-02\T-LB-APP-SRV-02,C:\ClusterStorage\FS1-T-HYP-VM-02\T-LB-APP-SRV-02\T-LB-APP-SRV-02,,,,,,,T-HYP-CLTR-01,T-HYP-01,,,,,1e0e6a0b-43e1-452d-ba61-3616ca19246a,,,,,,
T-APP-IA-01,On,,,OK,,,OK,OK,,,,,,,,4,,4096,,1,1,,,,,,,,172.21.64.106,,,,,,,,,,,,,,,,,,,,,,,,,,,,,,,,,,,,,,,,,,C:\ClusterStorage\FS1-T-HYP-VM-01\T-APP-IA-01\T-APP-IA-01,C:\ClusterStorage\FS1-T-HYP-VM-01\T-APP-IA-01\T-APP-IA-01,C:\ClusterStorage\FS1-T-HYP-VM-01\T-APP-IA-01\T-APP-IA-01,,,,,,,T-HYP-CLTR-01,T-HYP-01,,,,,2fef90d0-0162-46c2-9397-d2163d9403bf,,,,,,
T-GRAFANA-01,On,,,OK,,,OK,OK,,,,,,,,2,,8192,,1,1,,,,,,,,172.21.64.92,,,,,,,,,,,,,,,,,,,,,,,,,,,,,,,,,,,,,,,,,,C:\ClusterStorage\FS1-T-HYP-VM-01\T-GRAFANA-01\T-GRAFANA-01,C:\ClusterStorage\FS1-T-HYP-VM-01\T-GRAFANA-01\T-GRAFANA-01,C:\ClusterStorage\FS1-T-HYP-VM-01\T-GRAFANA-01\T-GRAFANA-01,,,,,,,T-HYP-CLTR-01,T-HYP-01,,,,,31c8fd27-40f1-4649-ac20-516c7052a8dd,,,,,,
T-SQL-ENV-02,On,,,OK,,,OK,OK,,,,,,,,8,,24576,,2,13,,,,,,,,172.21.64.97,,,,,,,,,,,,,,,,,,,,,,,,,,,,,,,,,,,,,,,,,,C:\ClusterStorage\FS1-T-SQL-06\T-SQL-ENV-02\T-SQL-ENV-02,C:\ClusterStorage\FS1-T-SQL-06\T-SQL-ENV-02\T-SQL-ENV-02,C:\ClusterStorage\FS1-T-SQL-06\T-SQL-ENV-02\T-SQL-ENV-02,,,,,,,T-HYP-CLTR-01,T-HYP-01,,,,,326b043f-b93d-4179-aae5-4753d56db599,,,,,,
T-SQL-ALW-01,On,,,OK,,,OK,OK,,,,,,,,12,,57344,,2,5,,,,,,,,172.21.64.22,,,,,,,,,,,,,,,,,,,,,,,,,,,,,,,,,,,,,,,,,,C:\ClusterStorage\FS1-T-SQL-01\T-SQL-ALW-01,C:\ClusterStorage\FS1-T-SQL-01\T-SQL-ALW-01,C:\ClusterStorage\FS1-T-SQL-01\T-SQL-ALW-01,,,,,,,T-HYP-CLTR-01,T-HYP-01,,,,,3cd04e2e-e3f5-4520-bf70-c916b3ed4334,,,,,,
T-ARGOS-APP-02,On,,,OK,,,OK,OK,,,,,,,,4,,16384,,1,1,,,,,,,,172.21.64.37,,,,,,,,,,,,,,,,,,,,,,,,,,,,,,,,,,,,,,,,,,C:\ClusterStorage\FS1-T-HYP-VM-01\T-ARGOS-APP-02,C:\ClusterStorage\FS1-T-HYP-VM-01\T-ARGOS-APP-02,C:\ClusterStorage\FS1-T-HYP-VM-01\T-ARGOS-APP-02,,,,,,,T-HYP-CLTR-01,T-HYP-01,,,,,4c44843c-acb9-4b42-9f06-a19aaaba2558,,,,,,
D-OB-HYL-01,On,,,OK,,,OK,OK,,,,,,,,6,,16384,,1,2,,,,,,,,172.21.64.71,,,,,,,,,,,,,,,,,,,,,,,,,,,,,,,,,,,,,,,,,,C:\ClusterStorage\FS1-T-HYP-VM-01\D-OB-HYL-01,C:\ClusterStorage\FS1-T-HYP-VM-01\D-OB-HYL-01,C:\ClusterStorage\FS1-T-HYP-VM-01\D-OB-HYL-01,,,,,,,T-HYP-CLTR-01,T-HYP-01,,,,,72a88e20-3cf5-4b4f-89ad-f9670e79f740,,,,,,
T-APP-IABDD-01,On,,,OK,,,OK,OK,,,,,,,,4,,4096,,1,1,,,,,,,,172.21.64.107,,,,,,,,,,,,,,,,,,,,,,,,,,,,,,,,,,,,,,,,,,C:\ClusterStorage\FS1-T-HYP-VM-01\T-APP-IABDD-01\T-APP-IABDD-01,C:\ClusterStorage\FS1-T-HYP-VM-01\T-APP-IABDD-01\T-APP-IABDD-01,C:\ClusterStorage\FS1-T-HYP-VM-01\T-APP-IABDD-01\T-APP-IABDD-01,,,,,,,T-HYP-CLTR-01,T-HYP-01,,,,,7d5c40d9-fcd9-4b0a-b10e-16bc6b461147,,,,,,
D-ARGOS-APP-02,On,,,OK,,,OK,OK,,,,,,,,4,,16384,,1,1,,,,,,,,172.21.64.38,,,,,,,,,,,,,,,,,,,,,,,,,,,,,,,,,,,,,,,,,,C:\ClusterStorage\FS1-T-HYP-VM-01\D-ARGOS-APP-02,C:\ClusterStorage\FS1-T-HYP-VM-01\D-ARGOS-APP-02,C:\ClusterStorage\FS1-T-HYP-VM-01\D-ARGOS-APP-02,,,,,,,T-HYP-CLTR-01,T-HYP-01,,,,,834b5457-984d-4fea-a81c-557de9085f6b,,,,,,
T-SIMP-01,On,,,OK,,,OK,OK,,,,,,,,4,,8192,,1,1,,,,,,,,172.21.64.60,,,,,,,,,,,,,,,,,,,,,,,,,,,,,,,,,,,,,,,,,,C:\ClusterStorage\FS1-T-HYP-VM-02\T-SIMP-01,C:\ClusterStorage\FS1-T-HYP-VM-02\T-SIMP-01,C:\ClusterStorage\FS1-T-HYP-VM-02\T-SIMP-01,,,,,,,T-HYP-CLTR-01,T-HYP-01,,,,,85906124-acb7-4abc-b442-8604b24eb72c,,,,,,
T-SQL-02,On,,,OK,,,OK,OK,,,,,,,,8,,18432,,2,5,,,,,,,,172.21.64.67,,,,,,,,,,,,,,,,,,,,,,,,,,,,,,,,,,,,,,,,,,C:\ClusterStorage\FS1-T-SQL-01\T-SQL-02,C:\ClusterStorage\FS1-T-SQL-01\T-SQL-02,C:\ClusterStorage\FS1-T-SQL-01\T-SQL-02,,,,,,,T-HYP-CLTR-01,T-HYP-01,,,,,955e7e22-0270-4d11-a89a-66ba65908730,,,,,,
T-PBI-01,On,,,OK,,,OK,OK,,,,,,,,4,,16384,,1,1,,,,,,,,172.21.64.20,,,,,,,,,,,,,,,,,,,,,,,,,,,,,,,,,,,,,,,,,,C:\ClusterStorage\FS1-T-HYP-VM-01\T-PBI-01,C:\ClusterStorage\FS1-T-HYP-VM-01\T-PBI-01,C:\ClusterStorage\FS1-T-HYP-VM-01\T-PBI-01,,,,,,,T-HYP-CLTR-01,T-HYP-01,,,,,a3e96954-a1eb-4df8-afea-e97455603bbb,,,,,,
T-RPA-02,On,,,OK,,,OK,OK,,,,,,,,8,,32768,,1,1,,,,,,,,172.21.64.47,,,,,,,,,,,,,,,,,,,,,,,,,,,,,,,,,,,,,,,,,,C:\ClusterStorage\FS1-T-HYP-VM-02\T-RPA-02,C:\ClusterStorage\FS1-T-HYP-VM-02\T-RPA-02,C:\ClusterStorage\FS1-T-HYP-VM-02\T-RPA-02,,,,,,,T-HYP-CLTR-01,T-HYP-01,,,,,a86445c3-3934-47ec-bb0c-171b6654a0c7,,,,,,
T-APP-CICD-01,On,,,OK,,,OK,OK,,,,,,,,2,,4096,,1,1,,,,,,,,172.21.65.80,,,,,,,,,,,,,,,,,,,,,,,,,,,,,,,,,,,,,,,,,,C:\ClusterStorage\FS1-T-HYP-VM-02\D-KUBERNETS-01\D-KUBERNETS-01,C:\ClusterStorage\FS1-T-HYP-VM-02\D-KUBERNETS-01\D-KUBERNETS-01,C:\ClusterStorage\FS1-T-HYP-VM-02\D-KUBERNETS-01\D-KUBERNETS-01,,,,,,,T-HYP-CLTR-01,T-HYP-01,,,,,bcb31778-b1b8-464e-9e68-270e36cfe16c,,,,,,
T-DCK-WIN-01,On,,,OK,,,OK,OK,,,,,,,,4,,4096,,1,1,,,,,,,,172.21.64.110,,,,,,,,,,,,,,,,,,,,,,,,,,,,,,,,,,,,,,,,,,C:\ClusterStorage\FS1-T-HYP-VM-02\T-DCK-WIN-01\T-DCK-WIN-01,C:\ClusterStorage\FS1-T-HYP-VM-02\T-DCK-WIN-01\T-DCK-WIN-01,C:\ClusterStorage\FS1-T-HYP-VM-02\T-DCK-WIN-01\T-DCK-WIN-01,,,,,,,T-HYP-CLTR-01,T-HYP-01,,,,,c1c0ef8c-e3e4-4e1f-8213-238e48e3f9c6,,,,,,
T-HUBPROD-01,On,,,OK,,,OK,OK,,,,,,,,4,,16416,,1,1,,,,,,,,172.21.64.58,,,,,,,,,,,,,,,,,,,,,,,,,,,,,,,,,,,,,,,,,,C:\ClusterStorage\FS1-T-HYP-VM-01\T-HUBPROD-01,C:\ClusterStorage\FS1-T-HYP-VM-01\T-HUBPROD-01,C:\ClusterStorage\FS1-T-HYP-VM-01\T-HUBPROD-01,,,,,,,T-HYP-CLTR-01,T-HYP-01,,,,,c3a91594-ce3c-463a-b14a-c32961693144,,,,,,
T-SQL-ENV-04,On,,,OK,,,OK,OK,,,,,,,,8,,24576,,2,9,,,,,,,,172.21.64.98,,,,,,,,,,,,,,,,,,,,,,,,,,,,,,,,,,,,,,,,,,C:\ClusterStorage\FS1-T-SQL-06\T-SQL-ENV-04\T-SQL-ENV-04,C:\ClusterStorage\FS1-T-SQL-06\T-SQL-ENV-04\T-SQL-ENV-04,C:\ClusterStorage\FS1-T-SQL-06\T-SQL-ENV-04\T-SQL-ENV-04,,,,,,,T-HYP-CLTR-01,T-HYP-01,,,,,cf6c7c69-6fae-4781-bad1-e86597849112,,,,,,
T-KUBE-WORK-01,On,,,OK,,,OK,OK,,,,,,,,4,,8192,,1,2,,,,,,,,172.21.63.246,,,,,,,,,,,,,,,,,,,,,,,,,,,,,,,,,,,,,,,,,,C:\ClusterStorage\FS1-T-HYP-VM-02\T-APP-KUBERNETES-WORKER-03\T-APP-KUBERNETES-WORKER-03,C:\ClusterStorage\FS1-T-HYP-VM-02\T-APP-KUBERNETES-WORKER-03\T-APP-KUBERNETES-WORKER-03,C:\ClusterStorage\FS1-T-HYP-VM-02\T-APP-KUBERNETES-WORKER-03\T-APP-KUBERNETES-WORKER-03,,,,,,,T-HYP-CLTR-01,T-HYP-01,,,,,e70144d1-1b26-409c-bd54-aa4728f53e05,,,,,,
T-FILE-LC-02,On,,,OK,,,OK,OK,,,,,,,,8,,16384,,2,4,,,,,,,,172.21.64.46,,,,,,,,,,,,,,,,,,,,,,,,,,,,,,,,,,,,,,,,,,C:\ClusterStorage\FS1-T-HYP-VM-02\T-FILE-LC-02,C:\ClusterStorage\FS1-T-HYP-VM-02\T-FILE-LC-02,C:\ClusterStorage\FS1-T-HYP-VM-02\T-FILE-LC-02,,,,,,,T-HYP-CLTR-01,T-HYP-01,,,,,ec69fd89-3de5-4025-897b-59f4531ad347,,,,,,
T-APP-IASRV-01,On,,,OK,,,OK,OK,,,,,,,,4,,8192,,1,2,,,,,,,,172.21.64.108,,,,,,,,,,,,,,,,,,,,,,,,,,,,,,,,,,,,,,,,,,C:\ClusterStorage\FS1-T-HYP-VM-02\T-APP-IASRV-01\T-APP-IASRV-01,C:\ClusterStorage\FS1-T-HYP-VM-02\T-APP-IASRV-01\T-APP-IASRV-01,C:\ClusterStorage\FS1-T-HYP-VM-02\T-APP-IASRV-01\T-APP-IASRV-01,,,,,,,T-HYP-CLTR-01,T-HYP-03,,,,,42cca25a-1c35-4efb-896d-591a63c0172c,,,,,,
T-SQL-ENV-01,On,,,OK,,,OK,OK,,,,,,,,8,,24576,,2,13,,,,,,,,172.21.64.93,,,,,,,,,,,,,,,,,,,,,,,,,,,,,,,,,,,,,,,,,,C:\ClusterStorage\FS1-T-SQL-06\T-SQL-ENV-01\T-SQL-ENV-01,C:\ClusterStorage\FS1-T-SQL-06\T-SQL-ENV-01\T-SQL-ENV-01,C:\ClusterStorage\FS1-T-SQL-06\T-SQL-ENV-01\T-SQL-ENV-01,,,,,,,T-HYP-CLTR-01,T-HYP-03,,,,,9143e3c5-5fa6-4d82-9858-6404b2b11266,,,,,,
T-FORTI-01,Off,,,OK,,,,,,,,,,,,4,,4096,,2,2,,,,,,,,,,,,,,,,,,,,,,,,,,,,,,,,,,,,,,,,,,,,,,,,,,C:\ClusterStorage\FS1-T-HYP-VM-02\T-FORTI-01\T-FORTI-01,C:\ClusterStorage\FS1-T-HYP-VM-02\T-FORTI-01\T-FORTI-01,C:\ClusterStorage\FS1-T-HYP-VM-02\T-FORTI-01\T-FORTI-01,,,,,,,T-HYP-CLTR-01,T-HYP-03,,,,,9ce74e99-2ad3-427e-bd3a-713d1517065f,,,,,,
T-LB-APP-SRV-01,On,,,OK,,,OK,OK,,,,,,,,4,,4096,,1,1,,,,,,,,172.21.64.115,,,,,,,,,,,,,,,,,,,,,,,,,,,,,,,,,,,,,,,,,,C:\ClusterStorage\FS1-T-HYP-VM-02\T-LB-APP-SRV-01\T-LB-APP-SRV-01,C:\ClusterStorage\FS1-T-HYP-VM-02\T-LB-APP-SRV-01\T-LB-APP-SRV-01,C:\ClusterStorage\FS1-T-HYP-VM-02\T-LB-APP-SRV-01\T-LB-APP-SRV-01,,,,,,,T-HYP-CLTR-01,T-HYP-03,,,,,aa7e9cf6-1654-4364-88bc-975f1c5d1902,,,,,,
T-APP-GITLAB-01,On,,,OK,,,OK,OK,,,,,,,,4,,4096,,1,1,,,,,,,,172.21.64.68,,,,,,,,,,,,,,,,,,,,,,,,,,,,,,,,,,,,,,,,,,C:\ClusterStorage\FS1-T-HYP-VM-02\T-APP-GITLAB-01\T-APP-GITLAB-01,C:\ClusterStorage\FS1-T-HYP-VM-02\T-APP-GITLAB-01\T-APP-GITLAB-01,C:\ClusterStorage\FS1-T-HYP-VM-02\T-APP-GITLAB-01\T-APP-GITLAB-01,,,,,,,T-HYP-CLTR-01,T-HYP-03,,,,,e2994d01-9063-4ae6-af61-a3059c9e7949,,,,,,
T-KUBE-LINUX-WORK-02,On,,,OK,,,OK,OK,,,,,,,,4,,16384,,1,3,,,,,,,,172.21.63.245,,,,,,,,,,,,,,,,,,,,,,,,,,,,,,,,,,,,,,,,,,C:\ClusterStorage\FS1-T-HYP-VM-02\T-KUBE-LINUX-WORK-02\T-KUBE-LINUX-WORK-02,C:\ClusterStorage\FS1-T-HYP-VM-02\T-KUBE-LINUX-WORK-02\T-KUBE-LINUX-WORK-02,C:\ClusterStorage\FS1-T-HYP-VM-02\T-KUBE-LINUX-WORK-02\T-KUBE-LINUX-WORK-02,,,,,,,T-HYP-CLTR-01,T-HYP-03,,,,,f22a0a35-3081-41e4-a16d-19b5be1a59d3,,,,,,
P-DL-GTW-01,On,,,OK,,,OK,OK,,,,,,,,4,,16384,,1,1,,,,,,,,172.21.74.171,,,,,,,,,,,,,,,,,,,,,,,,,,,,,,,,,,,,,,,,,,C:\ClusterStorage\FS1-P-HYP-VM-02\P-DL-GTW-01\P-DL-GTW-01,C:\ClusterStorage\FS1-P-HYP-VM-02\P-DL-GTW-01\P-DL-GTW-01,C:\ClusterStorage\FS1-P-HYP-VM-02\P-DL-GTW-01\P-DL-GTW-01,,,,,,,P-HYP-CLTR-01,P-HYP-01,,,,,13bc043c-9284-438e-92fa-342062fcea67,,,,,,
P-RDS-SHOST-01,On,,,OK,,,OK,OK,,,,,,,,8,,24576,,1,1,,,,,,,,172.21.74.144,,,,,,,,,,,,,,,,,,,,,,,,,,,,,,,,,,,,,,,,,,C:\ClusterStorage\FS1-P-HYP-VM-06\P-RDS-SHOST-01,C:\ClusterStorage\FS1-P-HYP-VM-06\P-RDS-SHOST-01,C:\ClusterStorage\FS1-P-HYP-VM-06\P-RDS-SHOST-01,,,,,,,P-HYP-CLTR-01,P-HYP-01,,,,,1c7a11e0-aa25-4147-a572-56f85803abfc,,,,,,
P-AD-DS-03,On,,,OK,,,OK,OK,,,,,,,,8,,24576,,1,1,,,,,,,,172.21.75.4,,,,,,,,,,,,,,,,,,,,,,,,,,,,,,,,,,,,,,,,,,C:\ClusterStorage\FS1-P-HYP-VM-01\p-ad-ds-03\P-AD-DS-03,C:\ClusterStorage\FS1-P-HYP-VM-01\p-ad-ds-03\P-AD-DS-03,C:\ClusterStorage\FS1-P-HYP-VM-01\p-ad-ds-03\P-AD-DS-03,,,,,,,P-HYP-CLTR-01,P-HYP-01,,,,,1eca5fda-1780-4207-899f-9175919d9417,,,,,,
P-CRM-APP-01,On,,,OK,,,OK,OK,,,,,,,,8,,24576,,1,1,,,,,,,,172.21.75.187,,,,,,,,,,,,,,,,,,,,,,,,,,,,,,,,,,,,,,,,,,C:\ClusterStorage\FS1-P-HYP-VM-07\P-CRM-APP-01,C:\ClusterStorage\FS1-P-HYP-VM-07\P-CRM-APP-01,C:\ClusterStorage\FS1-P-HYP-VM-07\P-CRM-APP-01,,,,,,,P-HYP-CLTR-01,P-HYP-01,,,,,336d4f67-5d62-417b-9fd9-7ad2b0aa7880,,,,,,
P-ACC-FEN-02,On,,,OK,,,OK,OK,,,,,,,,8,,16384,,1,1,,,,,,,,172.21.74.86,,,,,,,,,,,,,,,,,,,,,,,,,,,,,,,,,,,,,,,,,,C:\ClusterStorage\FS1-P-HYP-VM-06\P-ACC-FEN-02\P-ACC-FEN-02,C:\ClusterStorage\FS1-P-HYP-VM-06\P-ACC-FEN-02\P-ACC-FEN-02,C:\ClusterStorage\FS1-P-HYP-VM-06\P-ACC-FEN-02\P-ACC-FEN-02,,,,,,,P-HYP-CLTR-01,P-HYP-01,,,,,35ac4245-ebca-4b9a-94e0-4cdc4268328a,,,,,,
P-GP-NOMINA-02,On,,,OK,,,OK,OK,,,,,,,,4,,16384,,1,1,,,,,,,,172.21.80.12,,,,,,,,,,,,,,,,,,,,,,,,,,,,,,,,,,,,,,,,,,C:\ClusterStorage\FS1-P-HYP-VM-09\P-GP-NOMINA-02,C:\ClusterStorage\FS1-P-HYP-VM-09\P-GP-NOMINA-02,C:\ClusterStorage\FS1-P-HYP-VM-09\P-GP-NOMINA-02,,,,,,,P-HYP-CLTR-01,P-HYP-01,,,,,3a07cfc1-cd84-4d2b-9a5c-1c11047f6df5,,,,,,
P-SDNS-04,Off,,,OK,,,,,,,,,,,,4,,8192,,2,1,,,,,,,,,,,,,,,,,,,,,,,,,,,,,,,,,,,,,,,,,,,,,,,,,,C:\ClusterStorage\FS1-P-HYP-VM-02\P-DNS-EXT-02\P-DNS-EXT-02,C:\ClusterStorage\FS1-P-HYP-VM-02\P-DNS-EXT-02\P-DNS-EXT-02,C:\ClusterStorage\FS1-P-HYP-VM-02\P-DNS-EXT-02\P-DNS-EXT-02,,,,,,,P-HYP-CLTR-01,P-HYP-01,,,,,4aca5fd9-4b62-4093-b702-9803d269c797,,,,,,
P-APP-IABDD-01,On,,,OK,,,OK,OK,,,,,,,,4,,16384,,1,1,,,,,,,,172.21.74.169,,,,,,,,,,,,,,,,,,,,,,,,,,,,,,,,,,,,,,,,,,C:\ClusterStorage\FS1-P-HYP-VM-06\P-APP-IABDD-01\P-APP-IABDD-01,C:\ClusterStorage\FS1-P-HYP-VM-06\P-APP-IABDD-01\P-APP-IABDD-01,C:\ClusterStorage\FS1-P-HYP-VM-06\P-APP-IABDD-01\P-APP-IABDD-01,,,,,,,P-HYP-CLTR-01,P-HYP-01,,,,,56218d4a-83a7-470c-9a62-e0dfdf101bdf,,,,,,
P-APP-IA-01,On,,,OK,,,OK,OK,,,,,,,,4,,16384,,1,1,,,,,,,,172.21.74.168,,,,,,,,,,,,,,,,,,,,,,,,,,,,,,,,,,,,,,,,,,C:\ClusterStorage\FS1-P-HYP-VM-06\P-APP-IA-01\P-APP-IA-01,C:\ClusterStorage\FS1-P-HYP-VM-06\P-APP-IA-01\P-APP-IA-01,C:\ClusterStorage\FS1-P-HYP-VM-06\P-APP-IA-01\P-APP-IA-01,,,,,,,P-HYP-CLTR-01,P-HYP-01,,,,,674b5df0-8a9e-45bb-8462-ae4bb6243505,,,,,,
P-OB-WEB-02,On,,,OK,,,OK,OK,,,,,,,,6,,16384,,1,2,,,,,,,,172.21.74.76,,,,,,,,,,,,,,,,,,,,,,,,,,,,,,,,,,,,,,,,,,C:\ClusterStorage\FS1-P-HYP-VM-07\P-OB-WEB-02,C:\ClusterStorage\FS1-P-HYP-VM-07\P-OB-WEB-02,C:\ClusterStorage\FS1-P-HYP-VM-07\P-OB-WEB-02,,,,,,,P-HYP-CLTR-01,P-HYP-01,,,,,6fbc7ed6-5622-4480-97f4-098008508d21,,,,,,
P-ISE-01,On,,,OK,,,OK,OK,,,,,,,,24,,98304,,1,1,,,,,,,,172.21.21.249,,,,,,,,,,,,,,,,,,,,,,,,,,,,,,,,,,,,,,,,,,C:\ClusterStorage\FS1-P-HYP-VM-01\P-ISE-01\P-ISE-01,C:\ClusterStorage\FS1-P-HYP-VM-01\P-ISE-01\P-ISE-01,C:\ClusterStorage\FS1-P-HYP-VM-01\P-ISE-01\P-ISE-01,,,,,,,P-HYP-CLTR-01,P-HYP-01,,,,,71f4ceea-716e-44da-91fb-753287396f80,,,,,,
P-PBI-01,On,,,OK,,,OK,OK,,,,,,,,8,,16384,,1,1,,,,,,,,172.21.75.168,,,,,,,,,,,,,,,,,,,,,,,,,,,,,,,,,,,,,,,,,,C:\ClusterStorage\FS1-P-HYP-VM-04\P-PBI-01,C:\ClusterStorage\FS1-P-HYP-VM-04\P-PBI-01,C:\ClusterStorage\FS1-P-HYP-VM-04\P-PBI-01,,,,,,,P-HYP-CLTR-01,P-HYP-01,,,,,723f5d5c-cf97-4c99-b49e-6f74f2f9e460,,,,,,
P-SEG-ACC-01,On,,,OK,,,OK,OK,,,,,,,,4,,16384,,1,2,,,,,,,,172.21.75.120,,,,,,,,,,,,,,,,,,,,,,,,,,,,,,,,,,,,,,,,,,C:\ClusterStorage\FS1-P-HYP-VM-08\P-SEG-ACC-01,C:\ClusterStorage\FS1-P-HYP-VM-08\P-SEG-ACC-01,C:\ClusterStorage\FS1-P-HYP-VM-08\P-SEG-ACC-01,,,,,,,P-HYP-CLTR-01,P-HYP-01,,,,,7a551320-576c-4413-9a96-f3468f052b06,,,,,,
P-XTRM-NAC-01,On,,,OK,,,OK,OK,,,,,,,,16,,32768,,2,2,,,,,,,,,,,,,,,,,,,,,,,,,,,,,,,,,,,,,,,,,,,,,,,,,,C:\ClusterStorage\FS1-P-HYP-VM-06\P-XTRM-NA-01,C:\ClusterStorage\FS1-P-HYP-VM-06\P-XTRM-NA-01,C:\ClusterStorage\FS1-P-HYP-VM-06\P-XTRM-NA-01,,,,,,,P-HYP-CLTR-01,P-HYP-01,,,,,7e316fd4-b519-4acc-9ae1-0fa2cc5d5754,,,,,,
P-SQL-ALW-05,On,,,OK,,,OK,OK,,,,,,,,12,,73728,,2,9,,,,,,,,172.21.74.71,,,,,,,,,,,,,,,,,,,,,,,,,,,,,,,,,,,,,,,,,,C:\ClusterStorage\FS1-HYP-SQL-05\P-SQL-ALW-05,C:\ClusterStorage\FS1-HYP-SQL-05\P-SQL-ALW-05,C:\ClusterStorage\FS1-HYP-SQL-05\P-SQL-ALW-05,,,,,,,P-HYP-CLTR-01,P-HYP-01,,,,,8a3deb3c-7623-45a2-9d47-36cc9d248b3b,,,,,,
P-WS-INT-01,On,,,OK,,,OK,OK,,,,,,,,8,,16384,,1,1,,,,,,,,172.21.74.57,,,,,,,,,,,,,,,,,,,,,,,,,,,,,,,,,,,,,,,,,,C:\ClusterStorage\FS1-P-HYP-VM-09\P-WS-INT-01,C:\ClusterStorage\FS1-P-HYP-VM-09\P-WS-INT-01,C:\ClusterStorage\FS1-P-HYP-VM-09\P-WS-INT-01,,,,,,,P-HYP-CLTR-01,P-HYP-01,,,,,93be933c-bcbd-4180-8b1e-8073c4bb93ca,,,,,,
P-RDS-GTW-01,On,,,OK,,,OK,OK,,,,,,,,8,,16384,,1,1,,,,,,,,172.21.74.141,,,,,,,,,,,,,,,,,,,,,,,,,,,,,,,,,,,,,,,,,,C:\ClusterStorage\FS1-P-HYP-VM-06\P-RDS-GTW-01,C:\ClusterStorage\FS1-P-HYP-VM-06\P-RDS-GTW-01,C:\ClusterStorage\FS1-P-HYP-VM-06\P-RDS-GTW-01,,,,,,,P-HYP-CLTR-01,P-HYP-01,,,,,960279a4-023f-47c0-be22-ff4a7763a221,,,,,,
P-SCHEDULE-01,On,,,OK,,,OK,OK,,,,,,,,2,,8192,,1,1,,,,,,,,172.21.75.47,,,,,,,,,,,,,,,,,,,,,,,,,,,,,,,,,,,,,,,,,,C:\ClusterStorage\FS1-P-HYP-VM-09\P-SCHEDULE-01,C:\ClusterStorage\FS1-P-HYP-VM-09\P-SCHEDULE-01,C:\ClusterStorage\FS1-P-HYP-VM-09\P-SCHEDULE-01,,,,,,,P-HYP-CLTR-01,P-HYP-01,,,,,978b39ba-89a4-464d-8168-98e71a4d6e00,,,,,,
P-SQL-ALW-B2,Off,,,OK,,,,,,,,,,,,24,,98304,,2,1,,,,,,,,,,,,,,,,,,,,,,,,,,,,,,,,,,,,,,,,,,,,,,,,,,C:\ClusterStorage\FS1-HYP-SQL-04\P-SQL-ALW-B2,C:\ClusterStorage\FS1-HYP-SQL-04\P-SQL-ALW-B2,C:\ClusterStorage\FS1-HYP-SQL-04\P-SQL-ALW-B2,,,,,,,P-HYP-CLTR-01,P-HYP-01,,,,,bda0d98b-1b95-427d-bd84-b9477e79ebd6,,,,,,
P-DHCP-03,On,,,OK,,,OK,OK,,,,,,,,4,,12288,,1,1,,,,,,,,172.21.77.11,,,,,,,,,,,,,,,,,,,,,,,,,,,,,,,,,,,,,,,,,,C:\ClusterStorage\FS1-P-HYP-VM-02\P-DHCP-03\P-DHCP-03,C:\ClusterStorage\FS1-P-HYP-VM-02\P-DHCP-03\P-DHCP-03,C:\ClusterStorage\FS1-P-HYP-VM-02\P-DHCP-03\P-DHCP-03,,,,,,,P-HYP-CLTR-01,P-HYP-01,,,,,be4c3274-633a-4963-9c2b-8a6490d79883,,,,,,
P-SQL-ALW-03,On,,,OK,,,OK,OK,,,,,,,,24,,98304,,2,12,,,,,,,,172.21.86.13,,,,,,,,,,,,,,,,,,,,,,,,,,,,,,,,,,,,,,,,,,C:\ClusterStorage\FS1-HYP-SQL-03\P-SQL-ALW-03,C:\ClusterStorage\FS1-HYP-SQL-03\P-SQL-ALW-03,C:\ClusterStorage\FS1-HYP-SQL-03\P-SQL-ALW-03,,,,,,,P-HYP-CLTR-01,P-HYP-01,,,,,c809deb9-9fe9-4d46-9839-586fa513abf6,,,,,,
P-OB-HYL-01,On,,,OK,,,OK,OK,,,,,,,,10,,24576,,1,2,,,,,,,,172.21.74.167,,,,,,,,,,,,,,,,,,,,,,,,,,,,,,,,,,,,,,,,,,C:\ClusterStorage\FS1-P-HYP-VM-07\P-OB-HYL-01,C:\ClusterStorage\FS1-P-HYP-VM-07\P-OB-HYL-01,C:\ClusterStorage\FS1-P-HYP-VM-07\P-OB-HYL-01,,,,,,,P-HYP-CLTR-01,P-HYP-01,,,,,cbc0b9c6-dcfa-417e-8e7a-f3550c94a1c9,,,,,,
P-SDNS-02,On,,,OK,,,OK,OK,,,,,,,,4,,8192,,2,1,,,,,,,,172.21.75.199,,,,,,,,,,,,,,,,,,,,,,,,,,,,,,,,,,,,,,,,,,C:\ClusterStorage\FS1-P-HYP-VM-02\P-DNS-EXT-01\P-DNS-EXT-01,C:\ClusterStorage\FS1-P-HYP-VM-02\P-DNS-EXT-01\P-DNS-EXT-01,C:\ClusterStorage\FS1-P-HYP-VM-02\P-DNS-EXT-01\P-DNS-EXT-01,,,,,,,P-HYP-CLTR-01,P-HYP-01,,,,,e404fbd2-64f8-419d-9036-f7a2facfc395,,,,,,
P-SQL-ALW-B1,Off,,,OK,,,,,,,,,,,,1,,98304,,2,1,,,,,,,,,,,,,,,,,,,,,,,,,,,,,,,,,,,,,,,,,,,,,,,,,,C:\ClusterStorage\FS1-HYP-SQL-03\P-SQL-ALW-B1,C:\ClusterStorage\FS1-HYP-SQL-03\P-SQL-ALW-B1,C:\ClusterStorage\FS1-HYP-SQL-03\P-SQL-ALW-B1,,,,,,,P-HYP-CLTR-01,P-HYP-01,,,,,f16d1720-3de1-4f3e-9247-6dcaed8b64e5,,,,,,
P-ACC-FE-01,On,,,OK,,,OK,OK,,,,,,,,8,,16384,,1,1,,,,,,,,172.21.75.121,,,,,,,,,,,,,,,,,,,,,,,,,,,,,,,,,,,,,,,,,,C:\ClusterStorage\FS1-P-HYP-VM-01\P-ACC-FE-01,C:\ClusterStorage\FS1-P-HYP-VM-01\P-ACC-FE-01,C:\ClusterStorage\FS1-P-HYP-VM-01\P-ACC-FE-01,,,,,,,P-HYP-CLTR-01,P-HYP-01,,,,,fdead5a6-85e8-4f1f-a554-60ea0353ec8e,,,,,,
D-OB-APP-01,On,,,OK,,,OK,OK,,,,,,,,6,,16384,,1,2,,,,,,,,172.21.64.70,,,,,,,,,,,,,,,,,,,,,,,,,,,,,,,,,,,,,,,,,,C:\ClusterStorage\FS1-T-HYP-VM-02\D-OB-APP-01,C:\ClusterStorage\FS1-T-HYP-VM-02\D-OB-APP-01,C:\ClusterStorage\FS1-T-HYP-VM-02\D-OB-APP-01,,,,,,,T-HYP-CLTR-01,T-HYP-02,,,,,1ab50452-3374-4ef4-8fca-6c4ccfd761ad,,,,,,
T-MDWARE-APP-01,On,,,OK,,,OK,OK,,,,,,,,4,,8192,,1,2,,,,,,,,172.21.80.74,,,,,,,,,,,,,,,,,,,,,,,,,,,,,,,,,,,,,,,,,,C:\ClusterStorage\FS1-T-HYP-VM-01\T-MDWARE-APP-01\T-MDWARE-APP-01,C:\ClusterStorage\FS1-T-HYP-VM-01\T-MDWARE-APP-01\T-MDWARE-APP-01,C:\ClusterStorage\FS1-T-HYP-VM-01\T-MDWARE-APP-01\T-MDWARE-APP-01,,,,,,,T-HYP-CLTR-01,T-HYP-02,,,,,2830793e-057d-4f2b-8f93-44f1d6f7ee77,,,,,,
T-THALES-01,Off,,,OK,,,,,,,,,,,,12,,24576,,1,1,,,,,,,,,,,,,,,,,,,,,,,,,,,,,,,,,,,,,,,,,,,,,,,,,,C:\ClusterStorage\FS1-T-HYP-VM-01\T-THALES-SEG-01\T-THALES-SEG-01,C:\ClusterStorage\FS1-T-HYP-VM-01\T-THALES-SEG-01\T-THALES-SEG-01,C:\ClusterStorage\FS1-T-HYP-VM-01\T-THALES-SEG-01\T-THALES-SEG-01,,,,,,,T-HYP-CLTR-01,T-HYP-02,,,,,2b849064-7c42-434d-bbe6-d04f859db44d,,,,,,
T-WS-EXT-01,On,,,OK,,,OK,OK,,,,,,,,8,,16384,,1,1,,,,,,,,172.21.64.86,,,,,,,,,,,,,,,,,,,,,,,,,,,,,,,,,,,,,,,,,,C:\ClusterStorage\FS1-T-HYP-VM-02\T-WS-EXT-01,C:\ClusterStorage\FS1-T-HYP-VM-02\T-WS-EXT-01,C:\ClusterStorage\FS1-T-HYP-VM-02\T-WS-EXT-01,,,,,,,T-HYP-CLTR-01,T-HYP-02,,,,,2ea2ccfc-a42b-4868-b86d-3895d4a352e8,,,,,,
T-KUBE-MASTER-01,On,,,OK,,,OK,OK,,,,,,,,4,,8192,,1,2,,,,,,,,172.21.64.111,,,,,,,,,,,,,,,,,,,,,,,,,,,,,,,,,,,,,,,,,,C:\ClusterStorage\FS1-T-HYP-VM-01\T-KUBE-MASTER-01\T-KUBE-MASTER-01,C:\ClusterStorage\FS1-T-HYP-VM-01\T-KUBE-MASTER-01\T-KUBE-MASTER-01,C:\ClusterStorage\FS1-T-HYP-VM-01\T-KUBE-MASTER-01\T-KUBE-MASTER-01,,,,,,,T-HYP-CLTR-01,T-HYP-02,,,,,421236ac-1ebc-4b63-9bfa-a619e5851ca6,,,,,,
T-CRM-WEB-01,On,,,OK,,,OK,OK,,,,,,,,6,,20480,,1,1,,,,,,,,172.21.64.51,,,,,,,,,,,,,,,,,,,,,,,,,,,,,,,,,,,,,,,,,,C:\ClusterStorage\FS1-T-HYP-VM-01\T-CRM-WEB-01,C:\ClusterStorage\FS1-T-HYP-VM-01\T-CRM-WEB-01,C:\ClusterStorage\FS1-T-HYP-VM-01\T-CRM-WEB-01,,,,,,,T-HYP-CLTR-01,T-HYP-02,,,,,574e2981-76f7-41d2-8d8b-80c933bc9245,,,,,,
D-SQL-ALW-01,On,,,OK,,,OK,OK,,,,,,,,8,,32728,,2,5,,,,,,,,172.21.64.66,,,,,,,,,,,,,,,,,,,,,,,,,,,,,,,,,,,,,,,,,,C:\ClusterStorage\FS1-T-SQL-03\D-SQL-ALW-01,C:\ClusterStorage\FS1-T-SQL-03\D-SQL-ALW-01,C:\ClusterStorage\FS1-T-SQL-03\D-SQL-ALW-01,,,,,,,T-HYP-CLTR-01,T-HYP-02,,,,,681ca870-bd90-481f-9ac4-c5410f5547df,,,,,,
T-RPA-01,On,,,OK,,,OK,OK,,,,,,,,8,,32768,,1,1,,,,,,,,172.21.64.48,,,,,,,,,,,,,,,,,,,,,,,,,,,,,,,,,,,,,,,,,,C:\ClusterStorage\FS1-T-HYP-VM-02\T-RPA-01,C:\ClusterStorage\FS1-T-HYP-VM-02\T-RPA-01,C:\ClusterStorage\FS1-T-HYP-VM-02\T-RPA-01,,,,,,,T-HYP-CLTR-01,T-HYP-02,,,,,79be90d6-05d8-4763-8d42-6d5a47cc9857,,,,,,
T-FILE-LC-01,On,,,OK,,,OK,OK,,,,,,,,8,,16384,,2,4,,,,,,,,172.21.64.53,,,,,,,,,,,,,,,,,,,,,,,,,,,,,,,,,,,,,,,,,,C:\ClusterStorage\FS1-T-HYP-VM-02\T-FILE-LC-01,C:\ClusterStorage\FS1-T-HYP-VM-02\T-FILE-LC-01,C:\ClusterStorage\FS1-T-HYP-VM-02\T-FILE-LC-01,,,,,,,T-HYP-CLTR-01,T-HYP-02,,,,,7b8527d7-9e33-4330-8350-feda5983243b,,,,,,
T-GP-NOMINA-01,On,,,OK,,,OK,OK,,,,,,,,4,,20480,,1,1,,,,,,,,172.21.80.67,,,,,,,,,,,,,,,,,,,,,,,,,,,,,,,,,,,,,,,,,,C:\ClusterStorage\FS1-T-HYP-VM-01\T-GP-NOMINA-01,C:\ClusterStorage\FS1-T-HYP-VM-01\T-GP-NOMINA-01,C:\ClusterStorage\FS1-T-HYP-VM-01\T-GP-NOMINA-01,,,,,,,T-HYP-CLTR-01,T-HYP-02,,,,,7ca93fa6-384e-410d-8522-ba081b819304,,,,,,
T-CRM-APP-01,On,,,OK,,,OK,OK,,,,,,,,6,,26624,,1,1,,,,,,,,172.21.64.50,,,,,,,,,,,,,,,,,,,,,,,,,,,,,,,,,,,,,,,,,,C:\ClusterStorage\FS1-T-HYP-VM-02\T-CRM-APP-01,C:\ClusterStorage\FS1-T-HYP-VM-02\T-CRM-APP-01,C:\ClusterStorage\FS1-T-HYP-VM-02\T-CRM-APP-01,,,,,,,T-HYP-CLTR-01,T-HYP-02,,,,,9494cdf0-3571-491f-8c2b-b76b6b03cec3,,,,,,
T-KUBE-MASTER-02,On,,,OK,,,OK,OK,,,,,,,,4,,8192,,1,2,,,,,,,,172.21.64.112,,,,,,,,,,,,,,,,,,,,,,,,,,,,,,,,,,,,,,,,,,C:\ClusterStorage\FS1-T-HYP-VM-01\T-KUBE-MASTER-02\T-KUBE-MASTER-02,C:\ClusterStorage\FS1-T-HYP-VM-01\T-KUBE-MASTER-02\T-KUBE-MASTER-02,C:\ClusterStorage\FS1-T-HYP-VM-01\T-KUBE-MASTER-02\T-KUBE-MASTER-02,,,,,,,T-HYP-CLTR-01,T-HYP-02,,,,,b408aca6-63cb-4288-a036-2816d7320e48,,,,,,
D-OB-WEB-01,On,,,OK,,,OK,OK,,,,,,,,6,,16384,,1,2,,,,,,,,172.21.64.72,,,,,,,,,,,,,,,,,,,,,,,,,,,,,,,,,,,,,,,,,,C:\ClusterStorage\FS1-T-HYP-VM-02\D-OB-WEB-01,C:\ClusterStorage\FS1-T-HYP-VM-02\D-OB-WEB-01,C:\ClusterStorage\FS1-T-HYP-VM-02\D-OB-WEB-01,,,,,,,T-HYP-CLTR-01,T-HYP-02,,,,,baba6eda-5821-46f9-82b1-d66b92381aab,,,,,,
T-SQL-ALW-02,On,,,OK,,,OK,OK,,,,,,,,12,,57344,,2,5,,,,,,,,172.21.64.23,,,,,,,,,,,,,,,,,,,,,,,,,,,,,,,,,,,,,,,,,,C:\ClusterStorage\FS1-T-SQL-02\T-SQL-ALW-02,C:\ClusterStorage\FS1-T-SQL-02\T-SQL-ALW-02,C:\ClusterStorage\FS1-T-SQL-02\T-SQL-ALW-02,,,,,,,T-HYP-CLTR-01,T-HYP-02,,,,,c2128716-1cc3-499f-965c-9b5e1fa7fd83,,,,,,
T-MDWARE-BDD-01,On,,,OK,,,OK,OK,,,,,,,,4,,4096,,1,2,,,,,,,,172.21.80.75,,,,,,,,,,,,,,,,,,,,,,,,,,,,,,,,,,,,,,,,,,C:\ClusterStorage\FS1-T-HYP-VM-01\T-MDWARE-BDD-01\T-MDWARE-BDD-01,C:\ClusterStorage\FS1-T-HYP-VM-01\T-MDWARE-BDD-01\T-MDWARE-BDD-01,C:\ClusterStorage\FS1-T-HYP-VM-01\T-MDWARE-BDD-01\T-MDWARE-BDD-01,,,,,,,T-HYP-CLTR-01,T-HYP-02,,,,,d1ac0e60-79ba-44e2-bdb9-363e6f4b8034,,,,,,
T-SQL-01,On,,,OK,,,OK,OK,,,,,,,,12,,57344,,2,5,,,,,,,,172.21.64.21,,,,,,,,,,,,,,,,,,,,,,,,,,,,,,,,,,,,,,,,,,C:\ClusterStorage\FS1-T-SQL-02\T-SQL-01,C:\ClusterStorage\FS1-T-SQL-02\T-SQL-01,C:\ClusterStorage\FS1-T-SQL-02\T-SQL-01,,,,,,,T-HYP-CLTR-01,T-HYP-02,,,,,f273c657-31d2-402d-9e58-30fa12634967,,,,,,
T-EDC-AVAL-01,On,,,OK,,,OK,OK,,,,,,,,2,,8126,,1,1,,,,,,,,172.21.64.36,,,,,,,,,,,,,,,,,,,,,,,,,,,,,,,,,,,,,,,,,,C:\ClusterStorage\FS1-T-HYP-VM-01\T-EDC-AVAL-01,C:\ClusterStorage\FS1-T-HYP-VM-01\T-EDC-AVAL-01,C:\ClusterStorage\FS1-T-HYP-VM-01\T-EDC-AVAL-01,,,,,,,T-HYP-CLTR-01,T-HYP-02,,,,,f563536d-d2b7-4730-8fe8-947a6e2e1cf7,,,,,,
T-MBA-01,Off,,,OK,,,,,,,,,,,,8,,16384,,1,1,,,,,,,,,,,,,,,,,,,,,,,,,,,,,,,,,,,,,,,,,,,,,,,,,,C:\ClusterStorage\FS1-T-HYP-VM-01\T-MBA-01,C:\ClusterStorage\FS1-T-HYP-VM-01\T-MBA-01,C:\ClusterStorage\FS1-T-HYP-VM-01\T-MBA-01,,,,,,,T-HYP-CLTR-01,T-HYP-02,,,,,fb1b56a5-8faf-4e04-89b5-627cb1da2f0a,,,,,,
P-BOOT-01,On,,,OK,,,OK,OK,,,,,,,,4,,32768,,1,1,,,,,,,,172.21.75.6,,,,,,,,,,,,,,,,,,,,,,,,,,,,,,,,,,,,,,,,,,C:\ClusterStorage\FS1-P-HYP-VM-08\P-BOOT-01,C:\ClusterStorage\FS1-P-HYP-VM-08\P-BOOT-01,C:\ClusterStorage\FS1-P-HYP-VM-08\P-BOOT-01,,,,,,,P-HYP-CLTR-01,P-HYP-02,,,,,22e75405-f28c-420e-92c0-874a7d9614e5,,,,,,
P-APP-AD360-01,On,,,OK,,,OK,OK,,,,,,,,8,,16384,,1,1,,,,,,,,172.21.75.18,,,,,,,,,,,,,,,,,,,,,,,,,,,,,,,,,,,,,,,,,,C:\ClusterStorage\FS1-P-HYP-VM-08\P-AD360-01\P-AD360-01,C:\ClusterStorage\FS1-P-HYP-VM-08\P-AD360-01\P-AD360-01,C:\ClusterStorage\FS1-P-HYP-VM-08\P-AD360-01\P-AD360-01,,,,,,,P-HYP-CLTR-01,P-HYP-02,,,,,2b0a7e41-e870-4614-a5d6-e5cbfaad809a,,,,,,
P-FIN-ACCESS-01,On,,,OK,,,OK,OK,,,,,,,,4,,12288,,1,1,,,,,,,,172.21.80.18,,,,,,,,,,,,,,,,,,,,,,,,,,,,,,,,,,,,,,,,,,C:\ClusterStorage\FS1-P-HYP-VM-05\P-FIN-ACCESS-01,C:\ClusterStorage\FS1-P-HYP-VM-05\P-FIN-ACCESS-01,C:\ClusterStorage\FS1-P-HYP-VM-05\P-FIN-ACCESS-01,,,,,,,P-HYP-CLTR-01,P-HYP-02,,,,,3488c6ec-9e6d-481c-a073-a911b503ea5b,,,,,,
P-OB-APP-01,On,,,OK,,,OK,OK,,,,,,,,10,,24576,,1,2,,,,,,,,172.21.74.164,,,,,,,,,,,,,,,,,,,,,,,,,,,,,,,,,,,,,,,,,,C:\ClusterStorage\FS1-P-HYP-VM-07\P-OB-APP-01,C:\ClusterStorage\FS1-P-HYP-VM-07\P-OB-APP-01,C:\ClusterStorage\FS1-P-HYP-VM-07\P-OB-APP-01,,,,,,,P-HYP-CLTR-01,P-HYP-02,,,,,39cc8604-c2cf-4b70-b0b2-8931bddb2151,,,,,,
P-ISE-04,On,,,OK,,,OK,OK,,,,,,,,24,,98304,,1,1,,,,,,,,172.21.21.5,,,,,,,,,,,,,,,,,,,,,,,,,,,,,,,,,,,,,,,,,,C:\ClusterStorage\FS1-P-HYP-VM-08\P-ISE-04\P-ISE-04,C:\ClusterStorage\FS1-P-HYP-VM-08\P-ISE-04\P-ISE-04,C:\ClusterStorage\FS1-P-HYP-VM-08\P-ISE-04\P-ISE-04,,,,,,,P-HYP-CLTR-01,P-HYP-02,,,,,3f5a5b8c-d778-4a79-b419-6f28049182df,,,,,,
P-SQL-ALW-A2,On,,,OK,,,OK,OK,,,,,,,,16,,65536,,3,9,,,,,,,,172.21.74.132,,,,,,,,,,,,,,,,,,,,,,,,,,,,,,,,,,,,,,,,,,C:\ClusterStorage\FS1-HYP-SQL-02\P-SQL-ALW-A2,C:\ClusterStorage\FS1-HYP-SQL-02\P-SQL-ALW-A2,C:\ClusterStorage\FS1-HYP-SQL-02\P-SQL-ALW-A2,,,,,,,P-HYP-CLTR-01,P-HYP-02,,,,,48201a32-289a-496e-92be-b62df99493d6,,,,,,
P-CRM-ASYN-01,On,,,OK,,,OK,OK,,,,,,,,8,,24576,,1,1,,,,,,,,172.21.75.188,,,,,,,,,,,,,,,,,,,,,,,,,,,,,,,,,,,,,,,,,,C:\ClusterStorage\FS1-P-HYP-VM-07\P-CRM-ASYN-01,C:\ClusterStorage\FS1-P-HYP-VM-07\P-CRM-ASYN-01,C:\ClusterStorage\FS1-P-HYP-VM-07\P-CRM-ASYN-01,,,,,,,P-HYP-CLTR-01,P-HYP-02,,,,,574de2d1-53f1-4c28-bbb5-626a079882f4,,,,,,
P-CSM-FE-01,On,,,OK,,,OK,OK,,,,,,,,4,,16384,,1,1,,,,,,,,172.21.65.44,,,,,,,,,,,,,,,,,,,,,,,,,,,,,,,,,,,,,,,,,,C:\ClusterStorage\FS1-P-HYP-VM-02\P-HV-FE-01\P-HV-FE-01,C:\ClusterStorage\FS1-P-HYP-VM-02\P-HV-FE-01\P-HV-FE-01,C:\ClusterStorage\FS1-P-HYP-VM-02\P-HV-FE-01\P-HV-FE-01,,,,,,,P-HYP-CLTR-01,P-HYP-02,,,,,618d5fa9-20b0-4e72-b9a9-8d7bf87ebf5e,,,,,,
P-RPA-01,On,,,OK,,,OK,OK,,,,,,,,8,,32768,,1,1,,,,,,,,172.21.74.158,,,,,,,,,,,,,,,,,,,,,,,,,,,,,,,,,,,,,,,,,,C:\ClusterStorage\FS1-P-HYP-VM-07\P-RPA-01,C:\ClusterStorage\FS1-P-HYP-VM-07\P-RPA-01,C:\ClusterStorage\FS1-P-HYP-VM-07\P-RPA-01,,,,,,,P-HYP-CLTR-01,P-HYP-02,,,,,6237a27a-2bd8-470d-a521-ca5bef910407,,,,,,
P-CRM-WEB-01,On,,,OK,,,OK,OK,,,,,,,,8,,24576,,1,1,,,,,,,,172.21.75.189,,,,,,,,,,,,,,,,,,,,,,,,,,,,,,,,,,,,,,,,,,C:\ClusterStorage\FS1-P-HYP-VM-07\P-CRM-WEB-01,C:\ClusterStorage\FS1-P-HYP-VM-07\P-CRM-WEB-01,C:\ClusterStorage\FS1-P-HYP-VM-07\P-CRM-WEB-01,,,,,,,P-HYP-CLTR-01,P-HYP-02,,,,,69567663-68a9-4d22-abbd-c0028a033469,,,,,,
P-BTNP-01,On,,,OK,,,OK,OK,,,,,,,,4,,12288,,1,1,,,,,,,,172.21.80.9,,,,,,,,,,,,,,,,,,,,,,,,,,,,,,,,,,,,,,,,,,C:\ClusterStorage\FS1-P-HYP-VM-09\P-BTNP-01,C:\ClusterStorage\FS1-P-HYP-VM-09\P-BTNP-01,C:\ClusterStorage\FS1-P-HYP-VM-09\P-BTNP-01,,,,,,,P-HYP-CLTR-01,P-HYP-02,,,,,75f92632-2d4f-4641-a797-4c9c5bef559a,,,,,,
P-EPC-01,On,,,OK,,,OK,OK,,,,,,,,8,,32768,,1,2,,,,,,,,172.21.75.25,,,,,,,,,,,,,,,,,,,,,,,,,,,,,,,,,,,,,,,,,,C:\ClusterStorage\FS1-P-HYP-VM-04\P-EPC-01,C:\ClusterStorage\FS1-P-HYP-VM-04\P-EPC-01,C:\ClusterStorage\FS1-P-HYP-VM-04\P-EPC-01,,,,,,,P-HYP-CLTR-01,P-HYP-02,,,,,7807310f-f037-476e-86f2-d49e3318bfe8,,,,,,
P-EDC-AVAL-02,On,,,OK,,,OK,OK,,,,,,,,2,,12288,,1,1,,,,,,,,172.21.75.149,,,,,,,,,,,,,,,,,,,,,,,,,,,,,,,,,,,,,,,,,,C:\ClusterStorage\FS1-P-HYP-VM-06\P-EDC-AVAL-02,C:\ClusterStorage\FS1-P-HYP-VM-06\P-EDC-AVAL-02,C:\ClusterStorage\FS1-P-HYP-VM-06\P-EDC-AVAL-02,,,,,,,P-HYP-CLTR-01,P-HYP-02,,,,,80567974-98b4-49a0-bad6-d1fd860bd196,,,,,,
P-BIOMETRICO-02,On,,,OK,,,OK,OK,,,,,,,,6,,16384,,1,1,,,,,,,,172.21.77.24,,,,,,,,,,,,,,,,,,,,,,,,,,,,,,,,,,,,,,,,,,C:\ClusterStorage\FS1-P-HYP-VM-08\P-BIOMETRICO-02,C:\ClusterStorage\FS1-P-HYP-VM-08\P-BIOMETRICO-02,C:\ClusterStorage\FS1-P-HYP-VM-08\P-BIOMETRICO-02,,,,,,,P-HYP-CLTR-01,P-HYP-02,,,,,8d40df30-03ae-49c0-b522-8169e4c28b45,,,,,,
P-FIN-DY-01,On,,,OK,,,OK,OK,,,,,,,,16,,32768,,1,1,,,,,,,,172.21.80.4,,,,,,,,,,,,,,,,,,,,,,,,,,,,,,,,,,,,,,,,,,C:\ClusterStorage\FS1-P-HYP-VM-01\P-FIN-DY-01,C:\ClusterStorage\FS1-P-HYP-VM-01\P-FIN-DY-01,C:\ClusterStorage\FS1-P-HYP-VM-01\P-FIN-DY-01,,,,,,,P-HYP-CLTR-01,P-HYP-02,,,,,96ae41a5-2219-4b98-a2b2-17a453eb284d,,,,,,
P-WS-EXT-01,On,,,OK,,,OK,OK,,,,,,,,12,,49152,,1,1,,,,,,,,172.21.74.249,,,,,,,,,,,,,,,,,,,,,,,,,,,,,,,,,,,,,,,,,,C:\ClusterStorage\FS1-P-HYP-VM-06\P-WS-EXT-01,C:\ClusterStorage\FS1-P-HYP-VM-06\P-WS-EXT-01,C:\ClusterStorage\FS1-P-HYP-VM-06\P-WS-EXT-01,,,,,,,P-HYP-CLTR-01,P-HYP-02,,,,,9ec845b9-1186-43d3-bbde-f0924d24d815,,,,,,
P-DHCP-04,On,,,OK,,,OK,OK,,,,,,,,4,,12288,,1,1,,,,,,,,172.21.77.12,,,,,,,,,,,,,,,,,,,,,,,,,,,,,,,,,,,,,,,,,,C:\ClusterStorage\FS1-P-HYP-VM-08\P-DHCP-04\P-DHCP-04,C:\ClusterStorage\FS1-P-HYP-VM-08\P-DHCP-04\P-DHCP-04,C:\ClusterStorage\FS1-P-HYP-VM-08\P-DHCP-04\P-DHCP-04,,,,,,,P-HYP-CLTR-01,P-HYP-02,,,,,abfdcb24-4aed-47c6-99f9-1810413afc58,,,,,,
P-LB-APP-SRV-02,On,,,OK,,,OK,OK,,,,,,,,4,,4096,,1,1,,,,,,,,172.21.74.118,,,,,,,,,,,,,,,,,,,,,,,,,,,,,,,,,,,,,,,,,,C:\ClusterStorage\FS1-P-HYP-VM-06\P-LB-APP-SRV-02\P-LB-APP-SRV-02,C:\ClusterStorage\FS1-P-HYP-VM-06\P-LB-APP-SRV-02\P-LB-APP-SRV-02,C:\ClusterStorage\FS1-P-HYP-VM-06\P-LB-APP-SRV-02\P-LB-APP-SRV-02,,,,,,,P-HYP-CLTR-01,P-HYP-02,,,,,adf08341-fbe4-44a2-8ecc-bf475aa0069f,,,,,,
P-OB-APP-02,On,,,OK,,,OK,OK,,,,,,,,6,,16384,,1,2,,,,,,,,172.21.74.75,,,,,,,,,,,,,,,,,,,,,,,,,,,,,,,,,,,,,,,,,,C:\ClusterStorage\FS1-P-HYP-VM-07\P-OB-APP-02,C:\ClusterStorage\FS1-P-HYP-VM-07\P-OB-APP-02,C:\ClusterStorage\FS1-P-HYP-VM-07\P-OB-APP-02,,,,,,,P-HYP-CLTR-01,P-HYP-02,,,,,aee40b17-c5cc-4d38-9243-19b098eb647c,,,,,,
P-AD-DS-04,On,,,OK,,,OK,OK,,,,,,,,8,,24576,,1,1,,,,,,,,172.21.75.5,,,,,,,,,,,,,,,,,,,,,,,,,,,,,,,,,,,,,,,,,,C:\ClusterStorage\FS1-P-HYP-VM-05\P-AD-DS-04\P-AD-DS-04,C:\ClusterStorage\FS1-P-HYP-VM-05\P-AD-DS-04\P-AD-DS-04,C:\ClusterStorage\FS1-P-HYP-VM-05\P-AD-DS-04\P-AD-DS-04,,,,,,,P-HYP-CLTR-01,P-HYP-02,,,,,be555824-fca1-44a4-9ad1-7154ecdc659b,,,,,,
P-AADC-02,On,,,OK,,,OK,OK,,,,,,,,8,,16384,,1,1,,,,,,,,172.21.75.34,,,,,,,,,,,,,,,,,,,,,,,,,,,,,,,,,,,,,,,,,,C:\ClusterStorage\FS1-P-HYP-VM-02\P-AADC-02,C:\ClusterStorage\FS1-P-HYP-VM-02\P-AADC-02,C:\ClusterStorage\FS1-P-HYP-VM-02\P-AADC-02,,,,,,,P-HYP-CLTR-01,P-HYP-02,,,,,be56135b-138e-46de-ac2f-4491da9ffc40,,,,,,
P-CACC-01,On,,,OK,,,OK,OK,,,,,,,,4,,8192,,1,1,,,,,,,,172.21.65.32,,,,,,,,,,,,,,,,,,,,,,,,,,,,,,,,,,,,,,,,,,C:\ClusterStorage\FS1-P-HYP-VM-05\P-CACC-01,C:\ClusterStorage\FS1-P-HYP-VM-05\P-CACC-01,C:\ClusterStorage\FS1-P-HYP-VM-05\P-CACC-01,,,,,,,P-HYP-CLTR-01,P-HYP-02,,,,,c100fe39-632b-4385-af5e-415d17fd7b70,,,,,,
P-LB-APP-SRV-01,On,,,OK,,,OK,OK,,,,,,,,4,,4096,,1,1,,,,,,,,172.21.74.117,,,,,,,,,,,,,,,,,,,,,,,,,,,,,,,,,,,,,,,,,,C:\ClusterStorage\FS1-P-HYP-VM-06\P-LB-APP-SRV-01\P-LB-APP-SRV-01,C:\ClusterStorage\FS1-P-HYP-VM-06\P-LB-APP-SRV-01\P-LB-APP-SRV-01,C:\ClusterStorage\FS1-P-HYP-VM-06\P-LB-APP-SRV-01\P-LB-APP-SRV-01,,,,,,,P-HYP-CLTR-01,P-HYP-02,,,,,c23a4c77-6886-4cd3-85aa-a547958d10f4,,,,,,
P-KVM-MGMT-01,On,,,OK,,,OK,OK,,,,,,,,4,,16384,,1,1,,,,,,,,172.21.85.151,,,,,,,,,,,,,,,,,,,,,,,,,,,,,,,,,,,,,,,,,,C:\ClusterStorage\FS1-P-HYP-VM-05\P-KVM-MGMT-01\P-KVM-MGMT-01,C:\ClusterStorage\FS1-P-HYP-VM-05\P-KVM-MGMT-01\P-KVM-MGMT-01,C:\ClusterStorage\FS1-P-HYP-VM-05\P-KVM-MGMT-01\P-KVM-MGMT-01,,,,,,,P-HYP-CLTR-01,P-HYP-02,,,,,c6507f67-3eec-4b0d-a3d9-bf87112b0b40,,,,,,
P-EDC-CRT-01,On,,,OK,,,OK,OK,,,,,,,,4,,8192,,1,1,,,,,,,,172.21.75.148,,,,,,,,,,,,,,,,,,,,,,,,,,,,,,,,,,,,,,,,,,C:\ClusterStorage\FS1-P-HYP-VM-05\P-EDC-CRT-01,C:\ClusterStorage\FS1-P-HYP-VM-05\P-EDC-CRT-01,C:\ClusterStorage\FS1-P-HYP-VM-05\P-EDC-CRT-01,,,,,,,P-HYP-CLTR-01,P-HYP-02,,,,,e3b797b2-184c-465b-9d68-963993ca2467,,,,,,
P-GP-NOMINA-03,On,,,OK,,,OK,OK,,,,,,,,4,,16384,,1,1,,,,,,,,172.21.80.13,,,,,,,,,,,,,,,,,,,,,,,,,,,,,,,,,,,,,,,,,,C:\ClusterStorage\FS1-P-HYP-VM-07\P-GP-NOMINA-03,C:\ClusterStorage\FS1-P-HYP-VM-07\P-GP-NOMINA-03,C:\ClusterStorage\FS1-P-HYP-VM-07\P-GP-NOMINA-03,,,,,,,P-HYP-CLTR-01,P-HYP-02,,,,,edc5a7b6-a075-4e01-aece-28a4f816ee5a,,,,,,
P-ACC-FE-02,On,,,OK,,,OK,OK,,,,,,,,8,,16384,,1,1,,,,,,,,172.21.75.122,,,,,,,,,,,,,,,,,,,,,,,,,,,,,,,,,,,,,,,,,,C:\ClusterStorage\FS1-P-HYP-VM-01\P-ACC-FE-02,C:\ClusterStorage\FS1-P-HYP-VM-01\P-ACC-FE-02,C:\ClusterStorage\FS1-P-HYP-VM-01\P-ACC-FE-02,,,,,,,P-HYP-CLTR-01,P-HYP-02,,,,,f47eae3d-1c32-4cb8-9c50-f1924d482ae7,,,,,,
P-BTP-01,On,,,OK,,,OK,OK,,,,,,,,2,,8192,,1,1,,,,,,,,172.21.80.8,,,,,,,,,,,,,,,,,,,,,,,,,,,,,,,,,,,,,,,,,,C:\ClusterStorage\FS1-P-HYP-VM-09\P-BTP-01,C:\ClusterStorage\FS1-P-HYP-VM-09\P-BTP-01,C:\ClusterStorage\FS1-P-HYP-VM-09\P-BTP-01,,,,,,,P-HYP-CLTR-01,P-HYP-02,,,,,f6bd70e8-abce-4b3f-9604-d97379007549,,,,,,
P-SQL-ALW-A1,On,,,OK,,,OK,OK,,,,,,,,16,,65536,,2,9,,,,,,,,172.21.74.131,,,,,,,,,,,,,,,,,,,,,,,,,,,,,,,,,,,,,,,,,,C:\ClusterStorage\FS1-HYP-SQL-01\P-SQL-ALW-A1,C:\ClusterStorage\FS1-HYP-SQL-01\P-SQL-ALW-A1,C:\ClusterStorage\FS1-HYP-SQL-01\P-SQL-ALW-A1,,,,,,,P-HYP-CLTR-01,P-HYP-03,,,,,13280987-5f3c-4cf1-9a93-73001ea87315,,,,,,
P-AD-DS-05,On,,,OK,,,OK,OK,,,,,,,,8,,24576,,1,1,,,,,,,,172.21.75.20,,,,,,,,,,,,,,,,,,,,,,,,,,,,,,,,,,,,,,,,,,C:\ClusterStorage\FS1-P-HYP-VM-01\P-AD-DS-05,C:\ClusterStorage\FS1-P-HYP-VM-01\P-AD-DS-05,C:\ClusterStorage\FS1-P-HYP-VM-01\P-AD-DS-05,,,,,,,P-HYP-CLTR-01,P-HYP-03,,,,,28fdc232-694a-4355-924e-4b77202b3e73,,,,,,
P-MDWARE-BDD-01,On,,,OK,,,OK,OK,,,,,,,,8,,8192,,1,2,,,,,,,,172.21.80.24,,,,,,,,,,,,,,,,,,,,,,,,,,,,,,,,,,,,,,,,,,C:\ClusterStorage\FS1-P-HYP-VM-06\P-MDWARE-BDD-01,C:\ClusterStorage\FS1-P-HYP-VM-06\P-MDWARE-BDD-01,C:\ClusterStorage\FS1-P-HYP-VM-06\P-MDWARE-BDD-01,,,,,,,P-HYP-CLTR-01,P-HYP-03,,,,,29a2167a-196a-4480-817e-b86cce63934d,,,,,,
P-WS-01,On,,,OK,,,OK,OK,,,,,,,,12,,36864,,1,1,,,,,,,,172.21.74.88,,,,,,,,,,,,,,,,,,,,,,,,,,,,,,,,,,,,,,,,,,C:\ClusterStorage\FS1-P-HYP-VM-08\P-WS-01\P-WS-01,C:\ClusterStorage\FS1-P-HYP-VM-08\P-WS-01\P-WS-01,C:\ClusterStorage\FS1-P-HYP-VM-08\P-WS-01\P-WS-01,,,,,,,P-HYP-CLTR-01,P-HYP-03,,,,,2ffeb851-c6a3-48d6-80be-f3e7a4d3be49,,,,,,
P-EXCH-02,Off,,,OK,,,,,,,,,,,,16,,65536,,1,4,,,,,,,,,,,,,,,,,,,,,,,,,,,,,,,,,,,,,,,,,,,,,,,,,,C:\ClusterStorage\FS1-P-HYP-VM-05\P-EXCH-02,C:\ClusterStorage\FS1-P-HYP-VM-05\P-EXCH-02,C:\ClusterStorage\FS1-P-HYP-VM-05\P-EXCH-02,,,,,,,P-HYP-CLTR-01,P-HYP-03,,,,,3bb26b74-3abd-46a2-861f-6aa267134cfe,,,,,,
P-SCAN-VM-02,Off,,,OK,,,,,,,,,,,,4,,8192,,1,1,,,,,,,,,,,,,,,,,,,,,,,,,,,,,,,,,,,,,,,,,,,,,,,,,,C:\ClusterStorage\FS1-P-HYP-VM-04\P-SCAN-VM-02\P-SCAN-VM-02,C:\ClusterStorage\FS1-P-HYP-VM-04\P-SCAN-VM-02\P-SCAN-VM-02,C:\ClusterStorage\FS1-P-HYP-VM-04\P-SCAN-VM-02\P-SCAN-VM-02,,,,,,,P-HYP-CLTR-01,P-HYP-03,,,,,4244c7f1-7905-4193-b364-5ef6a12b07bb,,,,,,
P-SQL-ALW-04,On,,,OK,,,OK,OK,,,,,,,,24,,98304,,2,12,,,,,,,,172.21.74.54,,,,,,,,,,,,,,,,,,,,,,,,,,,,,,,,,,,,,,,,,,C:\ClusterStorage\FS1-HYP-SQL-04\P-SQL-ALW-04,C:\ClusterStorage\FS1-HYP-SQL-04\P-SQL-ALW-04,C:\ClusterStorage\FS1-HYP-SQL-04\P-SQL-ALW-04,,,,,,,P-HYP-CLTR-01,P-HYP-03,,,,,5bb2db2a-5d0d-4ea3-a648-145f3bf7df7f,,,,,,
P-RDS-LHOST-02,On,,,OK,,,OK,OK,,,,,,,,8,,16384,,1,1,,,,,,,,172.21.74.150,,,,,,,,,,,,,,,,,,,,,,,,,,,,,,,,,,,,,,,,,,C:\ClusterStorage\FS1-P-HYP-VM-09\P-RDS-LHOST-02,C:\ClusterStorage\FS1-P-HYP-VM-09\P-RDS-LHOST-02,C:\ClusterStorage\FS1-P-HYP-VM-09\P-RDS-LHOST-02,,,,,,,P-HYP-CLTR-01,P-HYP-03,,,,,624b2716-d06f-4e8c-868e-585f423d556c,,,,,,
P-ASISF-02,On,,,OK,,,OK,OK,,,,,,,,8,,16384,,1,1,,,,,,,,172.21.80.17,,,,,,,,,,,,,,,,,,,,,,,,,,,,,,,,,,,,,,,,,,C:\ClusterStorage\FS1-P-HYP-VM-09\P-ASISF-02,C:\ClusterStorage\FS1-P-HYP-VM-09\P-ASISF-02,C:\ClusterStorage\FS1-P-HYP-VM-09\P-ASISF-02,,,,,,,P-HYP-CLTR-01,P-HYP-03,,,,,66f66770-e5fe-4fdf-a020-72c1e6984d22,,,,,,
P-WBX-CALL-01,On,,,OK,,,OK,OK,,,,,,,,6,,12288,,1,1,,,,,,,,172.21.21.250,,,,,,,,,,,,,,,,,,,,,,,,,,,,,,,,,,,,,,,,,,C:\ClusterStorage\FS1-P-HYP-VM-04\P-WBX-CALL-01,C:\ClusterStorage\FS1-P-HYP-VM-04\P-WBX-CALL-01,C:\ClusterStorage\FS1-P-HYP-VM-04\P-WBX-CALL-01,,,,,,,P-HYP-CLTR-01,P-HYP-03,,,,,6ab39fee-daeb-4c3c-8516-10c04f1882e3,,,,,,
P-SCAN-VM-01,Off,,,OK,,,,,,,,,,,,4,,8192,,1,1,,,,,,,,,,,,,,,,,,,,,,,,,,,,,,,,,,,,,,,,,,,,,,,,,,C:\ClusterStorage\FS1-P-HYP-VM-09\P-SCAN-VM-01\P-SCAN-VM-01,C:\ClusterStorage\FS1-P-HYP-VM-09\P-SCAN-VM-01\P-SCAN-VM-01,C:\ClusterStorage\FS1-P-HYP-VM-09\P-SCAN-VM-01\P-SCAN-VM-01,,,,,,,P-HYP-CLTR-01,P-HYP-03,,,,,6b8efb9c-f6ef-436e-a748-6ad076473161,,,,,,
P-FILE-LC-01,On,,,OK,,,OK,OK,,,,,,,,8,,16384,,2,12,,,,,,,,172.21.74.225,,,,,,,,,,,,,,,,,,,,,,,,,,,,,,,,,,,,,,,,,,C:\ClusterStorage\FS1-P-HYP-VM-04\P-FILE-LC-01,C:\ClusterStorage\FS1-P-HYP-VM-04\P-FILE-LC-01,C:\ClusterStorage\FS1-P-HYP-VM-04\P-FILE-LC-01,,,,,,,P-HYP-CLTR-01,P-HYP-03,,,,,6d7d920b-7add-4b7d-96a1-3761dbef3b03,,,,,,
P-OB-WEB-01,On,,,OK,,,OK,OK,,,,,,,,10,,24576,,1,2,,,,,,,,172.21.74.166,,,,,,,,,,,,,,,,,,,,,,,,,,,,,,,,,,,,,,,,,,C:\ClusterStorage\FS1-P-HYP-VM-07\P-OB-WEB-01,C:\ClusterStorage\FS1-P-HYP-VM-07\P-OB-WEB-01,C:\ClusterStorage\FS1-P-HYP-VM-07\P-OB-WEB-01,,,,,,,P-HYP-CLTR-01,P-HYP-03,,,,,725fc28f-96c8-4f06-8c24-b25121ebb958,,,,,,
P-APP-IASERVICE-01,On,,,OK,,,OK,OK,,,,,,,,4,,16384,,1,1,,,,,,,,172.21.74.170,,,,,,,,,,,,,,,,,,,,,,,,,,,,,,,,,,,,,,,,,,C:\ClusterStorage\FS1-P-HYP-VM-06\P-APP-IASERVICE-01\P-APP-IASERVICE-01,C:\ClusterStorage\FS1-P-HYP-VM-06\P-APP-IASERVICE-01\P-APP-IASERVICE-01,C:\ClusterStorage\FS1-P-HYP-VM-06\P-APP-IASERVICE-01\P-APP-IASERVICE-01,,,,,,,P-HYP-CLTR-01,P-HYP-03,,,,,7b3b203c-1084-4a59-b4d7-572aafc5aee4,,,,,,
P-ADAUDIT-01,On,,,OK,,,OK,OK,,,,,,,,8,,16384,,1,1,,,,,,,,172.21.75.19,,,,,,,,,,,,,,,,,,,,,,,,,,,,,,,,,,,,,,,,,,C:\ClusterStorage\FS1-P-HYP-VM-09\P-AD360-01\P-AD360-01,C:\ClusterStorage\FS1-P-HYP-VM-09\P-AD360-01\P-AD360-01,C:\ClusterStorage\FS1-P-HYP-VM-09\P-AD360-01\P-AD360-01,,,,,,,P-HYP-CLTR-01,P-HYP-03,,,,,86561fc3-0211-4b8e-adea-c77e35e32321,,,,,,
P-SQL-ENT-03,On,,,OK,,,OK,OK,,,,,,,,20,,73728,,2,5,,,,,,,,172.21.74.128,,,,,,,,,,,,,,,,,,,,,,,,,,,,,,,,,,,,,,,,,,C:\ClusterStorage\FS1-HYP-SQL-01\P-SQL-ENT-03\P-SQL-ENT-03,C:\ClusterStorage\FS1-HYP-SQL-01\P-SQL-ENT-03\P-SQL-ENT-03,C:\ClusterStorage\FS1-HYP-SQL-01\P-SQL-ENT-03\P-SQL-ENT-03,,,,,,,P-HYP-CLTR-01,P-HYP-03,,,,,8eca6cf7-9a10-4ba7-9017-96fdc73740cf,,,,,,
P-ARCGIS-01,On,,,OK,,,OK,OK,,,,,,,,4,,16384,,1,1,,,,,,,,172.21.65.22,,,,,,,,,,,,,,,,,,,,,,,,,,,,,,,,,,,,,,,,,,C:\ClusterStorage\FS1-P-HYP-VM-09\P-ARCGIS-01,C:\ClusterStorage\FS1-P-HYP-VM-09\P-ARCGIS-01,C:\ClusterStorage\FS1-P-HYP-VM-09\P-ARCGIS-01,,,,,,,P-HYP-CLTR-01,P-HYP-03,,,,,9ec53db6-9a18-4d21-9bdf-f85e1ef5e556,,,,,,
P-GP-NOMINA-01,On,,,OK,,,OK,OK,,,,,,,,4,,16384,,1,1,,,,,,,,172.21.80.11,,,,,,,,,,,,,,,,,,,,,,,,,,,,,,,,,,,,,,,,,,C:\ClusterStorage\FS1-P-HYP-VM-09\P-GP-NOMINA-01,C:\ClusterStorage\FS1-P-HYP-VM-09\P-GP-NOMINA-01,C:\ClusterStorage\FS1-P-HYP-VM-09\P-GP-NOMINA-01,,,,,,,P-HYP-CLTR-01,P-HYP-03,,,,,a2e002f4-9f1f-4cf2-aead-ef44cf3e8382,,,,,,
P-GSC-01,On,,,OK,,,OK,OK,,,,,,,,8,,16384,,1,1,,,,,,,,172.21.67.19,,,,,,,,,,,,,,,,,,,,,,,,,,,,,,,,,,,,,,,,,,C:\ClusterStorage\FS1-P-HYP-VM-02\P-GSC-01\P-GSC-01,C:\ClusterStorage\FS1-P-HYP-VM-02\P-GSC-01\P-GSC-01,C:\ClusterStorage\FS1-P-HYP-VM-02\P-GSC-01\P-GSC-01,,,,,,,P-HYP-CLTR-01,P-HYP-03,,,,,a9b79430-140c-4b46-ba76-a89060d8dba3,,,,,,
P-BTNP-02,On,,,OK,,,OK,OK,,,,,,,,4,,12288,,1,1,,,,,,,,172.21.80.20,,,,,,,,,,,,,,,,,,,,,,,,,,,,,,,,,,,,,,,,,,C:\ClusterStorage\FS1-P-HYP-VM-04\P-BTNP-02,C:\ClusterStorage\FS1-P-HYP-VM-04\P-BTNP-02,C:\ClusterStorage\FS1-P-HYP-VM-04\P-BTNP-02,,,,,,,P-HYP-CLTR-01,P-HYP-03,,,,,b0032bbb-e817-44db-be73-7ae2a609a78a,,,,,,
P-WS-INT-02,On,,,OK,,,OK,OK,,,,,,,,8,,16384,,1,1,,,,,,,,172.21.74.58,,,,,,,,,,,,,,,,,,,,,,,,,,,,,,,,,,,,,,,,,,C:\ClusterStorage\FS1-P-HYP-VM-01\P-WS-INT-02,C:\ClusterStorage\FS1-P-HYP-VM-01\P-WS-INT-02,C:\ClusterStorage\FS1-P-HYP-VM-01\P-WS-INT-02,,,,,,,P-HYP-CLTR-01,P-HYP-03,,,,,c18da07d-2bee-4aed-b705-df2d2fa0ccb7,,,,,,
P-ARCGIS-02,On,,,OK,,,OK,OK,,,,,,,,4,,16384,,1,1,,,,,,,,172.21.65.23,,,,,,,,,,,,,,,,,,,,,,,,,,,,,,,,,,,,,,,,,,C:\ClusterStorage\FS1-P-HYP-VM-03\P-ARCGIS-02,C:\ClusterStorage\FS1-P-HYP-VM-03\P-ARCGIS-02,C:\ClusterStorage\FS1-P-HYP-VM-03\P-ARCGIS-02,,,,,,,P-HYP-CLTR-01,P-HYP-03,,,,,d8359a35-49c1-42df-991f-e43963a2fd5e,,,,,,
P-ISE-03,On,,,OK,,,OK,OK,,,,,,,,24,,98304,,1,1,,,,,,,,172.21.20.5,,,,,,,,,,,,,,,,,,,,,,,,,,,,,,,,,,,,,,,,,,C:\ClusterStorage\FS1-P-HYP-VM-02\P-ISE-03\P-ISE-03,C:\ClusterStorage\FS1-P-HYP-VM-02\P-ISE-03\P-ISE-03,C:\ClusterStorage\FS1-P-HYP-VM-02\P-ISE-03\P-ISE-03,,,,,,,P-HYP-CLTR-01,P-HYP-03,,,,,e48f680b-289d-40fa-9835-c97dc1f8e7c7,,,,,,
P-ACC-APPN-01,On,,,OK,,,OK,OK,,,,,,,,12,,36864,,1,1,,,,,,,,172.21.74.87,,,,,,,,,,,,,,,,,,,,,,,,,,,,,,,,,,,,,,,,,,C:\ClusterStorage\FS1-P-HYP-VM-06\P-ACC-APPN-01\P-ACC-APPN-01,C:\ClusterStorage\FS1-P-HYP-VM-06\P-ACC-APPN-01\P-ACC-APPN-01,C:\ClusterStorage\FS1-P-HYP-VM-06\P-ACC-APPN-01\P-ACC-APPN-01,,,,,,,P-HYP-CLTR-01,P-HYP-04,,,,,0da72814-b8c9-4173-9832-2268037db12b,,,,,,
P-SQL-ENT-04,On,,,OK,,,OK,OK,,,,,,,,20,,73728,,2,5,,,,,,,,172.21.74.130,,,,,,,,,,,,,,,,,,,,,,,,,,,,,,,,,,,,,,,,,,C:\ClusterStorage\FS1-HYP-SQL-03\P-SQL-ENT-04\P-SQL-ENT-04,C:\ClusterStorage\FS1-HYP-SQL-03\P-SQL-ENT-04\P-SQL-ENT-04,C:\ClusterStorage\FS1-HYP-SQL-03\P-SQL-ENT-04\P-SQL-ENT-04,,,,,,,P-HYP-CLTR-01,P-HYP-04,,,,,2e31adce-eec3-4da4-9220-00843e01cfd7,,,,,,
P-FIN-REPORT-01,On,,,OK,,,OK,OK,,,,,,,,4,,8192,,1,1,,,,,,,,172.21.74.157,,,,,,,,,,,,,,,,,,,,,,,,,,,,,,,,,,,,,,,,,,C:\ClusterStorage\FS1-P-HYP-VM-03\P-FIN-REPORT-01,C:\ClusterStorage\FS1-P-HYP-VM-03\P-FIN-REPORT-01,C:\ClusterStorage\FS1-P-HYP-VM-03\P-FIN-REPORT-01,,,,,,,P-HYP-CLTR-01,P-HYP-04,,,,,31e7f5eb-01d2-41f1-ae0f-addf3b5dc374,,,,,,
P-MBA-01,On,,,OK,,,OK,OK,,,,,,,,8,,16384,,1,1,,,,,,,,172.21.65.35,,,,,,,,,,,,,,,,,,,,,,,,,,,,,,,,,,,,,,,,,,C:\ClusterStorage\FS1-P-HYP-VM-09\P-MBA-01,C:\ClusterStorage\FS1-P-HYP-VM-09\P-MBA-01,C:\ClusterStorage\FS1-P-HYP-VM-09\P-MBA-01,,,,,,,P-HYP-CLTR-01,P-HYP-04,,,,,50b1b878-03e8-4e2f-9771-5a74b70da871,,,,,,
P-SQL-ENT-01,On,,,OK,,,OK,OK,,,,,,,,20,,73728,,2,15,,,,,,,,172.21.74.204,,,,,,,,,,,,,,,,,,,,,,,,,,,,,,,,,,,,,,,,,,C:\ClusterStorage\FS1-HYP-SQL-05\P-SQL-ENT-01\P-SQL-ENT-01,C:\ClusterStorage\FS1-HYP-SQL-05\P-SQL-ENT-01\P-SQL-ENT-01,C:\ClusterStorage\FS1-HYP-SQL-05\P-SQL-ENT-01\P-SQL-ENT-01,,,,,,,P-HYP-CLTR-01,P-HYP-04,,,,,561e72b4-9c01-41fd-8b9f-70c82c65cb47,,,,,,
P-OB-HYL-02,On,,,OK,,,OK,OK,,,,,,,,6,,16384,,1,2,,,,,,,,172.21.74.77,,,,,,,,,,,,,,,,,,,,,,,,,,,,,,,,,,,,,,,,,,C:\ClusterStorage\FS1-P-HYP-VM-02\P-OB-HYL-02,C:\ClusterStorage\FS1-P-HYP-VM-02\P-OB-HYL-02,C:\ClusterStorage\FS1-P-HYP-VM-02\P-OB-HYL-02,,,,,,,P-HYP-CLTR-01,P-HYP-04,,,,,5c351b60-d3f8-4846-9760-6a384d693255,,,,,,
P-JMET-01,On,,,OK,,,OK,OK,,,,,,,,8,,32768,,1,1,,,,,,,,172.21.74.19,,,,,,,,,,,,,,,,,,,,,,,,,,,,,,,,,,,,,,,,,,C:\ClusterStorage\FS1-P-HYP-VM-07\P-JMET-01,C:\ClusterStorage\FS1-P-HYP-VM-07\P-JMET-01,C:\ClusterStorage\FS1-P-HYP-VM-07\P-JMET-01,,,,,,,P-HYP-CLTR-01,P-HYP-04,,,,,5e3347b2-e3cc-4876-b471-28fda2180d6f,,,,,,
P-KUBE-HUB-01,On,,,OK,,,OK,OK,,,,,,,,8,,16384,,1,3,,,,,,,,172.21.74.200,,,,,,,,,,,,,,,,,,,,,,,,,,,,,,,,,,,,,,,,,,C:\ClusterStorage\FS1-P-HYP-VM-02\P-KUBE-HUB-01\P-KUBE-HUB-01,C:\ClusterStorage\FS1-P-HYP-VM-02\P-KUBE-HUB-01\P-KUBE-HUB-01,C:\ClusterStorage\FS1-P-HYP-VM-02\P-KUBE-HUB-01\P-KUBE-HUB-01,,,,,,,P-HYP-CLTR-01,P-HYP-04,,,,,63d7212a-d975-438c-816f-1ee2ecf45e1d,,,,,,
P-WS-02,On,,,OK,,,OK,OK,,,,,,,,12,,36864,,1,1,,,,,,,,172.21.74.89,,,,,,,,,,,,,,,,,,,,,,,,,,,,,,,,,,,,,,,,,,C:\ClusterStorage\FS1-P-HYP-VM-08\P-WS-02\P-WS-02,C:\ClusterStorage\FS1-P-HYP-VM-08\P-WS-02\P-WS-02,C:\ClusterStorage\FS1-P-HYP-VM-08\P-WS-02\P-WS-02,,,,,,,P-HYP-CLTR-01,P-HYP-04,,,,,81631b8b-0b23-4919-8a1c-15931ed3da77,,,,,,
P-SQL-ALW-06,On,,,OK,,,OK,OK,,,,,,,,12,,73728,,2,9,,,,,,,,172.21.86.16,,,,,,,,,,,,,,,,,,,,,,,,,,,,,,,,,,,,,,,,,,C:\ClusterStorage\FS1-HYP-SQL-06\P-SQL-ALW-06,C:\ClusterStorage\FS1-HYP-SQL-06\P-SQL-ALW-06,C:\ClusterStorage\FS1-HYP-SQL-06\P-SQL-ALW-06,,,,,,,P-HYP-CLTR-01,P-HYP-04,,,,,a965f347-62c0-4097-9c60-7c55c1e14dd1,,,,,,
P-XTRM-PURV-01,On,,,OK,,,OK,OK,,,,,,,,16,,65536,,2,2,,,,,,,,,,,,,,,,,,,,,,,,,,,,,,,,,,,,,,,,,,,,,,,,,,C:\ClusterStorage\FS1-P-HYP-VM-06\P-XTRM-PA-01,C:\ClusterStorage\FS1-P-HYP-VM-06\P-XTRM-PA-01,C:\ClusterStorage\FS1-P-HYP-VM-06\P-XTRM-PA-01,,,,,,,P-HYP-CLTR-01,P-HYP-04,,,,,ba5d7ec8-33e8-4840-9a70-e738833f5586,,,,,,
P-NEWCOS-01,On,,,OK,,,OK,OK,,,,,,,,2,,4096,,1,1,,,,,,,,172.21.21.253,,,,,,,,,,,,,,,,,,,,,,,,,,,,,,,,,,,,,,,,,,C:\ClusterStorage\FS1-P-HYP-VM-09\P-NEWCOS-01,C:\ClusterStorage\FS1-P-HYP-VM-09\P-NEWCOS-01,C:\ClusterStorage\FS1-P-HYP-VM-09\P-NEWCOS-01,,,,,,,P-HYP-CLTR-01,P-HYP-04,,,,,db95613b-eed2-46f1-a8db-db1b729cc3e5,,,,,,
P-ISE-02,On,,,OK,,,OK,OK,,,,,,,,24,,98304,,1,1,,,,,,,,172.21.20.249,,,,,,,,,,,,,,,,,,,,,,,,,,,,,,,,,,,,,,,,,,C:\ClusterStorage\FS1-P-HYP-VM-03\P-ISE-02\P-ISE-02,C:\ClusterStorage\FS1-P-HYP-VM-03\P-ISE-02\P-ISE-02,C:\ClusterStorage\FS1-P-HYP-VM-03\P-ISE-02\P-ISE-02,,,,,,,P-HYP-CLTR-01,P-HYP-04,,,,,dfae6eb4-64a5-4ceb-a4e1-cc6480b40bd8,,,,,,
P-FILE-LC-02,On,,,OK,,,OK,OK,,,,,,,,8,,16384,,2,12,,,,,,,,172.21.74.226,,,,,,,,,,,,,,,,,,,,,,,,,,,,,,,,,,,,,,,,,,C:\ClusterStorage\FS1-P-HYP-VM-04\P-FILE-LC-02,C:\ClusterStorage\FS1-P-HYP-VM-04\P-FILE-LC-02,C:\ClusterStorage\FS1-P-HYP-VM-04\P-FILE-LC-02,,,,,,,P-HYP-CLTR-01,P-HYP-04,,,,,e234a987-83b4-4284-ab76-31966ae4d535,,,,,,
P-MAGICINFO-01,On,,,OK,,,OK,OK,,,,,,,,4,,16384,,1,1,,,,,,,,172.21.75.97,,,,,,,,,,,,,,,,,,,,,,,,,,,,,,,,,,,,,,,,,,C:\ClusterStorage\FS1-P-HYP-VM-01\P-MAGICINFO-01\P-MAGICINFO-01,C:\ClusterStorage\FS1-P-HYP-VM-01\P-MAGICINFO-01\P-MAGICINFO-01,C:\ClusterStorage\FS1-P-HYP-VM-01\P-MAGICINFO-01\P-MAGICINFO-01,,,,,,,P-HYP-CLTR-01,P-HYP-05,,,,,17c32b45-592b-4389-b229-d173e1ea3fda,,,,,,
P-RDS-CBK-01,On,,,OK,,,OK,OK,,,,,,,,8,,16384,,1,1,,,,,,,,172.21.74.142,,,,,,,,,,,,,,,,,,,,,,,,,,,,,,,,,,,,,,,,,,C:\ClusterStorage\FS1-P-HYP-VM-04\P-RDS-CBK-01,C:\ClusterStorage\FS1-P-HYP-VM-04\P-RDS-CBK-01,C:\ClusterStorage\FS1-P-HYP-VM-04\P-RDS-CBK-01,,,,,,,P-HYP-CLTR-01,P-HYP-05,,,,,188dc16f-1d97-4276-9a08-4b98bb1095b4,,,,,,
P-HUBPROD-01,On,,,OK,,,OK,OK,,,,,,,,4,,16416,,1,1,,,,,,,,172.21.74.230,,,,,,,,,,,,,,,,,,,,,,,,,,,,,,,,,,,,,,,,,,C:\ClusterStorage\FS1-P-HYP-VM-09\P-HUBPROD-01\P-HUBPROD-01,C:\ClusterStorage\FS1-P-HYP-VM-09\P-HUBPROD-01\P-HUBPROD-01,C:\ClusterStorage\FS1-P-HYP-VM-09\P-HUBPROD-01\P-HUBPROD-01,,,,,,,P-HYP-CLTR-01,P-HYP-05,,,,,19b87895-d3e3-41a5-bc51-c6c3ddec47c6,,,,,,
P-RDS-LHOST-01,On,,,OK,,,OK,OK,,,,,,,,8,,16384,,1,1,,,,,,,,172.21.74.146,,,,,,,,,,,,,,,,,,,,,,,,,,,,,,,,,,,,,,,,,,C:\ClusterStorage\FS1-P-HYP-VM-05\P-RDS-LHOST-01,C:\ClusterStorage\FS1-P-HYP-VM-05\P-RDS-LHOST-01,C:\ClusterStorage\FS1-P-HYP-VM-05\P-RDS-LHOST-01,,,,,,,P-HYP-CLTR-01,P-HYP-05,,,,,1b000e82-f33c-484e-a8ec-da6809255d98,,,,,,
P-PRIME-01,On,,,OK,,,OK,OK,,,,,,,,16,,36864,,1,1,,,,,,,,172.21.77.17,,,,,,,,,,,,,,,,,,,,,,,,,,,,,,,,,,,,,,,,,,C:\ClusterStorage\FS1-P-HYP-VM-03\P-PRIME-01,C:\ClusterStorage\FS1-P-HYP-VM-03\P-PRIME-01,C:\ClusterStorage\FS1-P-HYP-VM-03\P-PRIME-01,,,,,,,P-HYP-CLTR-01,P-HYP-05,,,,,204a095a-dd6f-4b29-b395-edd56aaa08bf,,,,,,
P-RDS-WB-01,On,,,OK,,,OK,OK,,,,,,,,8,,16384,,1,1,,,,,,,,172.21.74.143,,,,,,,,,,,,,,,,,,,,,,,,,,,,,,,,,,,,,,,,,,C:\ClusterStorage\FS1-P-HYP-VM-06\P-RDS-WB-01,C:\ClusterStorage\FS1-P-HYP-VM-06\P-RDS-WB-01,C:\ClusterStorage\FS1-P-HYP-VM-06\P-RDS-WB-01,,,,,,,P-HYP-CLTR-01,P-HYP-05,,,,,260d1930-5336-4d6c-b2c4-a3243d445591,,,,,,
P-AD-MNG-01,On,,,OK,,,OK,OK,,,,,,,,8,,24576,,1,1,,,,,,,,172.21.74.125,,,,,,,,,,,,,,,,,,,,,,,,,,,,,,,,,,,,,,,,,,C:\ClusterStorage\FS1-P-HYP-VM-05\P-AD-MNG-01,C:\ClusterStorage\FS1-P-HYP-VM-05\P-AD-MNG-01,C:\ClusterStorage\FS1-P-HYP-VM-05\P-AD-MNG-01,,,,,,,P-HYP-CLTR-01,P-HYP-05,,,,,307f1e98-3fa4-4178-98a1-3ba92f2988d2,,,,,,
P-ARGOS-APP-02,On,,,OK,,,OK,OK,,,,,,,,4,,16384,,1,1,,,,,,,,172.21.75.153,,,,,,,,,,,,,,,,,,,,,,,,,,,,,,,,,,,,,,,,,,C:\ClusterStorage\FS1-P-HYP-VM-08\P-ARGOS-APP-02,C:\ClusterStorage\FS1-P-HYP-VM-08\P-ARGOS-APP-02,C:\ClusterStorage\FS1-P-HYP-VM-08\P-ARGOS-APP-02,,,,,,,P-HYP-CLTR-01,P-HYP-05,,,,,3c19b836-49d0-431d-b63c-a8f024753f1c,,,,,,
P-KUBE-HUB-02,On,,,OK,,,OK,OK,,,,,,,,8,,16384,,1,3,,,,,,,,172.21.74.201,,,,,,,,,,,,,,,,,,,,,,,,,,,,,,,,,,,,,,,,,,C:\ClusterStorage\FS1-P-HYP-VM-02\P-KUBE-HUB-02\P-KUBE-HUB-02,C:\ClusterStorage\FS1-P-HYP-VM-02\P-KUBE-HUB-02\P-KUBE-HUB-02,C:\ClusterStorage\FS1-P-HYP-VM-02\P-KUBE-HUB-02\P-KUBE-HUB-02,,,,,,,P-HYP-CLTR-01,P-HYP-05,,,,,3e3f69f9-2521-4c2b-9330-438b820ba1ef,,,,,,
P-RDS-SHOST-02,On,,,OK,,,OK,OK,,,,,,,,12,,24576,,1,2,,,,,,,,172.21.74.145,,,,,,,,,,,,,,,,,,,,,,,,,,,,,,,,,,,,,,,,,,C:\ClusterStorage\FS1-P-HYP-VM-06\P-RDS-SHOST-02,C:\ClusterStorage\FS1-P-HYP-VM-06\P-RDS-SHOST-02,C:\ClusterStorage\FS1-P-HYP-VM-06\P-RDS-SHOST-02,,,,,,,P-HYP-CLTR-01,P-HYP-05,,,,,50db9cab-3190-4f01-a936-2a972dd5ced3,,,,,,
P-LH-02,On,,,OK,,,OK,OK,,,,,,,,4,,8192,,1,1,,,,,,,,172.21.77.29,,,,,,,,,,,,,,,,,,,,,,,,,,,,,,,,,,,,,,,,,,C:\ClusterStorage\FS1-P-HYP-VM-08\P-LH-02,C:\ClusterStorage\FS1-P-HYP-VM-08\P-LH-02,C:\ClusterStorage\FS1-P-HYP-VM-08\P-LH-02,,,,,,,P-HYP-CLTR-01,P-HYP-05,,,,,556884a2-c6f9-4bd1-a033-1dbb768874e4,,,,,,
P-MICROS-01,On,,,OK,,,OK,OK,,,,,,,,4,,16384,,1,2,,,,,,,,172.21.65.9,,,,,,,,,,,,,,,,,,,,,,,,,,,,,,,,,,,,,,,,,,C:\ClusterStorage\FS1-P-HYP-VM-08\P-MICROS-01,C:\ClusterStorage\FS1-P-HYP-VM-08\P-MICROS-01,C:\ClusterStorage\FS1-P-HYP-VM-08\P-MICROS-01,,,,,,,P-HYP-CLTR-01,P-HYP-05,,,,,66ae81b4-0681-4f78-a8a6-d30680fb961b,,,,,,
P-LH-06,On,,,OK,,,OK,OK,,,,,,,,4,,8192,,1,1,,,,,,,,172.21.228.228,,,,,,,,,,,,,,,,,,,,,,,,,,,,,,,,,,,,,,,,,,C:\ClusterStorage\FS1-P-HYP-VM-08\P-ARCGIS-03\P-ARCGIS-03,C:\ClusterStorage\FS1-P-HYP-VM-08\P-ARCGIS-03\P-ARCGIS-03,C:\ClusterStorage\FS1-P-HYP-VM-08\P-ARCGIS-03\P-ARCGIS-03,,,,,,,P-HYP-CLTR-01,P-HYP-05,,,,,7654fd22-2024-41b2-9932-0b00c6846a58,,,,,,
P-SIMP-01,On,,,OK,,,OK,OK,,,,,,,,4,,8192,,1,1,,,,,,,,172.21.65.60,,,,,,,,,,,,,,,,,,,,,,,,,,,,,,,,,,,,,,,,,,C:\ClusterStorage\FS1-P-HYP-VM-09\P-SIMP-01\P-SIMP-01,C:\ClusterStorage\FS1-P-HYP-VM-09\P-SIMP-01\P-SIMP-01,C:\ClusterStorage\FS1-P-HYP-VM-09\P-SIMP-01\P-SIMP-01,,,,,,,P-HYP-CLTR-01,P-HYP-05,,,,,8f207a57-ae4b-4b3c-92cd-8769005736ec,,,,,,
P-LH-03,On,,,OK,,,OK,OK,,,,,,,,2,,8192,,1,1,,,,,,,,172.21.77.23,,,,,,,,,,,,,,,,,,,,,,,,,,,,,,,,,,,,,,,,,,C:\ClusterStorage\FS1-P-HYP-VM-08\P-LH-03,C:\ClusterStorage\FS1-P-HYP-VM-08\P-LH-03,C:\ClusterStorage\FS1-P-HYP-VM-08\P-LH-03,,,,,,,P-HYP-CLTR-01,P-HYP-05,,,,,9057d222-d30b-43df-9f78-b6d2e91c56ae,,,,,,
P-RDS-SH-05,On,,,OK,,,OK,OK,,,,,,,,14,,43008,,1,2,,,,,,,,172.21.75.82,,,,,,,,,,,,,,,,,,,,,,,,,,,,,,,,,,,,,,,,,,C:\ClusterStorage\FS1-P-HYP-VM-05\P-RDS-SH-05,C:\ClusterStorage\FS1-P-HYP-VM-05\P-RDS-SH-05,C:\ClusterStorage\FS1-P-HYP-VM-05\P-RDS-SH-05,,,,,,,P-HYP-CLTR-01,P-HYP-05,,,,,a97486e9-b103-460a-9d86-e4129b994234,,,,,,
P-RDS-CBK-02,On,,,OK,,,OK,OK,,,,,,,,8,,16384,,1,1,,,,,,,,172.21.74.156,,,,,,,,,,,,,,,,,,,,,,,,,,,,,,,,,,,,,,,,,,C:\ClusterStorage\FS1-P-HYP-VM-04\P-RDS-CBK-02,C:\ClusterStorage\FS1-P-HYP-VM-04\P-RDS-CBK-02,C:\ClusterStorage\FS1-P-HYP-VM-04\P-RDS-CBK-02,,,,,,,P-HYP-CLTR-01,P-HYP-05,,,,,af3d1a55-c37f-4f2d-bd69-aab74aab0a9f,,,,,,
P-MDWARE-APP-01,On,,,OK,,,OK,OK,,,,,,,,8,,16384,,1,2,,,,,,,,172.21.80.23,,,,,,,,,,,,,,,,,,,,,,,,,,,,,,,,,,,,,,,,,,C:\ClusterStorage\FS1-P-HYP-VM-05\P-MDWARE-APP-01,C:\ClusterStorage\FS1-P-HYP-VM-05\P-MDWARE-APP-01,C:\ClusterStorage\FS1-P-HYP-VM-05\P-MDWARE-APP-01,,,,,,,P-HYP-CLTR-01,P-HYP-05,,,,,b7dc315d-db3e-4f10-99fd-5bf461ae7e41,,,,,,
P-RDS-GTW-02,On,,,OK,,,OK,OK,,,,,,,,8,,16384,,1,1,,,,,,,,172.21.74.147,,,,,,,,,,,,,,,,,,,,,,,,,,,,,,,,,,,,,,,,,,C:\ClusterStorage\FS1-P-HYP-VM-09\P-RDS-GTW-02,C:\ClusterStorage\FS1-P-HYP-VM-09\P-RDS-GTW-02,C:\ClusterStorage\FS1-P-HYP-VM-09\P-RDS-GTW-02,,,,,,,P-HYP-CLTR-01,P-HYP-05,,,,,c1619df2-c68b-41db-8d05-b099620582c8,,,,,,
P-LH-01,On,,,OK,,,OK,OK,,,,,,,,8,,8192,,1,1,,,,,,,,172.21.77.27,,,,,,,,,,,,,,,,,,,,,,,,,,,,,,,,,,,,,,,,,,C:\ClusterStorage\FS1-P-HYP-VM-02\P-LH-01,C:\ClusterStorage\FS1-P-HYP-VM-02\P-LH-01,C:\ClusterStorage\FS1-P-HYP-VM-02\P-LH-01,,,,,,,P-HYP-CLTR-01,P-HYP-05,,,,,c253ad4d-664e-4ca3-83ba-5c792d116992,,,,,,
P-SQL-ENT-02,On,,,OK,,,OK,OK,,,,,,,,20,,73728,,2,15,,,,,,,,172.21.74.127,,,,,,,,,,,,,,,,,,,,,,,,,,,,,,,,,,,,,,,,,,C:\ClusterStorage\FS1-HYP-SQL-06\P-SQL-ENT-02\P-SQL-ENT-02,C:\ClusterStorage\FS1-HYP-SQL-06\P-SQL-ENT-02\P-SQL-ENT-02,C:\ClusterStorage\FS1-HYP-SQL-06\P-SQL-ENT-02\P-SQL-ENT-02,,,,,,,P-HYP-CLTR-01,P-HYP-05,,,,,c59eee3a-7e55-4675-a452-3cfa675f7241,,,,,,
P-PBI-02,On,,,OK,,,OK,OK,,,,,,,,8,,16384,,1,1,,,,,,,,172.21.75.170,,,,,,,,,,,,,,,,,,,,,,,,,,,,,,,,,,,,,,,,,,C:\ClusterStorage\FS1-P-HYP-VM-01\P-PBI-02,C:\ClusterStorage\FS1-P-HYP-VM-01\P-PBI-02,C:\ClusterStorage\FS1-P-HYP-VM-01\P-PBI-02,,,,,,,P-HYP-CLTR-01,P-HYP-05,,,,,c6f81cc4-b89a-4527-90e5-cc2d6d820c3d,,,,,,
P-PRO-SD-01,On,,,OK,,,OK,OK,,,,,,,,4,,8192,,1,2,,,,,,,,172.21.75.98,,,,,,,,,,,,,,,,,,,,,,,,,,,,,,,,,,,,,,,,,,C:\ClusterStorage\FS1-P-HYP-VM-07\P-PRO-SD-01,C:\ClusterStorage\FS1-P-HYP-VM-07\P-PRO-SD-01,C:\ClusterStorage\FS1-P-HYP-VM-07\P-PRO-SD-01,,,,,,,P-HYP-CLTR-01,P-HYP-05,,,,,d17e046e-9a4f-4e4c-a7bf-1cf1226f1081,,,,,,
P-RDS-WB-02,On,,,OK,,,OK,OK,,,,,,,,8,,16384,,1,1,,,,,,,,172.21.74.148,,,,,,,,,,,,,,,,,,,,,,,,,,,,,,,,,,,,,,,,,,C:\ClusterStorage\FS1-P-HYP-VM-09\P-RDS-WB-02,C:\ClusterStorage\FS1-P-HYP-VM-09\P-RDS-WB-02,C:\ClusterStorage\FS1-P-HYP-VM-09\P-RDS-WB-02,,,,,,,P-HYP-CLTR-01,P-HYP-05,,,,,d7849761-834e-4868-89f5-d01380087c09,,,,,,
P-ACC-FEN-01,On,,,OK,,,OK,OK,,,,,,,,8,,16384,,1,1,,,,,,,,172.21.74.85,,,,,,,,,,,,,,,,,,,,,,,,,,,,,,,,,,,,,,,,,,C:\ClusterStorage\FS1-P-HYP-VM-06\P-ACC-FEN-01\P-ACC-FEN-01,C:\ClusterStorage\FS1-P-HYP-VM-06\P-ACC-FEN-01\P-ACC-FEN-01,C:\ClusterStorage\FS1-P-HYP-VM-06\P-ACC-FEN-01\P-ACC-FEN-01,,,,,,,P-HYP-CLTR-01,P-HYP-05,,,,,da2a8aff-4825-4b97-85e6-269e9eea9ee6,,,,,,
P-LH-04,On,,,OK,,,OK,OK,,,,,,,,4,,8192,,2,1,,,,,,,,172.21.77.34,,,,,,,,,,,,,,,,,,,,,,,,,,,,,,,,,,,,,,,,,,C:\ClusterStorage\FS1-P-HYP-VM-08\P-LH-04,C:\ClusterStorage\FS1-P-HYP-VM-08\P-LH-04,C:\ClusterStorage\FS1-P-HYP-VM-08\P-LH-04,,,,,,,P-HYP-CLTR-01,P-HYP-05,,,,,e7c342b0-8e26-417c-9d06-b2114c49a0a4,,,,,,
P-CSM-DB-01,On,,,OK,,,OK,OK,,,,,,,,4,,16384,,1,1,,,,,,,,172.21.65.45,,,,,,,,,,,,,,,,,,,,,,,,,,,,,,,,,,,,,,,,,,C:\ClusterStorage\FS1-P-HYP-VM-02\P-HV-DB-01\P-HV-DB-01,C:\ClusterStorage\FS1-P-HYP-VM-02\P-HV-DB-01\P-HV-DB-01,C:\ClusterStorage\FS1-P-HYP-VM-02\P-HV-DB-01\P-HV-DB-01,,,,,,,P-HYP-CLTR-01,P-HYP-05,,,,,e87a88af-a0a7-4463-a6cd-e8d3a3783369,,,,,,
P-XTRM-IQSE-01,On,,,OK,,,OK,OK,,,,,,,,24,,65536,,1,2,,,,,,,,,,,,,,,,,,,,,,,,,,,,,,,,,,,,,,,,,,,,,,,,,,C:\ClusterStorage\FS1-P-HYP-VM-06\P-XTRM-CLOUDSE-01,C:\ClusterStorage\FS1-P-HYP-VM-06\P-XTRM-CLOUDSE-01,C:\ClusterStorage\FS1-P-HYP-VM-06\P-XTRM-CLOUDSE-01,,,,,,,P-HYP-CLTR-01,P-HYP-05,,,,,f3d578c3-39d8-4ad1-ab26-b2350e6983b3,,,,,,
