VM,Powerstate,Template,SRM Placeholder,NIC label,Adapter,Network,Switch,Connected,Starts Connected,Mac Address,Type,IPv4 Address,IPv6 Address,Direct Path IO,Internal Sort Column,Annotation,Backup status,ClusterInvariantVMMId,Last backup,Datacenter,Cluster,Host,Folder,OS according to the configuration file,OS according to the VMware Tools,VM ID,VM UUID,VI SDK Server,VI SDK UUID
S3-P-AD-DS-UIO-01,Running,,,Network Adapter,,SETSwHyperv,SETSwHyperv,True,,00:15:5D:15:34:0B,,172.21.75.72,,,,,,,,,,S-HYP-01,,,,310e728b-a3ad-4b60-8bb0-9266ce968481,,,
S3-P-AD-DS-03,Running,,,Network Adapter,,SETSwHyperv,SETSwHyperv,True,,00:15:5D:15:34:0A,,172.21.75.4,,,,,,,,,,S-HYP-01,,,,4e1a2886-a19f-4fd2-998a-a8e1ad79b173,,,
S3-P-AD-DS-04,Running,,,Network adapter 1,,SETSwHyperv,SETSwHyperv,True,,00:15:5D:15:34:09,,172.21.75.75,fe80::d720:1805:7856:e95b,,,,,,,,,S-HYP-01,,,,ab196ede-d535-4f48-828e-94b3a3d44970,,,
S2-P-AD-DS-03,Running,,,Network Adapter,,SETSwHyperv,SETSwHyperv,True,,00:15:5D:15:34:07,,172.21.75.4,fe80::a7a:fc17:bb51:4777,,,,,,,,,S-HYP-01,,,,ac580a35-397a-4642-b4bf-3f535cd14c44,,,
S3-P-AD-DS-UIO-02,Running,,,Network Adapter,,SETSwHyperv,SETSwHyperv,True,,00:15:5D:15:34:0C,,172.21.75.73,fe80::cc46:9831:1c16:e6ef,,,,,,,,,S-HYP-01,,,,d9998e48-2f88-4828-9f18-866751a46600,,,
S2-P-RADFS4-01,Running,,,Network Adapter,,SETSwHyperv,SETSwHyperv,True,,00:15:5D:15:34:08,,172.21.75.43,fe80::aa45:77d5:5c01:5ce4,,,,,,,,,S-HYP-01,,,,e643c790-4e8f-4329-9ddb-6968629a3837,,,
T-KUBE-LINUX-WORK-01,Running,,,Network Adapter,,SETSwHyperv,SETSwHyperv,True,,00:15:5D:1F:E2:1C,,172.21.63.244,fe80::215:5dff:fe1f:e21c,,,,,,,,,T-HYP-01,,,,030cbfe1-15a8-4041-a86e-01a1ea840326,,,
D-SQL-ALW-02,Running,,,Network Adapter,,SETSwHyperv,SETSwHyperv,True,,00:15:5D:A0:C7:22,,"172.21.64.65,172.21.64.62",,,,,,,,,,T-HYP-01,,,,0d4148cf-f2f7-4411-8168-29243d5a4d5e,,,
D-SQL-ALW-02,Running,,,Network Adapter,,SETSwHyperv,SETSwHyperv,True,,00:15:5D:A0:C7:23,,172.21.86.115,,,,,,,,,,T-HYP-01,,,,0d4148cf-f2f7-4411-8168-29243d5a4d5e,,,
T-SQL-ENV-03,Running,,,Network Adapter,,SETSwHyperv,SETSwHyperv,True,,00:15:5D:A0:C7:20,,172.21.64.95,fe80::8e73:a8b9:87bf:bdb2,,,,,,,,,T-HYP-01,,,,1d91d4a1-7b2d-4316-aa69-805335fecc22,,,
T-SQL-ENV-03,Running,,,Network Adapter,,SETSwHyperv,SETSwHyperv,True,,00:15:5D:A0:C7:21,,172.21.86.133,fe80::49f7:c5ff:ebce:3c8,,,,,,,,,T-HYP-01,,,,1d91d4a1-7b2d-4316-aa69-805335fecc22,,,
T-LB-APP-SRV-02,Running,,,Network Adapter,,SETSwHyperv,SETSwHyperv,True,,00:15:5D:A0:C7:11,,"172.21.64.116,172.21.64.119,172.21.64.117,172.21.64.122",fe80::215:5dff:fea0:c711,,,,,,,,,T-HYP-01,,,,1e0e6a0b-43e1-452d-ba61-3616ca19246a,,,
T-APP-IA-01,Running,,,Network Adapter,,SETSwHyperv,SETSwHyperv,True,,00:15:5D:1F:E2:17,,172.21.64.106,fe80::215:5dff:fe1f:e217,,,,,,,,,T-HYP-01,,,,2fef90d0-0162-46c2-9397-d2163d9403bf,,,
T-GRAFANA-01,Running,,,Network Adapter,,SETSwHyperv,SETSwHyperv,True,,00:15:5D:A0:C7:25,,172.21.64.92,fe80::215:5dff:fea0:c725,,,,,,,,,T-HYP-01,,,,31c8fd27-40f1-4649-ac20-516c7052a8dd,,,
T-SQL-ENV-02,Running,,,Network Adapter,,SETSwHyperv,SETSwHyperv,True,,00:15:5D:A0:C7:07,,"172.21.64.97,172.21.64.94,172.21.64.76,172.21.64.63,172.21.64.30",fe80::e727:1384:68bb:2b95,,,,,,,,,T-HYP-01,,,,326b043f-b93d-4179-aae5-4753d56db599,,,
T-SQL-ENV-02,Running,,,Network Adapter,,SETSwHyperv,SETSwHyperv,True,,00:15:5D:A0:C7:08,,172.21.86.132,fe80::9ec7:bfdb:4e0a:21ac,,,,,,,,,T-HYP-01,,,,326b043f-b93d-4179-aae5-4753d56db599,,,
T-SQL-ALW-01,Running,,,Network Adapter,,SETSwHyperv,SETSwHyperv,True,,00:15:5D:A0:C7:1C,,172.21.64.22,,,,,,,,,,T-HYP-01,,,,3cd04e2e-e3f5-4520-bf70-c916b3ed4334,,,
T-SQL-ALW-01,Running,,,Network Adapter,,SETSwHyperv,SETSwHyperv,True,,00:15:5D:A0:C7:1D,,172.21.86.110,,,,,,,,,,T-HYP-01,,,,3cd04e2e-e3f5-4520-bf70-c916b3ed4334,,,
T-ARGOS-APP-02,Running,,,Network Adapter,,SETSwHyperv,SETSwHyperv,True,,00:15:5D:CE:50:92,,172.21.64.37,fe80::8bf4:b7ef:e2fc:cbd1,,,,,,,,,T-HYP-01,,,,4c44843c-acb9-4b42-9f06-a19aaaba2558,,,
D-OB-HYL-01,Running,,,Network Adapter,,SETSwHyperv,SETSwHyperv,True,,00:15:5D:A0:C7:0B,,172.21.64.71,fe80::3ba4:8524:90aa:f9f8,,,,,,,,,T-HYP-01,,,,72a88e20-3cf5-4b4f-89ad-f9670e79f740,,,
T-APP-IABDD-01,Running,,,Network Adapter,,SETSwHyperv,SETSwHyperv,True,,00:15:5D:1F:E2:18,,172.21.64.107,fe80::215:5dff:fe1f:e218,,,,,,,,,T-HYP-01,,,,7d5c40d9-fcd9-4b0a-b10e-16bc6b461147,,,
D-ARGOS-APP-02,Running,,,Network Adapter,,SETSwHyperv,SETSwHyperv,True,,00:15:5D:A0:C7:0E,,172.21.64.38,fe80::c927:fe62:af5:11ef,,,,,,,,,T-HYP-01,,,,834b5457-984d-4fea-a81c-557de9085f6b,,,
T-SIMP-01,Running,,,Network Adapter,,SETSwHyperv,SETSwHyperv,True,,00:15:5D:A0:C7:24,,172.21.64.60,fe80::215:5dff:fea0:c724,,,,,,,,,T-HYP-01,,,,85906124-acb7-4abc-b442-8604b24eb72c,,,
T-SQL-02,Running,,,Network Adapter,,SETSwHyperv,SETSwHyperv,True,,00:15:5D:A0:C7:1A,,"172.21.64.67,172.21.64.56,172.21.64.31",fe80::8b38:89a5:8993:21ec,,,,,,,,,T-HYP-01,,,,955e7e22-0270-4d11-a89a-66ba65908730,,,
T-SQL-02,Running,,,Network Adapter,,SETSwHyperv,SETSwHyperv,True,,00:15:5D:A0:C7:1B,,172.21.86.122,,,,,,,,,,T-HYP-01,,,,955e7e22-0270-4d11-a89a-66ba65908730,,,
T-PBI-01,Running,,,Network Adapter,,SETSwHyperv,SETSwHyperv,True,,00:15:5D:1F:E2:0C,,172.21.64.20,fe80::879d:7f1:2e55:8f7d,,,,,,,,,T-HYP-01,,,,a3e96954-a1eb-4df8-afea-e97455603bbb,,,
T-RPA-02,Running,,,Network Adapter,,SETSwHyperv,SETSwHyperv,True,,00:15:5D:1F:E2:19,,172.21.64.47,fe80::1b65:d3bb:4b31:14b8,,,,,,,,,T-HYP-01,,,,a86445c3-3934-47ec-bb0c-171b6654a0c7,,,
T-APP-CICD-01,Running,,,Network Adapter,,SETSwHyperv,SETSwHyperv,True,,00:15:5D:1F:E2:16,,172.21.65.80,fe80::215:5dff:fe1f:e216,,,,,,,,,T-HYP-01,,,,bcb31778-b1b8-464e-9e68-270e36cfe16c,,,
T-DCK-WIN-01,Running,,,Network Adapter,,SETSwHyperv,SETSwHyperv,True,,00:15:5D:1F:E2:15,,172.21.64.110,fe80::fd33:b9fb:399f:d9fe,,,,,,,,,T-HYP-01,,,,c1c0ef8c-e3e4-4e1f-8213-238e48e3f9c6,,,
T-HUBPROD-01,Running,,,Network Adapter,,SETSwHyperv,SETSwHyperv,True,,00:15:5D:1F:E2:11,,172.21.64.58,fe80::6ea3:46c4:9cb5:8974,,,,,,,,,T-HYP-01,,,,c3a91594-ce3c-463a-b14a-c32961693144,,,
T-SQL-ENV-04,Running,,,Network Adapter,,SETSwHyperv,SETSwHyperv,True,,00:15:5D:A0:C7:03,,"172.21.64.98,172.21.64.96,172.21.64.29",fe80::971:345:e6f7:b2ac,,,,,,,,,T-HYP-01,,,,cf6c7c69-6fae-4781-bad1-e86597849112,,,
T-SQL-ENV-04,Running,,,Network Adapter,,SETSwHyperv,SETSwHyperv,True,,00:15:5D:A0:C7:04,,172.21.86.134,fe80::370:a93e:612f:9b39,,,,,,,,,T-HYP-01,,,,cf6c7c69-6fae-4781-bad1-e86597849112,,,
T-KUBE-WORK-01,Running,,,Network Adapter,,SETSwHyperv,SETSwHyperv,True,,00:15:5D:A0:C7:0F,,172.21.63.246,fe80::1ce9:4219:66e1:2c9c,,,,,,,,,T-HYP-01,,,,e70144d1-1b26-409c-bd54-aa4728f53e05,,,
T-FILE-LC-02,Running,,,Network Adapter,,SETSwHyperv,SETSwHyperv,True,,00:15:5D:A0:C7:16,,172.21.64.46,fe80::e45f:2dba:c31:cd1e,,,,,,,,,T-HYP-01,,,,ec69fd89-3de5-4025-897b-59f4531ad347,,,
T-FILE-LC-02,Running,,,Network Adapter,,SETSwHyperv,SETSwHyperv,True,,00:15:5D:A0:C7:17,,172.21.86.117,,,,,,,,,,T-HYP-01,,,,ec69fd89-3de5-4025-897b-59f4531ad347,,,
T-APP-IASRV-01,Running,,,Network Adapter,,SETSwHyperv,SETSwHyperv,True,,00:15:5D:1F:E2:13,,172.21.64.108,fe80::215:5dff:fe1f:e213,,,,,,,,,T-HYP-03,,,,42cca25a-1c35-4efb-896d-591a63c0172c,,,
T-SQL-ENV-01,Running,,,Network Adapter,,SETSwHyperv,SETSwHyperv,True,,00:15:5D:A0:C7:1E,,172.21.64.93,fe80::2931:5e97:69d0:c5c9,,,,,,,,,T-HYP-03,,,,9143e3c5-5fa6-4d82-9858-6404b2b11266,,,
T-SQL-ENV-01,Running,,,Network Adapter,,SETSwHyperv,SETSwHyperv,True,,00:15:5D:A0:C7:1F,,172.21.86.131,fe80::4855:45e5:63fd:f246,,,,,,,,,T-HYP-03,,,,9143e3c5-5fa6-4d82-9858-6404b2b11266,,,
T-FORTI-01,Off,,,Network Adapter,,SETSwHyperv,SETSwHyperv,True,,00:15:5D:01:B4:64,,,,,,,,,,,,T-HYP-03,,,,9ce74e99-2ad3-427e-bd3a-713d1517065f,,,
T-FORTI-01,Off,,,Network Adapter,,SETSwHyperv,SETSwHyperv,True,,00:15:5D:01:B4:65,,,,,,,,,,,,T-HYP-03,,,,9ce74e99-2ad3-427e-bd3a-713d1517065f,,,
T-LB-APP-SRV-01,Running,,,Network Adapter,,SETSwHyperv,SETSwHyperv,True,,00:15:5D:1F:E2:1D,,"172.21.64.115,172.21.64.118,172.21.64.120,172.21.64.121",fe80::215:5dff:fe1f:e21d,,,,,,,,,T-HYP-03,,,,aa7e9cf6-1654-4364-88bc-975f1c5d1902,,,
T-APP-GITLAB-01,Running,,,Network Adapter,,SETSwHyperv,SETSwHyperv,True,,00:15:5D:1F:E2:14,,172.21.64.68,fe80::215:5dff:fe1f:e214,,,,,,,,,T-HYP-03,,,,e2994d01-9063-4ae6-af61-a3059c9e7949,,,
T-KUBE-LINUX-WORK-02,Running,,,Network Adapter,,SETSwHyperv,SETSwHyperv,True,,00:15:5D:A0:C7:10,,172.21.63.245,fe80::215:5dff:fea0:c710,,,,,,,,,T-HYP-03,,,,f22a0a35-3081-41e4-a16d-19b5be1a59d3,,,
P-DL-GTW-01,Running,,,Network Adapter,,SETSwHyperv,SETSwHyperv,True,,00:15:5D:21:E0:37,,172.21.74.171,fe80::4caf:2484:34d7:b028,,,,,,,,,P-HYP-01,,,,13bc043c-9284-438e-92fa-342062fcea67,,,
P-RDS-SHOST-01,Running,,,Network Adapter,,SETSwHyperv,SETSwHyperv,True,,00:15:5D:FB:C3:32,,172.21.74.144,fe80::2e89:1234:65e5:6e61,,,,,,,,,P-HYP-01,,,,1c7a11e0-aa25-4147-a572-56f85803abfc,,,
P-AD-DS-03,Running,,,Network Adapter,,SETSwHyperv,SETSwHyperv,True,,00:15:5D:FB:C3:3E,,172.21.75.4,,,,,,,,,,P-HYP-01,,,,1eca5fda-1780-4207-899f-9175919d9417,,,
P-CRM-APP-01,Running,,,Network Adapter,,SETSwHyperv,SETSwHyperv,True,,00:15:5D:FB:04:14,,172.21.75.187,,,,,,,,,,P-HYP-01,,,,336d4f67-5d62-417b-9fd9-7ad2b0aa7880,,,
P-ACC-FEN-02,Running,,,Network Adapter,,SETSwHyperv,SETSwHyperv,True,,00:15:5D:FB:C3:46,,172.21.74.86,fe80::6781:76fa:8585:646d,,,,,,,,,P-HYP-01,,,,35ac4245-ebca-4b9a-94e0-4cdc4268328a,,,
P-GP-NOMINA-02,Running,,,Network Adapter,,SETSwHyperv,SETSwHyperv,True,,00:15:5D:2E:B7:DC,,172.21.80.12,,,,,,,,,,P-HYP-01,,,,3a07cfc1-cd84-4d2b-9a5c-1c11047f6df5,,,
P-SDNS-04,Off,,,Network Adapter,,SETSwHyperv,SETSwHyperv,True,,00:15:5D:FB:C3:06,,,,,,,,,,,,P-HYP-01,,,,4aca5fd9-4b62-4093-b702-9803d269c797,,,
P-SDNS-04,Off,,,Network Adapter,,SETSwHyperv,SETSwHyperv,True,,00:15:5D:FB:C3:07,,,,,,,,,,,,P-HYP-01,,,,4aca5fd9-4b62-4093-b702-9803d269c797,,,
P-APP-IABDD-01,Running,,,Network Adapter,,SETSwHyperv,SETSwHyperv,True,,00:15:5D:2E:B7:AD,,172.21.74.169,fe80::215:5dff:fe2e:b7ad,,,,,,,,,P-HYP-01,,,,56218d4a-83a7-470c-9a62-e0dfdf101bdf,,,
P-APP-IA-01,Running,,,Network Adapter,,SETSwHyperv,SETSwHyperv,True,,00:15:5D:2E:B7:E1,,172.21.74.168,fe80::215:5dff:fe2e:b7e1,,,,,,,,,P-HYP-01,,,,674b5df0-8a9e-45bb-8462-ae4bb6243505,,,
P-OB-WEB-02,Running,,,Network Adapter,,SETSwHyperv,SETSwHyperv,True,,00:15:5D:2E:B7:D7,,172.21.74.76,fe80::c25e:ee28:c8b3:e1b4,,,,,,,,,P-HYP-01,,,,6fbc7ed6-5622-4480-97f4-098008508d21,,,
P-ISE-01,Running,,,Network Adapter,,SETSwHyperv,SETSwHyperv,True,,00:15:5D:D6:C6:24,,172.21.21.249,fe80::215:5dff:fed6:c624,,,,,,,,,P-HYP-01,,,,71f4ceea-716e-44da-91fb-753287396f80,,,
P-PBI-01,Running,,,Network Adapter,,SETSwHyperv,SETSwHyperv,True,,00:15:5D:FB:C3:48,,172.21.75.168,fe80::5888:f1d3:4811:20b1,,,,,,,,,P-HYP-01,,,,723f5d5c-cf97-4c99-b49e-6f74f2f9e460,,,
P-SEG-ACC-01,Running,,,Network Adapter,,SETSwHyperv,SETSwHyperv,True,,00:15:5D:FB:C3:45,,172.21.75.120,fe80::107d:249e:233b:2c4f,,,,,,,,,P-HYP-01,,,,7a551320-576c-4413-9a96-f3468f052b06,,,
P-XTRM-NAC-01,Running,,,eth0,,SETSwHyperv,SETSwHyperv,True,,00:15:5D:21:E0:06,,,,,,,,,,,,P-HYP-01,,,,7e316fd4-b519-4acc-9ae1-0fa2cc5d5754,,,
P-XTRM-NAC-01,Running,,,eth1,,SETSwHyperv,SETSwHyperv,True,,00:15:5D:21:E0:07,,,,,,,,,,,,P-HYP-01,,,,7e316fd4-b519-4acc-9ae1-0fa2cc5d5754,,,
P-SQL-ALW-05,Running,,,Network Adapter,,SETSwHyperv,SETSwHyperv,True,,00:15:5D:FB:C3:43,,172.21.74.71,,,,,,,,,,P-HYP-01,,,,8a3deb3c-7623-45a2-9d47-36cc9d248b3b,,,
P-SQL-ALW-05,Running,,,Network Adapter,,SETSwHyperv,SETSwHyperv,True,,00:15:5D:FB:C3:44,,172.21.86.15,,,,,,,,,,P-HYP-01,,,,8a3deb3c-7623-45a2-9d47-36cc9d248b3b,,,
P-WS-INT-01,Running,,,Network Adapter,,SETSwHyperv,SETSwHyperv,True,,00:15:5D:FB:C3:47,,172.21.74.57,fe80::2526:ebe:b46e:e4be,,,,,,,,,P-HYP-01,,,,93be933c-bcbd-4180-8b1e-8073c4bb93ca,,,
P-RDS-GTW-01,Running,,,Network Adapter,,SETSwHyperv,SETSwHyperv,True,,00:15:5D:FB:C3:2E,,172.21.74.141,fe80::6e3f:e6e9:8798:2f0a,,,,,,,,,P-HYP-01,,,,960279a4-023f-47c0-be22-ff4a7763a221,,,
P-SCHEDULE-01,Running,,,Network Adapter,,SETSwHyperv,SETSwHyperv,True,,00:15:5D:D6:C6:FA,,172.21.75.47,fe80::9493:5bff:ab7:e20c,,,,,,,,,P-HYP-01,,,,978b39ba-89a4-464d-8168-98e71a4d6e00,,,
P-SQL-ALW-B2,Off,,,Network Adapter,,SETSwHyperv,SETSwHyperv,True,,00:15:5D:2E:B7:99,,,,,,,,,,,,P-HYP-01,,,,bda0d98b-1b95-427d-bd84-b9477e79ebd6,,,
P-SQL-ALW-B2,Off,,,Network Adapter,,SETSwHyperv,SETSwHyperv,True,,00:15:5D:2E:B7:9A,,,,,,,,,,,,P-HYP-01,,,,bda0d98b-1b95-427d-bd84-b9477e79ebd6,,,
P-DHCP-03,Running,,,Network Adapter,,SETSwHyperv,SETSwHyperv,True,,00:15:5D:FB:C3:04,,172.21.77.11,,,,,,,,,,P-HYP-01,,,,be4c3274-633a-4963-9c2b-8a6490d79883,,,
P-SQL-ALW-03,Running,,,Network Adapter,,SETSwHyperv,SETSwHyperv,True,,00:15:5D:FB:C3:41,,172.21.86.13,,,,,,,,,,P-HYP-01,,,,c809deb9-9fe9-4d46-9839-586fa513abf6,,,
P-SQL-ALW-03,Running,,,Network Adapter,,SETSwHyperv,SETSwHyperv,True,,00:15:5D:FB:C3:42,,"172.21.74.53,172.21.74.39",,,,,,,,,,P-HYP-01,,,,c809deb9-9fe9-4d46-9839-586fa513abf6,,,
P-OB-HYL-01,Running,,,Network Adapter,,SETSwHyperv,SETSwHyperv,True,,00:15:5D:21:E0:40,,172.21.74.167,fe80::e4f6:14ea:ac29:42de,,,,,,,,,P-HYP-01,,,,cbc0b9c6-dcfa-417e-8e7a-f3550c94a1c9,,,
P-SDNS-02,Running,,,Network Adapter,,SETSwHyperv,SETSwHyperv,True,,00:15:5D:21:E0:44,,172.21.75.199,,,,,,,,,,P-HYP-01,,,,e404fbd2-64f8-419d-9036-f7a2facfc395,,,
P-SDNS-02,Running,,,Network Adapter,,SETSwHyperv,SETSwHyperv,True,,00:15:5D:21:E0:45,,,,,,,,,,,,P-HYP-01,,,,e404fbd2-64f8-419d-9036-f7a2facfc395,,,
P-SQL-ALW-B1,Off,,,Network Adapter,,SETSwHyperv,SETSwHyperv,True,,00:15:5D:D6:C6:E5,,,,,,,,,,,,P-HYP-01,,,,f16d1720-3de1-4f3e-9247-6dcaed8b64e5,,,
P-SQL-ALW-B1,Off,,,Network Adapter,,SETSwHyperv,SETSwHyperv,True,,00:15:5D:D6:C6:E6,,,,,,,,,,,,P-HYP-01,,,,f16d1720-3de1-4f3e-9247-6dcaed8b64e5,,,
P-ACC-FE-01,Running,,,Network Adapter,,SETSwHyperv,SETSwHyperv,True,,00:15:5D:FB:C3:38,,172.21.75.121,fe80::cf77:e01e:1310:272a,,,,,,,,,P-HYP-01,,,,fdead5a6-85e8-4f1f-a554-60ea0353ec8e,,,
D-OB-APP-01,Running,,,Network Adapter,,SETSwHyperv,SETSwHyperv,True,,00:15:5D:A0:C7:0D,,172.21.64.70,fe80::e853:fd94:9324:cf52,,,,,,,,,T-HYP-02,,,,1ab50452-3374-4ef4-8fca-6c4ccfd761ad,,,
T-MDWARE-APP-01,Running,,,Network Adapter,,SETSwHyperv,SETSwHyperv,True,,00:15:5D:1F:E2:12,,172.21.80.74,fe80::215:5dff:fe1f:e212,,,,,,,,,T-HYP-02,,,,2830793e-057d-4f2b-8f93-44f1d6f7ee77,,,
T-THALES-01,Off,,,Network Adapter,,SETSwHyperv,SETSwHyperv,True,,00:15:5D:01:B4:7E,,,,,,,,,,,,T-HYP-02,,,,2b849064-7c42-434d-bbe6-d04f859db44d,,,
T-WS-EXT-01,Running,,,Network Adapter,,SETSwHyperv,SETSwHyperv,True,,00:15:5D:CE:50:A5,,172.21.64.86,fe80::80eb:e92f:968:aa92,,,,,,,,,T-HYP-02,,,,2ea2ccfc-a42b-4868-b86d-3895d4a352e8,,,
T-KUBE-MASTER-01,Running,,,Network Adapter,,SETSwHyperv,SETSwHyperv,True,,00:15:5D:F8:2A:9F,,172.21.64.111,fe80::215:5dff:fef8:2a9f,,,,,,,,,T-HYP-02,,,,421236ac-1ebc-4b63-9bfa-a619e5851ca6,,,
T-CRM-WEB-01,Running,,,Network Adapter,,SETSwHyperv,SETSwHyperv,True,,00:15:5D:A0:C7:14,,172.21.64.51,,,,,,,,,,T-HYP-02,,,,574e2981-76f7-41d2-8d8b-80c933bc9245,,,
D-SQL-ALW-01,Running,,,Network Adapter,,SETSwHyperv,SETSwHyperv,True,,00:15:5D:A0:C7:05,,"172.21.64.66,172.21.64.64,172.21.64.61",,,,,,,,,,T-HYP-02,,,,681ca870-bd90-481f-9ac4-c5410f5547df,,,
D-SQL-ALW-01,Running,,,Network Adapter,,SETSwHyperv,SETSwHyperv,True,,00:15:5D:A0:C7:06,,172.21.86.114,,,,,,,,,,T-HYP-02,,,,681ca870-bd90-481f-9ac4-c5410f5547df,,,
T-RPA-01,Running,,,Network Adapter,,SETSwHyperv,SETSwHyperv,True,,00:15:5D:1F:E2:0E,,172.21.64.48,fe80::b614:7507:5985:33b8,,,,,,,,,T-HYP-02,,,,79be90d6-05d8-4763-8d42-6d5a47cc9857,,,
T-FILE-LC-01,Running,,,Network Adapter,,SETSwHyperv,SETSwHyperv,True,,00:15:5D:FE:D5:06,,"172.21.64.53,172.21.64.52,172.21.64.49,172.21.64.45",fe80::cdc9:e413:fee:921e,,,,,,,,,T-HYP-02,,,,7b8527d7-9e33-4330-8350-feda5983243b,,,
T-FILE-LC-01,Running,,,Network Adapter,,SETSwHyperv,SETSwHyperv,True,,00:15:5D:FE:D5:07,,172.21.86.116,,,,,,,,,,T-HYP-02,,,,7b8527d7-9e33-4330-8350-feda5983243b,,,
T-GP-NOMINA-01,Running,,,Network Adapter,,SETSwHyperv,SETSwHyperv,True,,00:15:5D:1F:E2:0F,,172.21.80.67,fe80::7e36:1160:e5a8:3103,,,,,,,,,T-HYP-02,,,,7ca93fa6-384e-410d-8522-ba081b819304,,,
T-CRM-APP-01,Running,,,Network Adapter,,SETSwHyperv,SETSwHyperv,True,,00:15:5D:A0:C7:15,,172.21.64.50,fe80::9d02:2e8b:a524:116b,,,,,,,,,T-HYP-02,,,,9494cdf0-3571-491f-8c2b-b76b6b03cec3,,,
T-KUBE-MASTER-02,Running,,,Network Adapter,,SETSwHyperv,SETSwHyperv,True,,00:15:5D:F8:2A:9E,,172.21.64.112,fe80::215:5dff:fef8:2a9e,,,,,,,,,T-HYP-02,,,,b408aca6-63cb-4288-a036-2816d7320e48,,,
D-OB-WEB-01,Running,,,Network Adapter,,SETSwHyperv,SETSwHyperv,True,,00:15:5D:A0:C7:0C,,172.21.64.72,fe80::96f2:1d40:3674:dce0,,,,,,,,,T-HYP-02,,,,baba6eda-5821-46f9-82b1-d66b92381aab,,,
T-SQL-ALW-02,Running,,,Network Adapter,,SETSwHyperv,SETSwHyperv,True,,00:15:5D:A0:C7:09,,172.21.64.23,,,,,,,,,,T-HYP-02,,,,c2128716-1cc3-499f-965c-9b5e1fa7fd83,,,
T-SQL-ALW-02,Running,,,Network Adapter,,SETSwHyperv,SETSwHyperv,True,,00:15:5D:A0:C7:0A,,172.21.86.111,,,,,,,,,,T-HYP-02,,,,c2128716-1cc3-499f-965c-9b5e1fa7fd83,,,
T-MDWARE-BDD-01,Running,,,Network Adapter,,SETSwHyperv,SETSwHyperv,True,,00:15:5D:1F:E2:0B,,172.21.80.75,fe80::215:5dff:fe1f:e20b,,,,,,,,,T-HYP-02,,,,d1ac0e60-79ba-44e2-bdb9-363e6f4b8034,,,
T-SQL-01,Running,,,Network Adapter,,SETSwHyperv,SETSwHyperv,True,,00:15:5D:A0:C7:18,,172.21.64.21,,,,,,,,,,T-HYP-02,,,,f273c657-31d2-402d-9e58-30fa12634967,,,
T-SQL-01,Running,,,Network Adapter,,SETSwHyperv,SETSwHyperv,True,,00:15:5D:A0:C7:19,,172.21.86.121,,,,,,,,,,T-HYP-02,,,,f273c657-31d2-402d-9e58-30fa12634967,,,
T-EDC-AVAL-01,Running,,,Network Adapter,,SETSwHyperv,SETSwHyperv,True,,00:15:5D:F8:2A:9B,,172.21.64.36,fe80::7d49:1c3:351d:cce3,,,,,,,,,T-HYP-02,,,,f563536d-d2b7-4730-8fe8-947a6e2e1cf7,,,
T-MBA-01,Off,,,Network Adapter,,SETSwHyperv,SETSwHyperv,True,,00:15:5D:F8:2A:89,,,,,,,,,,,,T-HYP-02,,,,fb1b56a5-8faf-4e04-89b5-627cb1da2f0a,,,
P-BOOT-01,Running,,,Network Adapter,,SETSwHyperv,SETSwHyperv,True,,00:15:5D:4E:CD:0D,,172.21.75.6,fe80::b303:a338:8eee:12c1,,,,,,,,,P-HYP-02,,,,22e75405-f28c-420e-92c0-874a7d9614e5,,,
P-APP-AD360-01,Running,,,Network Adapter,,SETSwHyperv,SETSwHyperv,True,,00:15:5D:2E:B7:AE,,172.21.75.18,fe80::4c5c:4fbd:6444:95b7,,,,,,,,,P-HYP-02,,,,2b0a7e41-e870-4614-a5d6-e5cbfaad809a,,,
P-FIN-ACCESS-01,Running,,,Network Adapter,,SETSwHyperv,SETSwHyperv,True,,00:15:5D:FB:04:46,,172.21.80.18,,,,,,,,,,P-HYP-02,,,,3488c6ec-9e6d-481c-a073-a911b503ea5b,,,
P-OB-APP-01,Running,,,Network Adapter,,SETSwHyperv,SETSwHyperv,True,,00:15:5D:FB:C3:3A,,172.21.74.164,fe80::221f:1716:bb3e:f011,,,,,,,,,P-HYP-02,,,,39cc8604-c2cf-4b70-b0b2-8931bddb2151,,,
P-ISE-04,Running,,,Network Adapter,,SETSwHyperv,SETSwHyperv,True,,00:15:5D:FB:C3:39,,172.21.21.5,fe80::215:5dff:fefb:c339,,,,,,,,,P-HYP-02,,,,3f5a5b8c-d778-4a79-b419-6f28049182df,,,
P-SQL-ALW-A2,Running,,,Network Adapter,,SETSwHyperv,SETSwHyperv,True,,00:15:5D:FB:C3:27,,"172.21.74.132,172.21.74.69,172.21.74.66,172.21.74.63",fe80::3b0e:603b:6798:74aa,,,,,,,,,P-HYP-02,,,,48201a32-289a-496e-92be-b62df99493d6,,,
P-SQL-ALW-A2,Running,,,Network Adapter,,SETSwHyperv,SETSwHyperv,True,,00:15:5D:FB:C3:28,,172.21.86.18,fe80::2491:3442:23b:b9d7,,,,,,,,,P-HYP-02,,,,48201a32-289a-496e-92be-b62df99493d6,,,
P-SQL-ALW-A2,Running,,,Network Adapter,,SETSwHyperv,SETSwHyperv,True,,00:15:5D:FB:C3:29,,169.254.176.191,fe80::56dc:ca77:718b:3208,,,,,,,,,P-HYP-02,,,,48201a32-289a-496e-92be-b62df99493d6,,,
P-CRM-ASYN-01,Running,,,Network Adapter,,SETSwHyperv,SETSwHyperv,True,,00:15:5D:D6:C6:2A,,172.21.75.188,,,,,,,,,,P-HYP-02,,,,574de2d1-53f1-4c28-bbb5-626a079882f4,,,
P-CSM-FE-01,Running,,,Network Adapter,,SETSwHyperv,SETSwHyperv,True,,00:15:5D:FB:04:2B,,172.21.65.44,fe80::9cd5:9d7f:49fc:f05c,,,,,,,,,P-HYP-02,,,,618d5fa9-20b0-4e72-b9a9-8d7bf87ebf5e,,,
P-RPA-01,Running,,,Network Adapter,,SETSwHyperv,SETSwHyperv,True,,00:15:5D:FB:04:1D,,172.21.74.158,fe80::4412:a405:4625:28c0,,,,,,,,,P-HYP-02,,,,6237a27a-2bd8-470d-a521-ca5bef910407,,,
P-CRM-WEB-01,Running,,,Network Adapter,,SETSwHyperv,SETSwHyperv,True,,00:15:5D:2E:B7:CE,,172.21.75.189,,,,,,,,,,P-HYP-02,,,,69567663-68a9-4d22-abbd-c0028a033469,,,
P-BTNP-01,Running,,,Network Adapter,,SETSwHyperv,SETSwHyperv,True,,00:15:5D:FB:04:31,,172.21.80.9,fe80::d6e9:eabf:f354:bfa9,,,,,,,,,P-HYP-02,,,,75f92632-2d4f-4641-a797-4c9c5bef559a,,,
P-EPC-01,Running,,,Network Adapter,,SETSwHyperv,SETSwHyperv,True,,00:15:5D:FB:C3:22,,172.21.75.25,fe80::5c1b:92b9:c705:5f7d,,,,,,,,,P-HYP-02,,,,7807310f-f037-476e-86f2-d49e3318bfe8,,,
P-EDC-AVAL-02,Running,,,Network Adapter,,SETSwHyperv,SETSwHyperv,True,,00:15:5D:FB:04:43,,172.21.75.149,fe80::188:8b55:11c8:44e9,,,,,,,,,P-HYP-02,,,,80567974-98b4-49a0-bad6-d1fd860bd196,,,
P-BIOMETRICO-02,Running,,,Network Adapter,,SETSwHyperv,SETSwHyperv,True,,00:15:5D:FB:04:41,,172.21.77.24,fe80::281b:e5fd:9d8c:abb1,,,,,,,,,P-HYP-02,,,,8d40df30-03ae-49c0-b522-8169e4c28b45,,,
P-FIN-DY-01,Running,,,Network Adapter,,SETSwHyperv,SETSwHyperv,True,,00:15:5D:FB:04:45,,172.21.80.4,,,,,,,,,,P-HYP-02,,,,96ae41a5-2219-4b98-a2b2-17a453eb284d,,,
P-WS-EXT-01,Running,,,Network Adapter,,SETSwHyperv,SETSwHyperv,True,,00:15:5D:FB:04:47,,172.21.74.249,fe80::aed:8266:8fc6:f01,,,,,,,,,P-HYP-02,,,,9ec845b9-1186-43d3-bbde-f0924d24d815,,,
P-DHCP-04,Running,,,Network Adapter,,SETSwHyperv,SETSwHyperv,True,,00:15:5D:2E:B7:EC,,172.21.77.12,,,,,,,,,,P-HYP-02,,,,abfdcb24-4aed-47c6-99f9-1810413afc58,,,
P-LB-APP-SRV-02,Running,,,Network Adapter,,SETSwHyperv,SETSwHyperv,True,,00:15:5D:FB:04:34,,"172.21.74.118,172.21.74.119,172.21.74.121,172.21.74.123",fe80::215:5dff:fefb:434,,,,,,,,,P-HYP-02,,,,adf08341-fbe4-44a2-8ecc-bf475aa0069f,,,
P-OB-APP-02,Running,,,Network Adapter,,SETSwHyperv,SETSwHyperv,True,,00:15:5D:D6:C6:29,,172.21.74.75,fe80::ebf1:e9c9:645f:1c71,,,,,,,,,P-HYP-02,,,,aee40b17-c5cc-4d38-9243-19b098eb647c,,,
P-AD-DS-04,Running,,,Network Adapter,,SETSwHyperv,SETSwHyperv,True,,00:15:5D:FB:04:3B,,172.21.75.5,,,,,,,,,,P-HYP-02,,,,be555824-fca1-44a4-9ad1-7154ecdc659b,,,
P-AADC-02,Running,,,Network Adapter,,SETSwHyperv,SETSwHyperv,True,,00:15:5D:FB:04:42,,172.21.75.34,fe80::3821:fe8d:a1ba:de32,,,,,,,,,P-HYP-02,,,,be56135b-138e-46de-ac2f-4491da9ffc40,,,
P-CACC-01,Running,,,Network Adapter,,SETSwHyperv,SETSwHyperv,True,,00:15:5D:FB:04:40,,172.21.65.32,fe80::b0c0:fe7c:eb71:e3b5,,,,,,,,,P-HYP-02,,,,c100fe39-632b-4385-af5e-415d17fd7b70,,,
P-LB-APP-SRV-01,Running,,,Network Adapter,,SETSwHyperv,SETSwHyperv,True,,00:15:5D:D6:C6:2F,,"172.21.74.117,172.21.74.120,172.21.74.122,172.21.74.124",fe80::215:5dff:fed6:c62f,,,,,,,,,P-HYP-02,,,,c23a4c77-6886-4cd3-85aa-a547958d10f4,,,
P-KVM-MGMT-01,Running,,,Network Adapter,,SETSwHyperv,SETSwHyperv,True,,00:15:5D:2E:B7:B5,,172.21.85.151,fe80::215:5dff:fe2e:b7b5,,,,,,,,,P-HYP-02,,,,c6507f67-3eec-4b0d-a3d9-bf87112b0b40,,,
P-EDC-CRT-01,Running,,,Network Adapter,,SETSwHyperv,SETSwHyperv,True,,00:15:5D:2E:B7:AA,,172.21.75.148,fe80::b5de:5e47:5ca6:d1e6,,,,,,,,,P-HYP-02,,,,e3b797b2-184c-465b-9d68-963993ca2467,,,
P-GP-NOMINA-03,Running,,,Network Adapter,,SETSwHyperv,SETSwHyperv,True,,00:15:5D:FB:04:44,,172.21.80.13,fe80::579a:712e:83c6:e171,,,,,,,,,P-HYP-02,,,,edc5a7b6-a075-4e01-aece-28a4f816ee5a,,,
P-ACC-FE-02,Running,,,Network Adapter,,SETSwHyperv,SETSwHyperv,True,,00:15:5D:4E:D0:7F,,172.21.75.122,fe80::9994:cf37:7070:4bdb,,,,,,,,,P-HYP-02,,,,f47eae3d-1c32-4cb8-9c50-f1924d482ae7,,,
P-BTP-01,Running,,,Network Adapter,,SETSwHyperv,SETSwHyperv,True,,00:15:5D:2E:B7:DB,,172.21.80.8,fe80::f54c:d46b:a903:4ede,,,,,,,,,P-HYP-02,,,,f6bd70e8-abce-4b3f-9604-d97379007549,,,
P-SQL-ALW-A1,Running,,,Network Adapter,,SETSwHyperv,SETSwHyperv,True,,00:15:5D:D6:C6:1E,,"172.21.74.131,172.21.74.50",,,,,,,,,,P-HYP-03,,,,13280987-5f3c-4cf1-9a93-73001ea87315,,,
P-SQL-ALW-A1,Running,,,Network Adapter,,SETSwHyperv,SETSwHyperv,True,,00:15:5D:D6:C6:1F,,172.21.86.17,,,,,,,,,,P-HYP-03,,,,13280987-5f3c-4cf1-9a93-73001ea87315,,,
P-AD-DS-05,Running,,,Network Adapter,,SETSwHyperv,SETSwHyperv,True,,00:15:5D:D6:C6:30,,172.21.75.20,fe80::8c51:287d:c9b9:c68d,,,,,,,,,P-HYP-03,,,,28fdc232-694a-4355-924e-4b77202b3e73,,,
P-MDWARE-BDD-01,Running,,,Network Adapter,,SETSwHyperv,SETSwHyperv,True,,00:15:5D:FB:04:35,,172.21.80.24,fe80::215:5dff:fefb:435,,,,,,,,,P-HYP-03,,,,29a2167a-196a-4480-817e-b86cce63934d,,,
P-WS-01,Running,,,Network Adapter,,SETSwHyperv,SETSwHyperv,True,,00:15:5D:2E:B7:F3,,172.21.74.88,fe80::79f9:8a24:6ff1:6f43,,,,,,,,,P-HYP-03,,,,2ffeb851-c6a3-48d6-80be-f3e7a4d3be49,,,
P-EXCH-02,Off,,,Network Adapter,,SETSwHyperv,SETSwHyperv,True,,00:15:5D:2E:B7:34,,,,,,,,,,,,P-HYP-03,,,,3bb26b74-3abd-46a2-861f-6aa267134cfe,,,
P-SCAN-VM-02,Off,,,Network Adapter,,SETSwHyperv,SETSwHyperv,True,,00:15:5D:21:E0:17,,,,,,,,,,,,P-HYP-03,,,,4244c7f1-7905-4193-b364-5ef6a12b07bb,,,
P-SQL-ALW-04,Running,,,Network Adapter,,SETSwHyperv,SETSwHyperv,True,,00:15:5D:FB:C3:23,,"172.21.74.54,172.21.74.38",,,,,,,,,,P-HYP-03,,,,5bb2db2a-5d0d-4ea3-a648-145f3bf7df7f,,,
P-SQL-ALW-04,Running,,,Network Adapter,,SETSwHyperv,SETSwHyperv,True,,00:15:5D:FB:C3:24,,172.21.86.14,,,,,,,,,,P-HYP-03,,,,5bb2db2a-5d0d-4ea3-a648-145f3bf7df7f,,,
P-RDS-LHOST-02,Running,,,Network Adapter,,SETSwHyperv,SETSwHyperv,True,,00:15:5D:2E:B7:EF,,172.21.74.150,fe80::77f8:6527:e478:4a5c,,,,,,,,,P-HYP-03,,,,624b2716-d06f-4e8c-868e-585f423d556c,,,
P-ASISF-02,Running,,,Network Adapter,,SETSwHyperv,SETSwHyperv,True,,00:15:5D:2E:B7:DA,,172.21.80.17,fe80::8617:ae60:4b45:e733,,,,,,,,,P-HYP-03,,,,66f66770-e5fe-4fdf-a020-72c1e6984d22,,,
P-WBX-CALL-01,Running,,,Network Adapter,,SETSwHyperv,SETSwHyperv,True,,00:15:5D:D6:C6:25,,172.21.21.250,fe80::19b:d82e:1fe:6145,,,,,,,,,P-HYP-03,,,,6ab39fee-daeb-4c3c-8516-10c04f1882e3,,,
P-SCAN-VM-01,Off,,,Network Adapter,,SETSwHyperv,SETSwHyperv,True,,00:15:5D:D6:C6:F9,,,,,,,,,,,,P-HYP-03,,,,6b8efb9c-f6ef-436e-a748-6ad076473161,,,
P-FILE-LC-01,Running,,,Network Adapter,,SETSwHyperv,SETSwHyperv,True,,00:15:5D:D6:C6:33,,"172.21.74.225,172.21.74.223,172.21.74.221,172.21.74.215,172.21.74.213,172.21.74.211,172.21.74.210",fe80::5324:2c15:e0a2:593d,,,,,,,,,P-HYP-03,,,,6d7d920b-7add-4b7d-96a1-3761dbef3b03,,,
P-FILE-LC-01,Running,,,Network Adapter,,SETSwHyperv,SETSwHyperv,True,,00:15:5D:D6:C6:34,,172.21.86.216,,,,,,,,,,P-HYP-03,,,,6d7d920b-7add-4b7d-96a1-3761dbef3b03,,,
P-OB-WEB-01,Running,,,Network Adapter,,SETSwHyperv,SETSwHyperv,True,,00:15:5D:2E:B7:EB,,172.21.74.166,fe80::52a7:63b2:8481:6221,,,,,,,,,P-HYP-03,,,,725fc28f-96c8-4f06-8c24-b25121ebb958,,,
P-APP-IASERVICE-01,Running,,,Network Adapter,,SETSwHyperv,SETSwHyperv,True,,00:15:5D:2E:B7:E2,,172.21.74.170,fe80::215:5dff:fe2e:b7e2,,,,,,,,,P-HYP-03,,,,7b3b203c-1084-4a59-b4d7-572aafc5aee4,,,
P-ADAUDIT-01,Running,,,Network Adapter,,SETSwHyperv,SETSwHyperv,True,,00:15:5D:D6:C6:22,,172.21.75.19,fe80::573a:91a0:ed71:ad0b,,,,,,,,,P-HYP-03,,,,86561fc3-0211-4b8e-adea-c77e35e32321,,,
P-SQL-ENT-03,Running,,,Network Adapter,,SETSwHyperv,SETSwHyperv,True,,00:15:5D:2E:B7:ED,,172.21.74.128,fe80::75c8:1248:7dfd:127f,,,,,,,,,P-HYP-03,,,,8eca6cf7-9a10-4ba7-9017-96fdc73740cf,,,
P-SQL-ENT-03,Running,,,Network Adapter,,SETSwHyperv,SETSwHyperv,True,,00:15:5D:2E:B7:EE,,172.21.86.137,,,,,,,,,,P-HYP-03,,,,8eca6cf7-9a10-4ba7-9017-96fdc73740cf,,,
P-ARCGIS-01,Running,,,Network Adapter,,SETSwHyperv,SETSwHyperv,True,,00:15:5D:2E:B7:F2,,172.21.65.22,fe80::4957:cadf:5f2a:ff69,,,,,,,,,P-HYP-03,,,,9ec53db6-9a18-4d21-9bdf-f85e1ef5e556,,,
P-GP-NOMINA-01,Running,,,Network Adapter,,SETSwHyperv,SETSwHyperv,True,,00:15:5D:2E:B7:CF,,172.21.80.11,,,,,,,,,,P-HYP-03,,,,a2e002f4-9f1f-4cf2-aead-ef44cf3e8382,,,
P-GSC-01,Running,,,Network Adapter,,SETSwHyperv,SETSwHyperv,True,,00:15:5D:FB:04:2A,,172.21.67.19,fe80::58f:2b1:8345:c724,,,,,,,,,P-HYP-03,,,,a9b79430-140c-4b46-ba76-a89060d8dba3,,,
P-BTNP-02,Running,,,Network Adapter,,SETSwHyperv,SETSwHyperv,True,,00:15:5D:2E:B7:F0,,172.21.80.20,fe80::6f0:b6a3:a63a:76cd,,,,,,,,,P-HYP-03,,,,b0032bbb-e817-44db-be73-7ae2a609a78a,,,
P-WS-INT-02,Running,,,Network Adapter,,SETSwHyperv,SETSwHyperv,True,,00:15:5D:2E:B7:F4,,172.21.74.58,fe80::1daa:8bd9:9bf3:30fd,,,,,,,,,P-HYP-03,,,,c18da07d-2bee-4aed-b705-df2d2fa0ccb7,,,
P-ARCGIS-02,Running,,,Network Adapter,,SETSwHyperv,SETSwHyperv,True,,00:15:5D:2E:B7:F1,,172.21.65.23,fe80::c964:5882:91f6:4576,,,,,,,,,P-HYP-03,,,,d8359a35-49c1-42df-991f-e43963a2fd5e,,,
P-ISE-03,Running,,,Network Adapter,,SETSwHyperv,SETSwHyperv,True,,00:15:5D:2E:B7:EA,,172.21.20.5,fe80::215:5dff:fe2e:b7ea,,,,,,,,,P-HYP-03,,,,e48f680b-289d-40fa-9835-c97dc1f8e7c7,,,
P-ACC-APPN-01,Running,,,Network Adapter,,SETSwHyperv,SETSwHyperv,True,,00:15:5D:D6:C6:36,,172.21.74.87,fe80::cda7:5d0f:6f30:b77c,,,,,,,,,P-HYP-04,,,,0da72814-b8c9-4173-9832-2268037db12b,,,
P-SQL-ENT-04,Running,,,Network Adapter,,SETSwHyperv,SETSwHyperv,True,,00:15:5D:FB:04:3C,,"172.21.74.130,172.21.74.129,172.21.74.73",fe80::2d0:331c:94c3:8543,,,,,,,,,P-HYP-04,,,,2e31adce-eec3-4da4-9220-00843e01cfd7,,,
P-SQL-ENT-04,Running,,,Network Adapter,,SETSwHyperv,SETSwHyperv,True,,00:15:5D:FB:04:3D,,172.21.86.138,,,,,,,,,,P-HYP-04,,,,2e31adce-eec3-4da4-9220-00843e01cfd7,,,
P-FIN-REPORT-01,Running,,,Network Adapter,,SETSwHyperv,SETSwHyperv,True,,00:15:5D:2E:B7:DE,,172.21.74.157,fe80::801f:7ab3:ac2e:5ec8,,,,,,,,,P-HYP-04,,,,31e7f5eb-01d2-41f1-ae0f-addf3b5dc374,,,
P-MBA-01,Running,,,Network Adapter,,SETSwHyperv,SETSwHyperv,True,,00:15:5D:FB:C3:34,,172.21.65.35,fe80::5160:107c:de1:43be,,,,,,,,,P-HYP-04,,,,50b1b878-03e8-4e2f-9771-5a74b70da871,,,
P-SQL-ENT-01,Running,,,Network Adapter,,SETSwHyperv,SETSwHyperv,True,,00:15:5D:21:E0:46,,"172.21.74.204,172.21.74.126,172.21.74.74,172.21.74.61",fe80::596f:bb72:5aec:6e2f,,,,,,,,,P-HYP-04,,,,561e72b4-9c01-41fd-8b9f-70c82c65cb47,,,
P-SQL-ENT-01,Running,,,Network Adapter,,SETSwHyperv,SETSwHyperv,True,,00:15:5D:21:E0:47,,172.21.86.135,,,,,,,,,,P-HYP-04,,,,561e72b4-9c01-41fd-8b9f-70c82c65cb47,,,
P-OB-HYL-02,Running,,,Network Adapter,,SETSwHyperv,SETSwHyperv,True,,00:15:5D:2E:B7:D8,,172.21.74.77,fe80::da5c:20ca:7837:3eab,,,,,,,,,P-HYP-04,,,,5c351b60-d3f8-4846-9760-6a384d693255,,,
P-JMET-01,Running,,,Network Adapter,,SETSwHyperv,SETSwHyperv,True,,00:15:5D:FB:04:37,,172.21.74.19,fe80::429a:291c:2046:16e,,,,,,,,,P-HYP-04,,,,5e3347b2-e3cc-4876-b471-28fda2180d6f,,,
P-KUBE-HUB-01,Running,,,Network Adapter,,SETSwHyperv,SETSwHyperv,True,,00:15:5D:FB:04:36,,172.21.74.200,fe80::215:5dff:fefb:436,,,,,,,,,P-HYP-04,,,,63d7212a-d975-438c-816f-1ee2ecf45e1d,,,
P-WS-02,Running,,,Network Adapter,,SETSwHyperv,SETSwHyperv,True,,00:15:5D:D6:C6:35,,172.21.74.89,fe80::b99e:ea3d:71c7:6750,,,,,,,,,P-HYP-04,,,,81631b8b-0b23-4919-8a1c-15931ed3da77,,,
P-SQL-ALW-06,Running,,,Network Adapter,,SETSwHyperv,SETSwHyperv,True,,00:15:5D:FB:C3:25,,172.21.86.16,,,,,,,,,,P-HYP-04,,,,a965f347-62c0-4097-9c60-7c55c1e14dd1,,,
P-SQL-ALW-06,Running,,,Network Adapter,,SETSwHyperv,SETSwHyperv,True,,00:15:5D:FB:C3:26,,172.21.74.72,,,,,,,,,,P-HYP-04,,,,a965f347-62c0-4097-9c60-7c55c1e14dd1,,,
P-XTRM-PURV-01,Running,,,eth0,,SETSwHyperv,SETSwHyperv,True,,00:15:5D:21:E0:08,,,,,,,,,,,,P-HYP-04,,,,ba5d7ec8-33e8-4840-9a70-e738833f5586,,,
P-XTRM-PURV-01,Running,,,eth1,,SETSwHyperv,SETSwHyperv,True,,00:15:5D:21:E0:09,,,,,,,,,,,,P-HYP-04,,,,ba5d7ec8-33e8-4840-9a70-e738833f5586,,,
P-NEWCOS-01,Running,,,Network Adapter,,SETSwHyperv,SETSwHyperv,True,,00:15:5D:FB:04:23,,172.21.21.253,fe80::215:5dff:fefb:423,,,,,,,,,P-HYP-04,,,,db95613b-eed2-46f1-a8db-db1b729cc3e5,,,
P-ISE-02,Running,,,Network Adapter,,SETSwHyperv,SETSwHyperv,True,,00:15:5D:FB:04:29,,172.21.20.249,fe80::215:5dff:fefb:429,,,,,,,,,P-HYP-04,,,,dfae6eb4-64a5-4ceb-a4e1-cc6480b40bd8,,,
P-FILE-LC-02,Running,,,Network Adapter,,SETSwHyperv,SETSwHyperv,True,,00:15:5D:FB:C3:3C,,"172.21.74.226,172.21.74.224,172.21.74.222,172.21.74.217,172.21.74.214,172.21.74.212",fe80::b50e:1f7f:fee7:1b8f,,,,,,,,,P-HYP-04,,,,e234a987-83b4-4284-ab76-31966ae4d535,,,
P-FILE-LC-02,Running,,,Network Adapter,,SETSwHyperv,SETSwHyperv,True,,00:15:5D:FB:C3:3D,,172.21.86.217,,,,,,,,,,P-HYP-04,,,,e234a987-83b4-4284-ab76-31966ae4d535,,,
P-MAGICINFO-01,Running,,,Network Adapter,,SETSwHyperv,SETSwHyperv,True,,00:15:5D:D6:C6:31,,172.21.75.97,fe80::5bab:7c45:50f4:73ce,,,,,,,,,P-HYP-05,,,,17c32b45-592b-4389-b229-d173e1ea3fda,,,
P-RDS-CBK-01,Running,,,Network Adapter,,SETSwHyperv,SETSwHyperv,True,,00:15:5D:21:E0:3B,,172.21.74.142,,,,,,,,,,P-HYP-05,,,,188dc16f-1d97-4276-9a08-4b98bb1095b4,,,
P-HUBPROD-01,Running,,,Network Adapter,,SETSwHyperv,SETSwHyperv,True,,00:15:5D:FB:C3:36,,172.21.74.230,fe80::1a7f:ef73:2ae1:f505,,,,,,,,,P-HYP-05,,,,19b87895-d3e3-41a5-bc51-c6c3ddec47c6,,,
P-RDS-LHOST-01,Running,,,Network Adapter,,SETSwHyperv,SETSwHyperv,True,,00:15:5D:21:E0:4B,,172.21.74.146,fe80::3ce0:ef67:41be:313,,,,,,,,,P-HYP-05,,,,1b000e82-f33c-484e-a8ec-da6809255d98,,,
P-PRIME-01,Running,,,Network Adapter,,SETSwHyperv,SETSwHyperv,True,,00:15:5D:FB:C3:37,,172.21.77.17,fe80::215:5dff:fefb:c337,,,,,,,,,P-HYP-05,,,,204a095a-dd6f-4b29-b395-edd56aaa08bf,,,
P-RDS-WB-01,Running,,,Network Adapter,,SETSwHyperv,SETSwHyperv,True,,00:15:5D:21:E0:3E,,172.21.74.143,fe80::5609:5265:816:c99b,,,,,,,,,P-HYP-05,,,,260d1930-5336-4d6c-b2c4-a3243d445591,,,
P-AD-MNG-01,Running,,,Network Adapter,,SETSwHyperv,SETSwHyperv,True,,00:15:5D:FB:C3:3B,,172.21.74.125,fe80::e132:79c0:4b2c:d64f,,,,,,,,,P-HYP-05,,,,307f1e98-3fa4-4178-98a1-3ba92f2988d2,,,
P-ARGOS-APP-02,Running,,,Network Adapter,,SETSwHyperv,SETSwHyperv,True,,00:15:5D:2E:B7:C9,,172.21.75.153,fe80::ab46:8e73:2d3f:9670,,,,,,,,,P-HYP-05,,,,3c19b836-49d0-431d-b63c-a8f024753f1c,,,
P-KUBE-HUB-02,Running,,,Network Adapter,,SETSwHyperv,SETSwHyperv,True,,00:15:5D:2E:B7:E3,,172.21.74.201,fe80::215:5dff:fe2e:b7e3,,,,,,,,,P-HYP-05,,,,3e3f69f9-2521-4c2b-9330-438b820ba1ef,,,
P-RDS-SHOST-02,Running,,,Network Adapter,,SETSwHyperv,SETSwHyperv,True,,00:15:5D:21:E0:3D,,172.21.74.145,fe80::2739:15f7:c898:6865,,,,,,,,,P-HYP-05,,,,50db9cab-3190-4f01-a936-2a972dd5ced3,,,
P-LH-02,Running,,,Network Adapter,,SETSwHyperv,SETSwHyperv,True,,00:15:5D:4E:34:79,,172.21.77.29,fe80::a6e4:b722:b785:5b80,,,,,,,,,P-HYP-05,,,,556884a2-c6f9-4bd1-a033-1dbb768874e4,,,
P-MICROS-01,Running,,,Network Adapter,,SETSwHyperv,SETSwHyperv,True,,00:15:5D:FB:04:32,,172.21.65.9,fe80::c045:239a:19c5:1507,,,,,,,,,P-HYP-05,,,,66ae81b4-0681-4f78-a8a6-d30680fb961b,,,
P-LH-06,Running,,,Network Adapter,,SETSwHyperv,SETSwHyperv,True,,00:15:5D:FB:04:2C,,172.21.228.228,fe80::1ba2:38b4:c8fb:12b9,,,,,,,,,P-HYP-05,,,,7654fd22-2024-41b2-9932-0b00c6846a58,,,
P-SIMP-01,Running,,,Network Adapter,,SETSwHyperv,SETSwHyperv,True,,00:15:5D:FB:04:0B,,172.21.65.60,fe80::215:5dff:fefb:40b,,,,,,,,,P-HYP-05,,,,8f207a57-ae4b-4b3c-92cd-8769005736ec,,,
P-LH-03,Running,,,Network Adapter,,SETSwHyperv,SETSwHyperv,True,,00:15:5D:4E:D1:44,,172.21.77.23,fe80::cc00:4004:4d3e:225a,,,,,,,,,P-HYP-05,,,,9057d222-d30b-43df-9f78-b6d2e91c56ae,,,
P-RDS-SH-05,Running,,,Network Adapter,,SETSwHyperv,SETSwHyperv,True,,00:15:5D:21:E0:4C,,172.21.75.82,fe80::3d1:c0d0:a583:7b37,,,,,,,,,P-HYP-05,,,,a97486e9-b103-460a-9d86-e4129b994234,,,
P-RDS-CBK-02,Running,,,Network Adapter,,SETSwHyperv,SETSwHyperv,True,,00:15:5D:21:E0:4A,,172.21.74.156,fe80::b3ce:dcc5:a59f:cbc0,,,,,,,,,P-HYP-05,,,,af3d1a55-c37f-4f2d-bd69-aab74aab0a9f,,,
P-MDWARE-APP-01,Running,,,Network Adapter,,SETSwHyperv,SETSwHyperv,True,,00:15:5D:2E:B7:7E,,172.21.80.23,fe80::215:5dff:fe2e:b77e,,,,,,,,,P-HYP-05,,,,b7dc315d-db3e-4f10-99fd-5bf461ae7e41,,,
P-RDS-GTW-02,Running,,,Network Adapter,,SETSwHyperv,SETSwHyperv,True,,00:15:5D:21:E0:49,,172.21.74.147,fe80::978f:412:de42:e318,,,,,,,,,P-HYP-05,,,,c1619df2-c68b-41db-8d05-b099620582c8,,,
P-LH-01,Running,,,Network Adapter,,SETSwHyperv,SETSwHyperv,True,,00:19:21:43:A6:BF,,172.21.77.27,fe80::9442:c385:65dc:1630,,,,,,,,,P-HYP-05,,,,c253ad4d-664e-4ca3-83ba-5c792d116992,,,
P-SQL-ENT-02,Running,,,Network Adapter,,SETSwHyperv,SETSwHyperv,True,,00:15:5D:FB:04:3E,,172.21.74.127,fe80::9a88:a74e:3504:3062,,,,,,,,,P-HYP-05,,,,c59eee3a-7e55-4675-a452-3cfa675f7241,,,
P-SQL-ENT-02,Running,,,Network Adapter,,SETSwHyperv,SETSwHyperv,True,,00:15:5D:FB:04:3F,,172.21.86.136,,,,,,,,,,P-HYP-05,,,,c59eee3a-7e55-4675-a452-3cfa675f7241,,,
P-PBI-02,Running,,,Network Adapter,,SETSwHyperv,SETSwHyperv,True,,00:15:5D:21:E0:4D,,172.21.75.170,fe80::8331:15c1:1e67:642f,,,,,,,,,P-HYP-05,,,,c6f81cc4-b89a-4527-90e5-cc2d6d820c3d,,,
P-PRO-SD-01,Running,,,Network Adapter,,SETSwHyperv,SETSwHyperv,True,,00:15:5D:21:E0:48,,172.21.75.98,fe80::a835:a94c:c976:e6e2,,,,,,,,,P-HYP-05,,,,d17e046e-9a4f-4e4c-a7bf-1cf1226f1081,,,
P-RDS-WB-02,Running,,,Network Adapter,,SETSwHyperv,SETSwHyperv,True,,00:15:5D:21:E0:3F,,172.21.74.148,fe80::a6e2:2db1:927:136,,,,,,,,,P-HYP-05,,,,d7849761-834e-4868-89f5-d01380087c09,,,
P-ACC-FEN-01,Running,,,Network Adapter,,SETSwHyperv,SETSwHyperv,True,,00:15:5D:21:E0:42,,172.21.74.85,fe80::5375:9ea2:46cb:dea5,,,,,,,,,P-HYP-05,,,,da2a8aff-4825-4b97-85e6-269e9eea9ee6,,,
P-LH-04,Running,,,Network Adapter,,SETSwHyperv,SETSwHyperv,True,,D4:3D:7E:F9:08:F5,,172.21.77.34,,,,,,,,,,P-HYP-05,,,,e7c342b0-8e26-417c-9d06-b2114c49a0a4,,,
P-LH-04,Running,,,Network Adapter,,SETSwHyperv,SETSwHyperv,True,,00:16:EC:8E:95:90,,172.21.77.35,,,,,,,,,,P-HYP-05,,,,e7c342b0-8e26-417c-9d06-b2114c49a0a4,,,
P-CSM-DB-01,Running,,,Network Adapter,,SETSwHyperv,SETSwHyperv,True,,00:15:5D:D6:C6:26,,172.21.65.45,fe80::71df:f454:a508:82ad,,,,,,,,,P-HYP-05,,,,e87a88af-a0a7-4463-a6cd-e8d3a3783369,,,
P-XTRM-IQSE-01,Running,,,eth0,,SETSwHyperv,SETSwHyperv,True,,00:15:5D:21:E0:05,,,,,,,,,,,,P-HYP-05,,,,f3d578c3-39d8-4ad1-ab26-b2350e6983b3,,,
