VM,Powerstate,Template,SRM Placeholder,Disk,Disk Key,Disk UUID,Disk Path,Capacity MiB,Raw,Disk Mode,Sharing mode,Thin,Eagerly Scrub,Split,Write Through,Level,Shares,Reservation,Limit,Controller,Label,SCSI Unit #,Unit #,Shared Bus,Path,Raw LUN ID,Raw Comp. Mode,Internal Sort Column,Annotation,Backup status,ClusterInvariantVMMId,Last backup,Datacenter,Cluster,Host,Folder,OS according to the configuration file,OS according to the VMware Tools,VM ID,VM UUID,VI SDK Server,VI SDK UUID
P-DLAB-01,poweredOn,False,,Hard disk 1,,,,122900.48,,vim.vm.device.VirtualDisk,,True,,,,,,,,1000,,,0,,[FS1-P-ESX-VM-04] P-DLAB-01-17/P-DLAB-01-17-000001.vmdk,,,,,,,,,,,,,,,,,
P-HIKCENTRAL-01,poweredOn,False,,Hard disk 1,,,,457840.64,,vim.vm.device.VirtualDisk,,True,,,,,,,,1000,,,0,,[FS1-P-ESX-VM-01] P-HIKCENTRAL-01/P-HIKCENTRAL-01.vmdk,,,,,,,,,,,,,,,,,
P-APP-ORPHEUS-01,poweredOn,False,,Hard disk 1,,,,71680.0,,vim.vm.device.VirtualDisk,,False,,,,,,,,1000,,,0,,[FS1-P-ESX-VM-04] P-APP-ORPHEUS-01/P-APP-ORPHEUS-01_6-000006.vmdk,,,,,,,,,,,,,,,,,
P-APP-LIB-01,poweredOn,False,,Hard disk 1,,,,61440.0,,vim.vm.device.VirtualDisk,,False,,,,,,,,1000,,,0,,[FS1-P-ESX-VM-03] P-APP-LIB-01/P-APP-LIB-01-000007.vmdk,,,,,,,,,,,,,,,,,
P-RADFS4-03,poweredOff,False,,Hard disk 1,,,,130068.48,,vim.vm.device.VirtualDisk,,True,,,,,,,,1000,,,0,,[FS1-P-ESX-VM-01] P-RADFS4-03/P-RADFS4-03-000003.vmdk,,,,,,,,,,,,,,,,,
P-TRAPS-01,poweredOff,False,,Hard disk 1,,,,51200.0,,vim.vm.device.VirtualDisk,,False,,,,,,,,1000,,,0,,[FS1-P-ESX-VM-01] P-TRAPS-01/P-TRAPS-01-000001.vmdk,,,,,,,,,,,,,,,,,
P-TRAPS-01,poweredOff,False,,Hard disk 2,,,,512000.0,,vim.vm.device.VirtualDisk,,False,,,,,,,,1000,,,1,,[FS1-P-ESX-VM-01] P-TRAPS-01/P-TRAPS-01_1-000001.vmdk,,,,,,,,,,,,,,,,,
P-PROOFPOINT-02,poweredOff,False,,Hard disk 1,,,,256000.0,,vim.vm.device.VirtualDisk,,True,,,,,,,,1000,,,0,,[FS1-P-ESX-VM-04] P-PROOFPOINT-02/P-PROOFPOINT-02-000002.vmdk,,,,,,,,,,,,,,,,,
P-KOVM-CLC-01,poweredOff,False,,Hard disk 1,,,,204810.24,,vim.vm.device.VirtualDisk,,True,,,,,,,,1000,,,0,,[FS1-P-ESX-VM-01] P-KOVM-CLC-01/P-KOVM-CLC-01-000127.vmdk,,,,,,,,,,,,,,,,,
P-KOVM-CLC-01,poweredOff,False,,Hard disk 2,,,,51210.24,,vim.vm.device.VirtualDisk,,True,,,,,,,,1000,,,1,,[FS1-P-ESX-VM-01] P-KOVM-CLC-01/P-KOVM-CLC-01_1-000127.vmdk,,,,,,,,,,,,,,,,,
P-KOVM-CLC-01,poweredOff,False,,Hard disk 3,,,,51210.24,,vim.vm.device.VirtualDisk,,True,,,,,,,,1000,,,2,,[FS1-P-ESX-VM-01] P-KOVM-CLC-01/P-KOVM-CLC-01_2-000127.vmdk,,,,,,,,,,,,,,,,,
P-KOVM-CLC-01,poweredOff,False,,Hard disk 4,,,,51210.24,,vim.vm.device.VirtualDisk,,True,,,,,,,,1000,,,3,,[FS1-P-ESX-VM-01] P-KOVM-CLC-01/P-KOVM-CLC-01_3-000127.vmdk,,,,,,,,,,,,,,,,,
P-KOVM-CLC-01,poweredOff,False,,Hard disk 5,,,,51210.24,,vim.vm.device.VirtualDisk,,True,,,,,,,,1000,,,4,,[FS1-P-ESX-VM-01] P-KOVM-CLC-01/P-KOVM-CLC-01_4-000127.vmdk,,,,,,,,,,,,,,,,,
P-UCS-01,poweredOn,False,,Hard disk 1,,,,40980.48,,vim.vm.device.VirtualDisk,,True,,,,,,,,1000,,,0,,[FS1-P-ESX-VM-01] P-UCS-01/P-UCS-01-000001.vmdk,,,,,,,,,,,,,,,,,
P-UCS-01,poweredOn,False,,Hard disk 2,,,,40980.48,,vim.vm.device.VirtualDisk,,True,,,,,,,,1000,,,1,,[FS1-P-ESX-VM-01] P-UCS-01/P-UCS-01_1-000001.vmdk,,,,,,,,,,,,,,,,,
T-ZSCALER-01,poweredOn,False,,Hard disk 1,,,,65536.0,,vim.vm.device.VirtualDisk,,False,,,,,,,,1000,,,0,,[FS1-P-ESX-VM-03] T-ZSCALER-01/T-ZSCALER-01.vmdk,,,,,,,,,,,,,,,,,
P-WORDPRESS-OL-02,poweredOn,False,,Hard disk 1,,,,102410.24,,vim.vm.device.VirtualDisk,,True,,,,,,,,1000,,,0,,[FS1-P-ESX-VM-04] P-WORDPRESS-OL-02/P-WORDPRESS-OL-02-000001.vmdk,,,,,,,,,,,,,,,,,
T-THALES-TKN-01,poweredOn,False,,Hard disk 1,,,,102400.0,,vim.vm.device.VirtualDisk,,False,,,,,,,,1000,,,0,,[FS1-P-ESX-VM-04] T-THALES-TKN-01/T-THALES-TKN-01-000001.vmdk,,,,,,,,,,,,,,,,,
P-ZB-PROXY-02,poweredOn,False,,Hard disk 1,,,,12298.24,,vim.vm.device.VirtualDisk,,True,,,,,,,,1000,,,0,,[FS1-P-ESX-VM-05] P-ZB-PROXY-02/P-ZB-PROXY-02-000001.vmdk,,,,,,,,,,,,,,,,,
P-ZB-PROXY-02,poweredOn,False,,Hard disk 2,,,,20480.0,,vim.vm.device.VirtualDisk,,True,,,,,,,,1000,,,1,,[FS1-P-ESX-VM-05] P-ZB-PROXY-02/P-ZB-PROXY-02_1.vmdk,,,,,,,,,,,,,,,,,
P-ZB-PROXY-OL9-01,poweredOn,False,,Hard disk 1,,,,51200.0,,vim.vm.device.VirtualDisk,,False,,,,,,,,1000,,,0,,[FS1-P-ESX-VM-04] P-ZB-PROXY-OL9-01/P-ZB-PROXY-OL9-01.vmdk,,,,,,,,,,,,,,,,,
P-NSS-02,poweredOn,False,,Hard disk 1,,,,30730.24,,vim.vm.device.VirtualDisk,,True,,,,,,,,1000,,,0,,[FS1-P-ESX-VM-04] P-NSS-02/P-NSS-02-000001.vmdk,,,,,,,,,,,,,,,,,
T-DB-GALERA-0L95-01,poweredOn,False,,Hard disk 1,,,,61440.0,,vim.vm.device.VirtualDisk,,False,,,,,,,,1000,,,0,,[FS1-P-ESX-VM-06] T-DB-GALERA-0L95-01/T-DB-GALERA-0L95-01.vmdk,,,,,,,,,,,,,,,,,
P-HUBI-PYTHON-OLNX-01,poweredOn,False,,Hard disk 1,,,,112650.24,,vim.vm.device.VirtualDisk,,True,,,,,,,,1000,,,0,,[FS1-P-ESX-VM-08] P-HUBI-PYTHON-OLNX-01/P-HUBI-PYTHON-OLNX-01-000003.vmdk,,,,,,,,,,,,,,,,,
P-APP-INFOREDESTI-01,poweredOn,False,,Hard disk 1,,,,40960.0,,vim.vm.device.VirtualDisk,,False,,,,,,,,1000,,,0,,[FS1-P-ESX-VM-04] P-APP-INFOREDESTI-01/P-APP-INFOREDESTI-01-000005.vmdk,,,,,,,,,,,,,,,,,
P-ARBITRAJE-01,poweredOn,False,,Hard disk 1,,,,81940.48,,vim.vm.device.VirtualDisk,,True,,,,,,,,1000,,,0,,[FS1-P-ESX-VM-03] P-ARBITRAJE-01/P-ARBITRAJE-01-000002.vmdk,,,,,,,,,,,,,,,,,
P-WORDPRESS-OL-01,poweredOn,False,,Hard disk 1,,,,112650.24,,vim.vm.device.VirtualDisk,,True,,,,,,,,1000,,,0,,[FS1-P-ESX-VM-03] P-WORDPRESS-OL-01/P-WORDPRESS-OL-01-000005.vmdk,,,,,,,,,,,,,,,,,
P-WORDPRESS-OL-01,poweredOn,False,,Hard disk 2,,,,102410.24,,vim.vm.device.VirtualDisk,,True,,,,,,,,1000,,,1,,[FS1-P-ESX-VM-03] P-WORDPRESS-OL-01/P-WORDPRESS-OL-01_1-000005.vmdk,,,,,,,,,,,,,,,,,
P-IMP-GW-WAF-02,poweredOn,False,,Hard disk 1,,,,163840.0,,vim.vm.device.VirtualDisk,,False,,,,,,,,1000,,,0,,[FS1-P-ESX-VM-04] P-IMP-GW-WAF-02/P-IMP-GW-WAF-02.vmdk,,,,,,,,,,,,,,,,,
P-MONITOREO-UCS,poweredOn,False,,Hard disk 1,,,,87040.0,,vim.vm.device.VirtualDisk,,False,,,,,,,,1000,,,0,,[FS1-P-ESX-VM-01] P-MONITOREO-UCS/P-MONITOREO-UCS.vmdk,,,,,,,,,,,,,,,,,
P-ZB-PROXY-01,poweredOn,False,,Hard disk 1,,,,16394.24,,vim.vm.device.VirtualDisk,,True,,,,,,,,1000,,,0,,[FS1-P-ESX-VM-04] P-ZB-PROXY-01/P-ZB-PROXY-01-000001.vmdk,,,,,,,,,,,,,,,,,
P-BAN9-APP-04,poweredOn,False,,Hard disk 1,,,,102400.0,,vim.vm.device.VirtualDisk,,False,,,,,,,,1000,,,0,,[FS1-P-ESX-VM-04] P-BAN9-APP-04/P-BAN9-APP-04-000002.vmdk,,,,,,,,,,,,,,,,,
P-BAN9-APP-04,poweredOn,False,,Hard disk 2,,,,61440.0,,vim.vm.device.VirtualDisk,,False,,,,,,,,1000,,,1,,[FS1-P-ESX-VM-04] P-BAN9-APP-04/P-BAN9-APP-04_1-000002.vmdk,,,,,,,,,,,,,,,,,
P-BAN9-APP-04,poweredOn,False,,Hard disk 3,,,,81920.0,,vim.vm.device.VirtualDisk,,False,,,,,,,,1000,,,2,,[FS1-P-ESX-VM-04] P-BAN9-APP-04/P-BAN9-APP-04_2-000001.vmdk,,,,,,,,,,,,,,,,,
T-APP-ORPHEUS-01,poweredOn,False,,Hard disk 1,,,,71680.0,,vim.vm.device.VirtualDisk,,False,,,,,,,,1000,,,0,,[FS1-P-ESX-VM-05] T-APP-ORPHEUS-01/T-APP-ORPHEUS-01-000007.vmdk,,,,,,,,,,,,,,,,,
P-ACR-CLOUD-03,poweredOn,False,,Hard disk 1,,,,8192.0,,vim.vm.device.VirtualDisk,,False,,,,,,,,1000,,,0,,[FS1-P-ESX-VM-04] P-ACR-CLOUD-03/P-ACR-CLOUD-03.vmdk,,,,,,,,,,,,,,,,,
P-ACR-CLOUD-03,poweredOn,False,,Hard disk 2,,,,1024.0,,vim.vm.device.VirtualDisk,,False,,,,,,,,1001,,,0,,[FS1-P-ESX-VM-04] P-ACR-CLOUD-03/P-ACR-CLOUD-03_1.vmdk,,,,,,,,,,,,,,,,,
P-ACR-CLOUD-03,poweredOn,False,,Hard disk 3,,,,16384.0,,vim.vm.device.VirtualDisk,,False,,,,,,,,1002,,,0,,[FS1-P-ESX-VM-04] P-ACR-CLOUD-03/P-ACR-CLOUD-03_2.vmdk,,,,,,,,,,,,,,,,,
P-ACR-CLOUD-03,poweredOn,False,,Hard disk 4,,,,870410.24,,vim.vm.device.VirtualDisk,,True,,,,,,,,1000,,,1,,[FS1-P-ESX-VM-07] P-IMP-MX-WAF-01/P-IMP-MX-WAF-01.vmdk,,,,,,,,,,,,,,,,,
T-APP-LIB-01,poweredOn,False,,Hard disk 1,,,,61440.0,,vim.vm.device.VirtualDisk,,False,,,,,,,,1000,,,0,,[FS1-P-ESX-VM-05] T-APP-LIB-01/T-APP-LIB-01-000001.vmdk,,,,,,,,,,,,,,,,,
P-QUALYS-02,poweredOn,False,,Hard disk 1,,,,57344.0,,vim.vm.device.VirtualDisk,,False,,,,,,,,1000,,,0,,[FS1-P-ESX-VM-03] P-QUALYS-02/P-QUALYS-02-000001.vmdk,,,,,,,,,,,,,,,,,
P-BAN9-BEPBRIM-01,poweredOn,False,,Hard disk 1,,,,102400.0,,vim.vm.device.VirtualDisk,,False,,,,,,,,1000,,,0,,[FS1-P-ESX-VM-04] P-BAN9-BEPBRIM-01/P-BAN9-BEPBRIM-01-000001.vmdk,,,,,,,,,,,,,,,,,
P-BAN9-BEPBRIM-01,poweredOn,False,,Hard disk 2,,,,61440.0,,vim.vm.device.VirtualDisk,,False,,,,,,,,1000,,,1,,[FS1-P-ESX-VM-04] P-BAN9-BEPBRIM-01/P-BAN9-BEPBRIM-01_1-000001.vmdk,,,,,,,,,,,,,,,,,
P-BAN9-BEPBRIM-01,poweredOn,False,,Hard disk 3,,,,81920.0,,vim.vm.device.VirtualDisk,,False,,,,,,,,1000,,,2,,[FS1-P-ESX-VM-04] P-BAN9-BEPBRIM-01/P-BAN9-BEPBRIM-01_2-000001.vmdk,,,,,,,,,,,,,,,,,
P-KOVM-CLC-01-CLON,poweredOn,False,,Hard disk 1,,,,204810.24,,vim.vm.device.VirtualDisk,,True,,,,,,,,1000,,,0,,[FS1-P-ESX-VM-08] P-KOVM-CLC-01-CLON/P-KOVM-CLC-01-CLON_103-000001.vmdk,,,,,,,,,,,,,,,,,
P-KOVM-CLC-01-CLON,poweredOn,False,,Hard disk 2,,,,51210.24,,vim.vm.device.VirtualDisk,,True,,,,,,,,1000,,,1,,[FS1-P-ESX-VM-08] P-KOVM-CLC-01-CLON/P-KOVM-CLC-01-CLON_105-000001.vmdk,,,,,,,,,,,,,,,,,
P-KOVM-CLC-01-CLON,poweredOn,False,,Hard disk 3,,,,51210.24,,vim.vm.device.VirtualDisk,,True,,,,,,,,1000,,,2,,[FS1-P-ESX-VM-08] P-KOVM-CLC-01-CLON/P-KOVM-CLC-01-CLON_107-000001.vmdk,,,,,,,,,,,,,,,,,
P-KOVM-CLC-01-CLON,poweredOn,False,,Hard disk 4,,,,51210.24,,vim.vm.device.VirtualDisk,,True,,,,,,,,1000,,,3,,[FS1-P-ESX-VM-08] P-KOVM-CLC-01-CLON/P-KOVM-CLC-01-CLON_109-000001.vmdk,,,,,,,,,,,,,,,,,
P-KOVM-CLC-01-CLON,poweredOn,False,,Hard disk 5,,,,51210.24,,vim.vm.device.VirtualDisk,,True,,,,,,,,1000,,,4,,[FS1-P-ESX-VM-08] P-KOVM-CLC-01-CLON/P-KOVM-CLC-01-CLON_111-000001.vmdk,,,,,,,,,,,,,,,,,
P-KOVM-CLC-01-CLON,poweredOn,False,,Hard disk 6,,,,51200.0,,vim.vm.device.VirtualDisk,,False,,,,,,,,1000,,,5,,[FS1-P-ESX-VM-08] P-KOVM-CLC-01-CLON/P-KOVM-CLC-01-CLON-000001.vmdk,,,,,,,,,,,,,,,,,
P-ACR-CLOUD-04,poweredOn,False,,Hard disk 1,,,,8192.0,,vim.vm.device.VirtualDisk,,False,,,,,,,,1000,,,0,,[FS1-P-ESX-VM-07] P-ACR-CLOUD-04/P-ACR-CLOUD-04.vmdk,,,,,,,,,,,,,,,,,
P-ACR-CLOUD-04,poweredOn,False,,Hard disk 2,,,,1024.0,,vim.vm.device.VirtualDisk,,False,,,,,,,,1001,,,0,,[FS1-P-ESX-VM-07] P-ACR-CLOUD-04/P-ACR-CLOUD-04_1.vmdk,,,,,,,,,,,,,,,,,
P-ACR-CLOUD-04,poweredOn,False,,Hard disk 3,,,,16384.0,,vim.vm.device.VirtualDisk,,False,,,,,,,,1002,,,0,,[FS1-P-ESX-VM-07] P-ACR-CLOUD-04/P-ACR-CLOUD-04_2.vmdk,,,,,,,,,,,,,,,,,
T-THALES-CTM-01,poweredOn,False,,Hard disk 1,,,,61440.0,,vim.vm.device.VirtualDisk,,False,,,,,,,,1000,,,0,,[FS1-P-ESX-VM-03] T-THALES-CTM-01/T-THALES-CTM-01-000001.vmdk,,,,,,,,,,,,,,,,,
P-NESSUS-01,poweredOn,False,,Hard disk 1,,,,102400.0,,vim.vm.device.VirtualDisk,,False,,,,,,,,1000,,,0,,[FS1-P-ESX-VM-06] P-NESSUS-01/P-NESSUS-01-000001.vmdk,,,,,,,,,,,,,,,,,
P-ENGINE-GIZ-01,poweredOn,False,,Hard disk 1,,,,112650.24,,vim.vm.device.VirtualDisk,,True,,,,,,,,1000,,,0,,[FS1-P-ESX-VM-04] P-ENGINE-GIZ-01-10/P-ENGINE-GIZ-01-10-000001.vmdk,,,,,,,,,,,,,,,,,
P-ZB-GRAFANA-01,poweredOn,False,,Hard disk 1,,,,81930.24,,vim.vm.device.VirtualDisk,,True,,,,,,,,1000,,,0,,[FS1-P-ESX-VM-02] P-ZB-GRAFANA-01/P-ZB-GRAFANA-01-000004.vmdk,,,,,,,,,,,,,,,,,
P-BAN9-BATCH-01,poweredOn,False,,Hard disk 1,,,,102400.0,,vim.vm.device.VirtualDisk,,False,,,,,,,,1000,,,0,,[FS1-P-ESX-VM-02] P-BAN9-BATCH-01/P-BAN9-BATCH-01_2-000002.vmdk,,,,,,,,,,,,,,,,,
P-BAN9-BATCH-01,poweredOn,False,,Hard disk 2,,,,204800.0,,vim.vm.device.VirtualDisk,,False,,,,,,,,1000,,,1,,[FS1-P-ESX-VM-02] P-BAN9-BATCH-01/P-BAN9-BATCH-01_4-000002.vmdk,,,,,,,,,,,,,,,,,
P-BAN9-BATCH-01,poweredOn,False,,Hard disk 3,,,,81920.0,,vim.vm.device.VirtualDisk,,False,,,,,,,,1000,,,2,,[FS1-P-ESX-VM-02] P-BAN9-BATCH-01/P-BAN9-BATCH-01-000001.vmdk,,,,,,,,,,,,,,,,,
P-BAN9-APP-03,poweredOn,False,,Hard disk 1,,,,102400.0,,vim.vm.device.VirtualDisk,,False,,,,,,,,1000,,,0,,[FS1-P-ESX-VM-03] P-BAN9-APP-03/P-BAN9-APP-03-000002.vmdk,,,,,,,,,,,,,,,,,
P-BAN9-APP-03,poweredOn,False,,Hard disk 2,,,,61440.0,,vim.vm.device.VirtualDisk,,False,,,,,,,,1000,,,1,,[FS1-P-ESX-VM-03] P-BAN9-APP-03/P-BAN9-APP-03_1-000002.vmdk,,,,,,,,,,,,,,,,,
P-BAN9-APP-03,poweredOn,False,,Hard disk 3,,,,81920.0,,vim.vm.device.VirtualDisk,,False,,,,,,,,1000,,,2,,[FS1-P-ESX-VM-03] P-BAN9-APP-03/P-BAN9-APP-03_2-000001.vmdk,,,,,,,,,,,,,,,,,
P-BAN9-ETHOS-01,poweredOn,False,,Hard disk 1,,,,102400.0,,vim.vm.device.VirtualDisk,,False,,,,,,,,1000,,,0,,[FS1-P-ESX-VM-02] P-BAN9-ETHOS-01/P-BAN9-ETHOS-01-000003.vmdk,,,,,,,,,,,,,,,,,
P-BAN9-ETHOS-01,poweredOn,False,,Hard disk 2,,,,61440.0,,vim.vm.device.VirtualDisk,,False,,,,,,,,1000,,,1,,[FS1-P-ESX-VM-02] P-BAN9-ETHOS-01/P-BAN9-ETHOS-01_1-000003.vmdk,,,,,,,,,,,,,,,,,
P-BAN9-ETHOS-01,poweredOn,False,,Hard disk 3,,,,51200.0,,vim.vm.device.VirtualDisk,,False,,,,,,,,1000,,,2,,[FS1-P-ESX-VM-02] P-BAN9-ETHOS-01/P-BAN9-ETHOS-01_2-000002.vmdk,,,,,,,,,,,,,,,,,
P-NSS-01,poweredOn,False,,Hard disk 1,,,,30720.0,,vim.vm.device.VirtualDisk,,False,,,,,,,,1000,,,0,,[FS1-P-ESX-VM-06] P-NSS-01/P-NSS-01.vmdk,,,,,,,,,,,,,,,,,
P-RADIUS-02,poweredOn,False,,Hard disk 1,,,,25600.0,,vim.vm.device.VirtualDisk,,False,,,,,,,,1000,,,0,,[FS1-P-ESX-VM-01] P-RADIUS-02/P-RADIUS-02-000001.vmdk,,,,,,,,,,,,,,,,,
P-RADIUS-02,poweredOn,False,,Hard disk 2,,,,20480.0,,vim.vm.device.VirtualDisk,,False,,,,,,,,1000,,,1,,[FS1-P-ESX-VM-01] P-RADIUS-02/P-RADIUS-02_1-000001.vmdk,,,,,,,,,,,,,,,,,
T-FORTIDATA-01,poweredOn,False,,Hard disk 1,,,,8192.0,,vim.vm.device.VirtualDisk,,False,,,,,,,,1000,,,0,,[FS1-P-ESX-VM-06] T-FORTIDATA-01/T-FORTIDATA-01.vmdk,,,,,,,,,,,,,,,,,
T-FORTIDATA-01,poweredOn,False,,Hard disk 2,,,,524288.0,,vim.vm.device.VirtualDisk,,False,,,,,,,,1000,,,1,,[FS1-P-ESX-VM-06] T-FORTIDATA-01/T-FORTIDATA-01_1.vmdk,,,,,,,,,,,,,,,,,
P-ZB-PROXY-OL9-02,poweredOn,False,,Hard disk 1,,,,51200.0,,vim.vm.device.VirtualDisk,,False,,,,,,,,1000,,,0,,[FS1-P-ESX-VM-02] P-ZB-PROXY-OL9-02/P-ZB-PROXY-OL9-02.vmdk,,,,,,,,,,,,,,,,,
T-DB-GALERA-OL95-02,poweredOn,False,,Hard disk 1,,,,61440.0,,vim.vm.device.VirtualDisk,,False,,,,,,,,1000,,,0,,[FS1-P-ESX-VM-07] T-DB-GALERA-OL95-02/T-DB-GALERA-OL95-02.vmdk,,,,,,,,,,,,,,,,,
P-BIBREPO-OLNX-01,poweredOn,False,,Hard disk 1,,,,112650.24,,vim.vm.device.VirtualDisk,,True,,,,,,,,1000,,,0,,[FS1-P-ESX-VM-06] P-BIBREPO-OLNX-01/P-BIBREPO-OLNX-01-000005.vmdk,,,,,,,,,,,,,,,,,
P-BIBREPO-OLNX-01,poweredOn,False,,Hard disk 2,,,,204800.0,,vim.vm.device.VirtualDisk,,True,,,,,,,,1000,,,1,,[FS1-P-ESX-VM-06] P-BIBREPO-OLNX-01/P-BIBREPO-OLNX-01_2-000005.vmdk,,,,,,,,,,,,,,,,,
P-DB-GALERA-OL9-02,poweredOn,False,,Hard disk 1,,,,61440.0,,vim.vm.device.VirtualDisk,,False,,,,,,,,1000,,,0,,[FS1-P-ESX-VM-03] P-DB-GALERA-OL9-02/P-DB-GALERA-OL9-02_4-000003.vmdk,,,,,,,,,,,,,,,,,
P-DB-GALERA-OL9-03,poweredOn,False,,Hard disk 1,,,,61440.0,,vim.vm.device.VirtualDisk,,False,,,,,,,,1000,,,0,,[FS1-P-ESX-VM-06] P-DB-GALERA-OL9-03/P-DB-GALERA-OL9-03_4-000003.vmdk,,,,,,,,,,,,,,,,,
P-WWW4-OL-01-NEW,poweredOn,False,,Hard disk 1,,,,112650.24,,vim.vm.device.VirtualDisk,,True,,,,,,,,1000,,,0,,[FS1-P-ESX-VM-05] P-WWW4-OL-01-NEW/P-WWW4-OL-01-NEW.vmdk,,,,,,,,,,,,,,,,,
P-WWW4-OL-01-NEW,poweredOn,False,,Hard disk 2,,,,204810.24,,vim.vm.device.VirtualDisk,,True,,,,,,,,1000,,,1,,[FS1-P-ESX-VM-05] P-WWW4-OL-01-NEW/P-WWW4-OL-01-NEW_1.vmdk,,,,,,,,,,,,,,,,,
T-DB-GALERA-OL95-03,poweredOn,False,,Hard disk 1,,,,61440.0,,vim.vm.device.VirtualDisk,,False,,,,,,,,1000,,,0,,[FS1-P-ESX-VM-07] T-DB-GALERA-OL95-03/T-DB-GALERA-OL95-03.vmdk,,,,,,,,,,,,,,,,,
P-VC-01,poweredOn,False,,Hard disk 1,,,,49725.44,,vim.vm.device.VirtualDisk,,True,,,,,,,,1000,,,0,,[FS1-P-ESX-VM-05] P-VC-01/P-VC-01-000001.vmdk,,,,,,,,,,,,,,,,,
P-VC-01,poweredOn,False,,Hard disk 2,,,,7045.12,,vim.vm.device.VirtualDisk,,True,,,,,,,,1000,,,1,,[FS1-P-ESX-VM-05] P-VC-01/P-VC-01_1-000001.vmdk,,,,,,,,,,,,,,,,,
P-VC-01,poweredOn,False,,Hard disk 3,,,,25600.0,,vim.vm.device.VirtualDisk,,True,,,,,,,,1000,,,2,,[FS1-P-ESX-VM-05] P-VC-01/P-VC-01_2-000001.vmdk,,,,,,,,,,,,,,,,,
P-VC-01,poweredOn,False,,Hard disk 4,,,,51200.0,,vim.vm.device.VirtualDisk,,True,,,,,,,,1000,,,3,,[FS1-P-ESX-VM-05] P-VC-01/P-VC-01_3-000001.vmdk,,,,,,,,,,,,,,,,,
P-VC-01,poweredOn,False,,Hard disk 5,,,,10240.0,,vim.vm.device.VirtualDisk,,True,,,,,,,,1000,,,4,,[FS1-P-ESX-VM-05] P-VC-01/P-VC-01_4-000001.vmdk,,,,,,,,,,,,,,,,,
P-VC-01,poweredOn,False,,Hard disk 6,,,,10240.0,,vim.vm.device.VirtualDisk,,True,,,,,,,,1000,,,5,,[FS1-P-ESX-VM-05] P-VC-01/P-VC-01_5-000001.vmdk,,,,,,,,,,,,,,,,,
P-VC-01,poweredOn,False,,Hard disk 7,,,,15360.0,,vim.vm.device.VirtualDisk,,True,,,,,,,,1000,,,6,,[FS1-P-ESX-VM-05] P-VC-01/P-VC-01_6-000001.vmdk,,,,,,,,,,,,,,,,,
P-VC-01,poweredOn,False,,Hard disk 8,,,,25600.0,,vim.vm.device.VirtualDisk,,True,,,,,,,,1000,,,8,,[FS1-P-ESX-VM-05] P-VC-01/P-VC-01_7-000001.vmdk,,,,,,,,,,,,,,,,,
P-VC-01,poweredOn,False,,Hard disk 9,,,,1024.0,,vim.vm.device.VirtualDisk,,True,,,,,,,,1000,,,9,,[FS1-P-ESX-VM-05] P-VC-01/P-VC-01_8-000001.vmdk,,,,,,,,,,,,,,,,,
P-VC-01,poweredOn,False,,Hard disk 10,,,,10240.0,,vim.vm.device.VirtualDisk,,True,,,,,,,,1000,,,10,,[FS1-P-ESX-VM-05] P-VC-01/P-VC-01_9-000001.vmdk,,,,,,,,,,,,,,,,,
P-VC-01,poweredOn,False,,Hard disk 11,,,,10240.0,,vim.vm.device.VirtualDisk,,True,,,,,,,,1000,,,11,,[FS1-P-ESX-VM-05] P-VC-01/P-VC-01_10-000001.vmdk,,,,,,,,,,,,,,,,,
P-VC-01,poweredOn,False,,Hard disk 12,,,,102400.0,,vim.vm.device.VirtualDisk,,True,,,,,,,,1000,,,12,,[FS1-P-ESX-VM-05] P-VC-01/P-VC-01_11-000001.vmdk,,,,,,,,,,,,,,,,,
P-VC-01,poweredOn,False,,Hard disk 13,,,,51200.0,,vim.vm.device.VirtualDisk,,True,,,,,,,,1000,,,13,,[FS1-P-ESX-VM-05] P-VC-01/P-VC-01_12-000001.vmdk,,,,,,,,,,,,,,,,,
P-VC-01,poweredOn,False,,Hard disk 14,,,,25600.0,,vim.vm.device.VirtualDisk,,True,,,,,,,,1000,,,14,,[FS1-P-ESX-VM-05] P-VC-01/P-VC-01_13-000001.vmdk,,,,,,,,,,,,,,,,,
P-VC-01,poweredOn,False,,Hard disk 15,,,,15360.0,,vim.vm.device.VirtualDisk,,True,,,,,,,,1001,,,0,,[FS1-P-ESX-VM-05] P-VC-01/P-VC-01_14-000001.vmdk,,,,,,,,,,,,,,,,,
P-VC-01,poweredOn,False,,Hard disk 16,,,,102400.0,,vim.vm.device.VirtualDisk,,True,,,,,,,,1001,,,1,,[FS1-P-ESX-VM-05] P-VC-01/P-VC-01_15-000001.vmdk,,,,,,,,,,,,,,,,,
P-VC-01,poweredOn,False,,Hard disk 17,,,,204800.0,,vim.vm.device.VirtualDisk,,True,,,,,,,,1001,,,2,,[FS1-P-ESX-VM-05] P-VC-01/P-VC-01_16-000001.vmdk,,,,,,,,,,,,,,,,,
P-MOODLE-OL-03,poweredOn,False,,Hard disk 1,,,,256010.24,,vim.vm.device.VirtualDisk,,True,,,,,,,,1000,,,0,,[FS1-P-ESX-VM-02] P-MOODLE-OL-03/P-MOODLE-OL-03-000004.vmdk,,,,,,,,,,,,,,,,,
P-AD-DS-06,poweredOn,False,,Hard disk 1,,,,153600.0,,vim.vm.device.VirtualDisk,,False,,,,,,,,1000,,,0,,[FS1-P-ESX-VM-03] P-AD-DS-06/P-AD-DS-06-000001.vmdk,,,,,,,,,,,,,,,,,
P-BAN9-APP-05,poweredOn,False,,Hard disk 1,,,,102400.0,,vim.vm.device.VirtualDisk,,False,,,,,,,,1000,,,0,,[FS1-P-ESX-VM-05] P-BAN9-APP-05/P-BAN9-APP-05-000002.vmdk,,,,,,,,,,,,,,,,,
P-BAN9-APP-05,poweredOn,False,,Hard disk 2,,,,61440.0,,vim.vm.device.VirtualDisk,,False,,,,,,,,1000,,,1,,[FS1-P-ESX-VM-05] P-BAN9-APP-05/P-BAN9-APP-05_1-000002.vmdk,,,,,,,,,,,,,,,,,
P-BAN9-APP-05,poweredOn,False,,Hard disk 3,,,,81920.0,,vim.vm.device.VirtualDisk,,False,,,,,,,,1000,,,2,,[FS1-P-ESX-VM-05] P-BAN9-APP-05/P-BAN9-APP-05_2-000001.vmdk,,,,,,,,,,,,,,,,,
P-IMP-DBF-01,poweredOn,False,,Hard disk 1,,,,460810.24,,vim.vm.device.VirtualDisk,,True,,,,,,,,1000,,,0,,[FS1-P-ESX-VM-03] P-IMP-DBF-01/P-IMP-DBF-01-000002.vmdk,,,,,,,,,,,,,,,,,
P-IMP-DBF-01,poweredOn,False,,Hard disk 2,,,,512010.24,,vim.vm.device.VirtualDisk,,True,,,,,,,,1000,,,1,,[FS1-P-ESX-VM-03] P-IMP-DBF-01/P-IMP-DBF-01_1-000002.vmdk,,,,,,,,,,,,,,,,,
P-MINEMELDPA-01,poweredOn,False,,Hard disk 1,,,,112660.48,,vim.vm.device.VirtualDisk,,True,,,,,,,,1000,,,0,,[FS1-P-ESX-VM-06] P-MINEMELDPA-01/P-MINEMELDPA-01-000001.vmdk,,,,,,,,,,,,,,,,,
P-NG-01,poweredOn,False,,Hard disk 1,,,,112650.24,,vim.vm.device.VirtualDisk,,True,,,,,,,,1000,,,0,,[FS1-P-ESX-VM-03] P-NG-01/P-NG-01_2.vmdk,,,,,,,,,,,,,,,,,
P-DB-GALERA-OL9-01,poweredOn,False,,Hard disk 1,,,,61440.0,,vim.vm.device.VirtualDisk,,False,,,,,,,,1000,,,0,,[FS1-P-ESX-VM-03] P-DB-GALERA-OL9-01/P-DB-GALERA-OL9-01_4-000004.vmdk,,,,,,,,,,,,,,,,,
P-APP-PASEC-OLN-01,poweredOn,False,,Hard disk 1,,,,61440.0,,vim.vm.device.VirtualDisk,,False,,,,,,,,1000,,,0,,[FS1-P-ESX-VM-01] P-APP-PASEC-OLN-01/P-APP-PASEC-OLN-01-000005.vmdk,,,,,,,,,,,,,,,,,
P-APP-REDCAP-OLN-01,poweredOn,False,,Hard disk 1,,,,102400.0,,vim.vm.device.VirtualDisk,,False,,,,,,,,1000,,,0,,[FS1-P-ESX-VM-02] P-APP-REDCAP-OLN-01/P-APP-REDCAP-OLN-01-000007.vmdk,,,,,,,,,,,,,,,,,
P-BAN9-APP-01-CL,poweredOff,False,,Hard disk 1,,,,102400.0,,vim.vm.device.VirtualDisk,,False,,,,,,,,1000,,,0,,[FS1-P-ESX-VM-05] P-BAN9-APP-01-CL/P-BAN9-APP-01-CL_3.vmdk,,,,,,,,,,,,,,,,,
P-BAN9-APP-01-CL,poweredOff,False,,Hard disk 2,,,,61440.0,,vim.vm.device.VirtualDisk,,False,,,,,,,,1000,,,1,,[FS1-P-ESX-VM-05] P-BAN9-APP-01-CL/P-BAN9-APP-01-CL_5.vmdk,,,,,,,,,,,,,,,,,
P-BAN9-APP-01-CL,poweredOff,False,,Hard disk 3,,,,81920.0,,vim.vm.device.VirtualDisk,,False,,,,,,,,1000,,,2,,[FS1-P-ESX-VM-05] P-BAN9-APP-01-CL/P-BAN9-APP-01-CL_7.vmdk,,,,,,,,,,,,,,,,,
P-GITLAB-OLNX-01,poweredOn,False,,Hard disk 1,,,,307210.24,,vim.vm.device.VirtualDisk,,True,,,,,,,,1000,,,0,,[FS1-P-ESX-VM-05] P-GITLAB-OLNX-01/P-GITLAB-OLNX-01-000009.vmdk,,,,,,,,,,,,,,,,,
P-IMP-MX-WAF-01,poweredOn,False,,Hard disk 1,,,,870410.24,,vim.vm.device.VirtualDisk,,True,,,,,,,,1000,,,0,,[FS1-P-ESX-VM-08] P-IMP-MX-WAF-01-CLON/P-IMP-MX-WAF-01-CLON_46.vmdk,,,,,,,,,,,,,,,,,
P-GEOCENTRO-OLNX-01,poweredOn,False,,Hard disk 1,,,,122890.24,,vim.vm.device.VirtualDisk,,True,,,,,,,,1000,,,0,,[FS1-P-ESX-VM-05] P-GEOCENTRO-OLNX-01/P-GEOCENTRO-OLNX-01-000007.vmdk,,,,,,,,,,,,,,,,,
P-IMP-MX-DBF-01,poweredOn,False,,Hard disk 1,,,,819210.24,,vim.vm.device.VirtualDisk,,True,,,,,,,,1000,,,0,,[FS1-P-ESX-VM-04] P-IMP-MX-DBF-01/P-IMP-MX-DBF-01-000002.vmdk,,,,,,,,,,,,,,,,,
P-GI-01,poweredOn,False,,Hard disk 1,,,,1048576.0,,vim.vm.device.VirtualDisk,,False,,,,,,,,1000,,,0,,[FS1-P-ESX-VM-08] P-GI-01/P-GI-01-000001.vmdk,,,,,,,,,,,,,,,,,
P-ZB-FE-01,poweredOn,False,,Hard disk 1,,,,81930.24,,vim.vm.device.VirtualDisk,,True,,,,,,,,1000,,,0,,[FS1-P-ESX-VM-01] P-ZB-FE-01/P-ZB-FE-01-000001.vmdk,,,,,,,,,,,,,,,,,
P-HUBI-LNX-01,poweredOn,False,,Hard disk 1,,,,512010.24,,vim.vm.device.VirtualDisk,,True,,,,,,,,1000,,,0,,[FS1-P-ESX-VM-02] P-HUBI-LNX-01/P-HUBI-LNX-01-000004.vmdk,,,,,,,,,,,,,,,,,
P-BAN9-ADMP-01,poweredOn,False,,Hard disk 1,,,,102400.0,,vim.vm.device.VirtualDisk,,False,,,,,,,,1000,,,0,,[FS1-P-ESX-VM-05] P-BAN9-ADMP-01/P-BAN9-ADMP-01-000002.vmdk,,,,,,,,,,,,,,,,,
P-BAN9-ADMP-01,poweredOn,False,,Hard disk 2,,,,61440.0,,vim.vm.device.VirtualDisk,,False,,,,,,,,1000,,,1,,[FS1-P-ESX-VM-05] P-BAN9-ADMP-01/P-BAN9-ADMP-01_1-000002.vmdk,,,,,,,,,,,,,,,,,
P-BAN9-ADMP-01,poweredOn,False,,Hard disk 3,,,,81920.0,,vim.vm.device.VirtualDisk,,False,,,,,,,,1000,,,2,,[FS1-P-ESX-VM-05] P-BAN9-ADMP-01/P-BAN9-ADMP-01_2-000001.vmdk,,,,,,,,,,,,,,,,,
P-RADIUS-01,poweredOn,False,,Hard disk 1,,,,20480.0,,vim.vm.device.VirtualDisk,,False,,,,,,,,1000,,,0,,[FS1-P-ESX-VM-07] P-RADIUS-01/P-RADIUS-01_2-000001.vmdk,,,,,,,,,,,,,,,,,
P-RADIUS-01,poweredOn,False,,Hard disk 2,,,,20480.0,,vim.vm.device.VirtualDisk,,False,,,,,,,,1000,,,1,,[FS1-P-ESX-VM-07] P-RADIUS-01/P-RADIUS-01-000001.vmdk,,,,,,,,,,,,,,,,,
P-BAN9-APP-02,poweredOn,False,,Hard disk 1,,,,102400.0,,vim.vm.device.VirtualDisk,,False,,,,,,,,1000,,,0,,[FS1-P-ESX-VM-02] P-BAN9-APP-02/P-BAN9-APP-02-000002.vmdk,,,,,,,,,,,,,,,,,
P-BAN9-APP-02,poweredOn,False,,Hard disk 2,,,,61440.0,,vim.vm.device.VirtualDisk,,False,,,,,,,,1000,,,1,,[FS1-P-ESX-VM-02] P-BAN9-APP-02/P-BAN9-APP-02_1-000002.vmdk,,,,,,,,,,,,,,,,,
P-BAN9-APP-02,poweredOn,False,,Hard disk 3,,,,81920.0,,vim.vm.device.VirtualDisk,,False,,,,,,,,1000,,,2,,[FS1-P-ESX-VM-02] P-BAN9-APP-02/P-BAN9-APP-02_2-000001.vmdk,,,,,,,,,,,,,,,,,
T-APP-INFOREDESTI-01,poweredOn,False,,Hard disk 1,,,,40960.0,,vim.vm.device.VirtualDisk,,False,,,,,,,,1000,,,0,,[FS1-P-ESX-VM-03] T-APP-INFOREDESTI-01/T-APP-INFOREDESTI-01_3-000001.vmdk,,,,,,,,,,,,,,,,,
P-WEBWORK-01,poweredOn,False,,Hard disk 1,,,,30720.0,,vim.vm.device.VirtualDisk,,False,,,,,,,,1000,,,0,,[FS1-P-ESX-VM-01] P-WEBWORK-01/P-WEBWORK-01-000003.vmdk,,,,,,,,,,,,,,,,,
P-WEBWORK-01,poweredOn,False,,Hard disk 2,,,,81920.0,,vim.vm.device.VirtualDisk,,False,,,,,,,,1000,,,1,,[FS1-P-ESX-VM-01] P-WEBWORK-01/P-WEBWORK-01_1-000003.vmdk,,,,,,,,,,,,,,,,,
P-APP-ANSIBLE-OL9-01,poweredOn,False,,Hard disk 1,,,,61440.0,,vim.vm.device.VirtualDisk,,False,,,,,,,,1000,,,0,,[FS1-P-ESX-VM-02] P-APP-ANSIBLE-OL9-01/P-APP-ANSIBLE-OL9-01-000003.vmdk,,,,,,,,,,,,,,,,,
P-NTP-01,poweredOn,False,,Hard disk 1,,,,20480.0,,vim.vm.device.VirtualDisk,,False,,,,,,,,1000,,,0,,[FS1-P-ESX-VM-02] P-NTP-01(N)/P-NTP-01(N).vmdk,,,,,,,,,,,,,,,,,
P-BAN9-APP-01,poweredOn,False,,Hard disk 1,,,,102400.0,,vim.vm.device.VirtualDisk,,False,,,,,,,,1000,,,0,,[FS1-P-ESX-VM-02] P-BAN9-APP-01/P-BAN9-APP-01-000002.vmdk,,,,,,,,,,,,,,,,,
P-BAN9-APP-01,poweredOn,False,,Hard disk 2,,,,61440.0,,vim.vm.device.VirtualDisk,,False,,,,,,,,1000,,,1,,[FS1-P-ESX-VM-02] P-BAN9-APP-01/P-BAN9-APP-01_1-000002.vmdk,,,,,,,,,,,,,,,,,
P-BAN9-APP-01,poweredOn,False,,Hard disk 3,,,,81920.0,,vim.vm.device.VirtualDisk,,False,,,,,,,,1000,,,2,,[FS1-P-ESX-VM-02] P-BAN9-APP-01/P-BAN9-APP-01_2-000001.vmdk,,,,,,,,,,,,,,,,,
P-FIN-MS-01,poweredOn,False,,Hard disk 1,,,,112650.24,,vim.vm.device.VirtualDisk,,True,,,,,,,,1000,,,0,,[FS1-P-ESX-VM-07] P-FIN-MS-01/P-FIN-MS-01-000004.vmdk,,,,,,,,,,,,,,,,,
P-ACR-CLOUD-02,poweredOn,False,,Hard disk 1,,,,8192.0,,vim.vm.device.VirtualDisk,,False,,,,,,,,1000,,,0,,[FS1-P-ESX-VM-07] P-ACR-CLOUD-02_1/P-ACR-CLOUD-02.vmdk,,,,,,,,,,,,,,,,,
P-ACR-CLOUD-02,poweredOn,False,,Hard disk 2,,,,1024.0,,vim.vm.device.VirtualDisk,,False,,,,,,,,1001,,,0,,[FS1-P-ESX-VM-07] P-ACR-CLOUD-02_1/P-ACR-CLOUD-02_1.vmdk,,,,,,,,,,,,,,,,,
P-ACR-CLOUD-02,poweredOn,False,,Hard disk 3,,,,16384.0,,vim.vm.device.VirtualDisk,,False,,,,,,,,1002,,,0,,[FS1-P-ESX-VM-07] P-ACR-CLOUD-02_1/P-ACR-CLOUD-02_2.vmdk,,,,,,,,,,,,,,,,,
P-EDUROAM-01,poweredOn,False,,Hard disk 1,,,,40980.48,,vim.vm.device.VirtualDisk,,True,,,,,,,,1000,,,0,,[FS1-P-ESX-VM-04] P-EDUROAM-01/P-EDUROAM-01-000001.vmdk,,,,,,,,,,,,,,,,,
P-WWW4-OL-01,poweredOff,False,,Hard disk 1,,,,112650.24,,vim.vm.device.VirtualDisk,,True,,,,,,,,1000,,,0,,[FS1-P-ESX-VM-07] P-WWW4-OL-01/P-WWW4-OL-01-000001.vmdk,,,,,,,,,,,,,,,,,
P-WWW4-OL-01,poweredOff,False,,Hard disk 2,,,,204810.24,,vim.vm.device.VirtualDisk,,True,,,,,,,,1000,,,1,,[FS1-P-ESX-VM-07] P-WWW4-OL-01/P-WWW4-OL-01_1-000001.vmdk,,,,,,,,,,,,,,,,,
P-BAN9-SSB-01,poweredOn,False,,Hard disk 1,,,,102400.0,,vim.vm.device.VirtualDisk,,False,,,,,,,,1000,,,0,,[FS1-P-ESX-VM-04] P-BAN9-SSB-01/P-BAN9-SSB-01-000002.vmdk,,,,,,,,,,,,,,,,,
P-BAN9-SSB-01,poweredOn,False,,Hard disk 2,,,,61440.0,,vim.vm.device.VirtualDisk,,False,,,,,,,,1000,,,1,,[FS1-P-ESX-VM-04] P-BAN9-SSB-01/P-BAN9-SSB-01_1-000002.vmdk,,,,,,,,,,,,,,,,,
P-BAN9-SSB-01,poweredOn,False,,Hard disk 3,,,,81920.0,,vim.vm.device.VirtualDisk,,False,,,,,,,,1000,,,2,,[FS1-P-ESX-VM-04] P-BAN9-SSB-01/P-BAN9-SSB-01_2-000001.vmdk,,,,,,,,,,,,,,,,,
P-IMP-GW-WAF-01A,poweredOn,False,,Hard disk 1,,,,163840.0,,vim.vm.device.VirtualDisk,,False,,,,,,,,1000,,,0,,[FS1-P-ESX-VM-06] P-IMP-GW-WAF-01A/P-IMP-GW-WAF-01A.vmdk,,,,,,,,,,,,,,,,,
P-WS-EXT-02,poweredOn,False,,Hard disk 1,,,,204800.0,,vim.vm.device.VirtualDisk,,True,,,,,,,,1000,,,0,,[FS1-P-ESX-VM-08] P-WS-EXT-02/P-WS-EXT-02-000003.vmdk,,,,,,,,,,,,,,,,,
P-ACR-CLOUD-01,poweredOn,False,,Hard disk 1,,,,8192.0,,vim.vm.device.VirtualDisk,,False,,,,,,,,1000,,,0,,[FS1-P-ESX-VM-03] P-ACR-CLOUD-01/P-ACR-CLOUD-01.vmdk,,,,,,,,,,,,,,,,,
P-ACR-CLOUD-01,poweredOn,False,,Hard disk 2,,,,1024.0,,vim.vm.device.VirtualDisk,,False,,,,,,,,1001,,,0,,[FS1-P-ESX-VM-03] P-ACR-CLOUD-01/P-ACR-CLOUD-01_1.vmdk,,,,,,,,,,,,,,,,,
P-ACR-CLOUD-01,poweredOn,False,,Hard disk 3,,,,16384.0,,vim.vm.device.VirtualDisk,,False,,,,,,,,1002,,,0,,[FS1-P-ESX-VM-03] P-ACR-CLOUD-01/P-ACR-CLOUD-01_2.vmdk,,,,,,,,,,,,,,,,,
P-ACR-CLOUD-01,poweredOn,False,,Hard disk 4,,,,204810.24,,vim.vm.device.VirtualDisk,,True,,,,,,,,1000,,,2,,[FS1-P-ESX-VM-08] P-MYSQL-DB-02/P-MYSQL-DB-02-000003.vmdk,,,,,,,,,,,,,,,,,
P-ACR-CLOUD-01,poweredOn,False,,Hard disk 5,,,,102410.24,,vim.vm.device.VirtualDisk,,True,,,,,,,,1000,,,3,,[FS1-P-ESX-VM-07] P-MYSQL-DB-01/P-MYSQL-DB-01-000003.vmdk,,,,,,,,,,,,,,,,,
P-ACR-CLOUD-01,poweredOn,False,,Hard disk 6,,,,204810.24,,vim.vm.device.VirtualDisk,,True,,,,,,,,1000,,,1,,[FS1-P-ESX-VM-01] P-KOVM-CLC-01/P-KOVM-CLC-01.vmdk,,,,,,,,,,,,,,,,,
P-ACR-CLOUD-01,poweredOn,False,,Hard disk 7,,,,51210.24,,vim.vm.device.VirtualDisk,,True,,,,,,,,1000,,,4,,[FS1-P-ESX-VM-01] P-KOVM-CLC-01/P-KOVM-CLC-01_1.vmdk,,,,,,,,,,,,,,,,,
P-ACR-CLOUD-01,poweredOn,False,,Hard disk 8,,,,51210.24,,vim.vm.device.VirtualDisk,,True,,,,,,,,1000,,,5,,[FS1-P-ESX-VM-01] P-KOVM-CLC-01/P-KOVM-CLC-01_2.vmdk,,,,,,,,,,,,,,,,,
P-ACR-CLOUD-01,poweredOn,False,,Hard disk 9,,,,51210.24,,vim.vm.device.VirtualDisk,,True,,,,,,,,1000,,,6,,[FS1-P-ESX-VM-01] P-KOVM-CLC-01/P-KOVM-CLC-01_3.vmdk,,,,,,,,,,,,,,,,,
P-ACR-CLOUD-01,poweredOn,False,,Hard disk 10,,,,51210.24,,vim.vm.device.VirtualDisk,,True,,,,,,,,1000,,,8,,[FS1-P-ESX-VM-01] P-KOVM-CLC-01/P-KOVM-CLC-01_4.vmdk,,,,,,,,,,,,,,,,,
P-ACR-CLOUD-01,poweredOn,False,,Hard disk 11,,,,153600.0,,vim.vm.device.VirtualDisk,,False,,,,,,,,1000,,,9,,[FS1-P-ESX-VM-03] P-AD-DS-06/P-AD-DS-06-000002.vmdk,,,,,,,,,,,,,,,,,
P-EXPEDITION-PA-01,poweredOn,False,,Hard disk 1,,,,40960.0,,vim.vm.device.VirtualDisk,,False,,,,,,,,1000,,,0,,[FS1-P-ESX-VM-06] P-EXPEDITION-PA-01/P-EXPEDITION-PA-01-000001.vmdk,,,,,,,,,,,,,,,,,
P-ZB-HAPROXY-01,poweredOn,False,,Hard disk 1,,,,112650.24,,vim.vm.device.VirtualDisk,,True,,,,,,,,1000,,,0,,[FS1-P-ESX-VM-03] P-ZB-HAPROXY-01/P-ZB-HAPROXY-01.vmdk,,,,,,,,,,,,,,,,,
P-QUALYS-SCAN-01,poweredOn,False,,Hard disk 1,,,,57344.0,,vim.vm.device.VirtualDisk,,False,,,,,,,,1000,,,0,,[FS1-P-ESX-VM-04] P-QUALYS-SCAN-01/P-QUALYS-SCAN-01-000001.vmdk,,,,,,,,,,,,,,,,,
P-FW-INV-01,poweredOn,False,,Hard disk 1,,,,61440.0,,vim.vm.device.VirtualDisk,,False,,,,,,,,1000,,,0,,[FS1-P-ESX-VM-04] PA-VM-ESX-10/PA-VM-ESX-10.vmdk,,,,,,,,,,,,,,,,,
P-CUSTOM-OLNX-01,poweredOn,False,,Hard disk 1,,,,112650.24,,vim.vm.device.VirtualDisk,,True,,,,,,,,1000,,,0,,[FS1-P-ESX-VM-01] P-CUSTOM-OLNX-01/P-CUSTOM-OLNX-01-000003.vmdk,,,,,,,,,,,,,,,,,
P-CUSTOM-OLNX-01,poweredOn,False,,Hard disk 2,,,,256010.24,,vim.vm.device.VirtualDisk,,True,,,,,,,,1000,,,1,,[FS1-P-ESX-VM-01] P-CUSTOM-OLNX-01/P-CUSTOM-OLNX-01_1-000003.vmdk,,,,,,,,,,,,,,,,,
P-ZB-DB-01,poweredOn,False,,Hard disk 1,,,,409610.24,,vim.vm.device.VirtualDisk,,True,,,,,,,,1000,,,0,,[FS1-P-ESX-VM-07] P-ZB-DB-01/P-ZB-DB-01-000001.vmdk,,,,,,,,,,,,,,,,,
P-ZB-DB-01,poweredOn,False,,Hard disk 2,,,,163850.24,,vim.vm.device.VirtualDisk,,True,,,,,,,,1000,,,1,,[FS1-P-ESX-VM-07] P-ZB-DB-01/P-ZB-DB-01_1-000001.vmdk,,,,,,,,,,,,,,,,,
P-ZB-DB-01,poweredOn,False,,Hard disk 3,,,,204800.0,,vim.vm.device.VirtualDisk,,True,,,,,,,,1000,,,2,,[FS1-P-ESX-VM-07] P-ZB-DB-01/P-ZB-DB-01_2-000001.vmdk,,,,,,,,,,,,,,,,,
P-ZB-DB-01,poweredOn,False,,Hard disk 4,,,,307200.0,,vim.vm.device.VirtualDisk,,False,,,,,,,,1000,,,3,,[FS1-P-ESX-VM-07] P-ZB-DB-01/P-ZB-DB-01_3-000001.vmdk,,,,,,,,,,,,,,,,,
S2-P-AD-DS-04,poweredOn,False,,Hard disk 1,,,,153600.0,,vim.vm.device.VirtualDisk,,False,,,,,,,,1000,,,0,,[FS1-S-ESX-VM-02] S2-P-AD-DS-04/S2-P-AD-DS-04_3.vmdk,,,,,,,,,,,,,,,,,
S2-P-ZB-DB-01,poweredOff,False,,Hard disk 1,,,,409620.48,,vim.vm.device.VirtualDisk,,True,,,,,,,,1000,,,0,,[FS-S-ESX-VM-01] S2-P-ZB-DB-01/S2-P-ZB-DB-01.vmdk,,,,,,,,,,,,,,,,,
S2-P-ZB-DB-01,poweredOff,False,,Hard disk 2,,,,163860.48,,vim.vm.device.VirtualDisk,,True,,,,,,,,1000,,,1,,[FS-S-ESX-VM-01] S2-P-ZB-DB-01/S2-P-ZB-DB-01_1.vmdk,,,,,,,,,,,,,,,,,
S2-P-ZB-FE-01-S,poweredOff,False,,Hard disk 1,,,,81940.48,,vim.vm.device.VirtualDisk,,True,,,,,,,,1000,,,0,,[FS1-S-ESX-VM-02] S2-P-ZB-FE-01-S/S2-P-ZB-FE-01-S.vmdk,,,,,,,,,,,,,,,,,
S-ACR-CLOUD-01,poweredOn,False,,Hard disk 1,,,,8192.0,,vim.vm.device.VirtualDisk,,False,,,,,,,,1000,,,0,,[FS-S-ESX-VM-01] S-ACR-CLOUD-01_1/S-ACR-CLOUD-01-000001.vmdk,,,,,,,,,,,,,,,,,
S-ACR-CLOUD-01,poweredOn,False,,Hard disk 2,,,,1024.0,,vim.vm.device.VirtualDisk,,False,,,,,,,,1001,,,0,,[FS-S-ESX-VM-01] S-ACR-CLOUD-01_1/S-ACR-CLOUD-01_1-000001.vmdk,,,,,,,,,,,,,,,,,
S-ACR-CLOUD-01,poweredOn,False,,Hard disk 3,,,,16384.0,,vim.vm.device.VirtualDisk,,False,,,,,,,,1002,,,0,,[FS-S-ESX-VM-01] S-ACR-CLOUD-01_1/S-ACR-CLOUD-01_2-000001.vmdk,,,,,,,,,,,,,,,,,
S3-LNX-ROUTER-01,poweredOn,False,,Hard disk 1,,,,51200.0,,vim.vm.device.VirtualDisk,,False,,,,,,,,1000,,,0,,[FS1-S-ESX-VM-02] S3-LNX-ROUTER-01/S3-LNX-ROUTER-01_1.vmdk,,,,,,,,,,,,,,,,,
S3-PA-02,poweredOn,False,,Hard disk 1,,,,61440.0,,vim.vm.device.VirtualDisk,,False,,,,,,,,1000,,,0,,[FS1-S-ESX-VM-02] S3-PA-02/S3-PA-02.vmdk,,,,,,,,,,,,,,,,,
S1-P-PA-02,poweredOff,False,,Hard disk 1,,,,61440.0,,vim.vm.device.VirtualDisk,,False,,,,,,,,1000,,,0,,[FS-S-ESX-VM-01] S1-P-PA-02/S1-P-PA-02.vmdk,,,,,,,,,,,,,,,,,
S2-PA-01,poweredOn,False,,Hard disk 1,,,,61440.0,,vim.vm.device.VirtualDisk,,False,,,,,,,,1000,,,0,,[FS-S-ESX-VM-01] S2-PA-01/S2-PA-01_4.vmdk,,,,,,,,,,,,,,,,,
S-WIN-TEST,poweredOn,False,,Hard disk 1,,,,92160.0,,vim.vm.device.VirtualDisk,,False,,,,,,,,1000,,,0,,[FS1-S-ESX-VM-02] S-WIN-TEST/S-WIN-TEST_2.vmdk,,,,,,,,,,,,,,,,,
S2-LNX-ROUTER-01,poweredOn,False,,Hard disk 1,,,,51200.0,,vim.vm.device.VirtualDisk,,False,,,,,,,,1000,,,0,,[FS-S-ESX-VM-01] S2-LNX-ROUTER-01/S2-LNX-ROUTER-01_1.vmdk,,,,,,,,,,,,,,,,,
T-EVE-01,poweredOn,False,,Hard disk 1,,,,512000.0,,vim.vm.device.VirtualDisk,,False,,,,,,,,1000,,,0,,[FS1-S-ESX-VM-02] T-EVE-01/T-EVE-01.vmdk,,,,,,,,,,,,,,,,,
S2-P-NG-01_1,poweredOff,False,,Hard disk 1,,,,112650.24,,vim.vm.device.VirtualDisk,,True,,,,,,,,1000,,,0,,[FS-S-ESX-VM-01] P-NG-01_1/P-NG-01_1.vmdk,,,,,,,,,,,,,,,,,
T-GITLAB-OLNX-01,poweredOn,False,,Hard disk 1,,,,307210.24,,vim.vm.device.VirtualDisk,,True,,,,,,,,1000,,,0,,[FS1-T-ESX-VM-03] T-GITLAB-OLNX-01/T-GITLAB-OLNX-01_10.vmdk,,,,,,,,,,,,,,,,,
T-BAN-APP-04,poweredOn,False,,Hard disk 1,,,,102400.0,,vim.vm.device.VirtualDisk,,False,,,,,,,,1000,,,0,,[FS1-T-ESX-VM-01] T-BAN-APP-04/T-BAN-APP-04-000002.vmdk,,,,,,,,,,,,,,,,,
T-BAN-APP-04,poweredOn,False,,Hard disk 2,,,,61440.0,,vim.vm.device.VirtualDisk,,False,,,,,,,,1000,,,1,,[FS1-T-ESX-VM-01] T-BAN-APP-04/T-BAN-APP-04_1-000002.vmdk,,,,,,,,,,,,,,,,,
T-BAN-APP-04,poweredOn,False,,Hard disk 3,,,,40960.0,,vim.vm.device.VirtualDisk,,False,,,,,,,,1000,,,2,,[FS1-T-ESX-VM-01] T-BAN-APP-04/T-BAN-APP-04_2-000002.vmdk,,,,,,,,,,,,,,,,,
T-ACR-CLOUD-01,poweredOn,False,,Hard disk 1,,,,8192.0,,vim.vm.device.VirtualDisk,,False,,,,,,,,1000,,,0,,[FS1-T-ESX-VM-03] T-ACR-CLOUD-01/T-ACR-CLOUD-01.vmdk,,,,,,,,,,,,,,,,,
T-ACR-CLOUD-01,poweredOn,False,,Hard disk 2,,,,1024.0,,vim.vm.device.VirtualDisk,,False,,,,,,,,1001,,,0,,[FS1-T-ESX-VM-03] T-ACR-CLOUD-01/T-ACR-CLOUD-01_1.vmdk,,,,,,,,,,,,,,,,,
T-ACR-CLOUD-01,poweredOn,False,,Hard disk 3,,,,16384.0,,vim.vm.device.VirtualDisk,,False,,,,,,,,1002,,,0,,[FS1-T-ESX-VM-03] T-ACR-CLOUD-01/T-ACR-CLOUD-01_2.vmdk,,,,,,,,,,,,,,,,,
T-BAN-BEPBRIM-01,poweredOn,False,,Hard disk 1,,,,102400.0,,vim.vm.device.VirtualDisk,,False,,,,,,,,1000,,,0,,[FS1-T-ESX-VM-01] T-BAN-BEPBRIM-01/T-BAN-BEPBRIM-01-000001.vmdk,,,,,,,,,,,,,,,,,
T-BAN-BEPBRIM-01,poweredOn,False,,Hard disk 2,,,,61440.0,,vim.vm.device.VirtualDisk,,False,,,,,,,,1000,,,1,,[FS1-T-ESX-VM-01] T-BAN-BEPBRIM-01/T-BAN-BEPBRIM-01_1-000001.vmdk,,,,,,,,,,,,,,,,,
T-BAN-BEPBRIM-01,poweredOn,False,,Hard disk 3,,,,40960.0,,vim.vm.device.VirtualDisk,,False,,,,,,,,1000,,,2,,[FS1-T-ESX-VM-01] T-BAN-BEPBRIM-01/T-BAN-BEPBRIM-01_2-000001.vmdk,,,,,,,,,,,,,,,,,
T-VM-PA-01,poweredOn,False,,Hard disk 1,,,,61440.0,,vim.vm.device.VirtualDisk,,False,,,,,,,,1000,,,0,,[FS1-T-ESX-VM-03] T-VM-PA-01/T-VM-PA-01.vmdk,,,,,,,,,,,,,,,,,
T-VM-PA-01,poweredOn,False,,Hard disk 2,,,,358400.0,,vim.vm.device.VirtualDisk,,False,,,,,,,,1000,,,1,,[FS1-T-ESX-VM-03] T-VM-PA-01/T-VM-PA-01_1.vmdk,,,,,,,,,,,,,,,,,
D-CUSTOM-01,poweredOn,False,,Hard disk 1,,,,112650.24,,vim.vm.device.VirtualDisk,,True,,,,,,,,1000,,,0,,[FS1-T-ESX-VM-01] D-CUSTOM-01/D-CUSTOM-01-000003.vmdk,,,,,,,,,,,,,,,,,
D-CUSTOM-01,poweredOn,False,,Hard disk 2,,,,256010.24,,vim.vm.device.VirtualDisk,,True,,,,,,,,1000,,,1,,[FS1-T-ESX-VM-01] D-CUSTOM-01/D-CUSTOM-01_1-000003.vmdk,,,,,,,,,,,,,,,,,
T-FIN-MS-01,poweredOn,False,,Hard disk 1,,,,112650.24,,vim.vm.device.VirtualDisk,,True,,,,,,,,1000,,,0,,[FS1-T-ESX-VM-01] T-FIN-MS-01/T-FIN-MS-01-000006.vmdk,,,,,,,,,,,,,,,,,
T-POC-LUMU-01,poweredOff,False,,Hard disk 1,,,,30003.2,,vim.vm.device.VirtualDisk,,True,,,,,,,,1000,,,0,,[FS1-T-ESX-VM-03] T-POC-LUMU-01(1)/T-POC-LUMU-01(1).vmdk,,,,,,,,,,,,,,,,,
T-BAN-APP-05,poweredOn,False,,Hard disk 1,,,,102400.0,,vim.vm.device.VirtualDisk,,False,,,,,,,,1000,,,0,,[FS1-T-ESX-VM-02] T-BAN-APP-05/T-BAN-APP-05-000002.vmdk,,,,,,,,,,,,,,,,,
T-BAN-APP-05,poweredOn,False,,Hard disk 2,,,,61440.0,,vim.vm.device.VirtualDisk,,False,,,,,,,,1000,,,1,,[FS1-T-ESX-VM-02] T-BAN-APP-05/T-BAN-APP-05_1-000002.vmdk,,,,,,,,,,,,,,,,,
T-BAN-APP-05,poweredOn,False,,Hard disk 3,,,,40960.0,,vim.vm.device.VirtualDisk,,False,,,,,,,,1000,,,2,,[FS1-T-ESX-VM-02] T-BAN-APP-05/T-BAN-APP-05_2-000002.vmdk,,,,,,,,,,,,,,,,,
P-ANS-01,poweredOn,False,,Hard disk 1,,,,20490.24,,vim.vm.device.VirtualDisk,,True,,,,,,,,1000,,,0,,[FS1-T-ESX-VM-03] P-ANS-01/P-ANS-01-000001.vmdk,,,,,,,,,,,,,,,,,
T-WIN-02,poweredOn,False,,Hard disk 1,,,,92160.0,,vim.vm.device.VirtualDisk,,False,,,,,,,,1000,,,0,,[FS1-T-ESX-VM-03] T-WIN-02/T-WIN-02_2.vmdk,,,,,,,,,,,,,,,,,
T-BAN-ADMP-01,poweredOn,False,,Hard disk 1,,,,102400.0,,vim.vm.device.VirtualDisk,,False,,,,,,,,1000,,,0,,[FS1-T-ESX-VM-02] T-BAN-ADMP-01/T-BAN-ADMP-01-000001.vmdk,,,,,,,,,,,,,,,,,
T-BAN-ADMP-01,poweredOn,False,,Hard disk 2,,,,61440.0,,vim.vm.device.VirtualDisk,,False,,,,,,,,1000,,,1,,[FS1-T-ESX-VM-02] T-BAN-ADMP-01/T-BAN-ADMP-01_1-000001.vmdk,,,,,,,,,,,,,,,,,
T-BAN-ADMP-01,poweredOn,False,,Hard disk 3,,,,40960.0,,vim.vm.device.VirtualDisk,,False,,,,,,,,1000,,,2,,[FS1-T-ESX-VM-02] T-BAN-ADMP-01/T-BAN-ADMP-01_2-000001.vmdk,,,,,,,,,,,,,,,,,
T-WIN-10,poweredOn,False,,Hard disk 1,,,,204800.0,,vim.vm.device.VirtualDisk,,False,,,,,,,,1000,,,0,,[FS1-T-ESX-VM-02] T-WIN-10/T-WIN-10.vmdk,,,,,,,,,,,,,,,,,
T-WIN-10,poweredOn,False,,Hard disk 2,,,,102400.0,,vim.vm.device.VirtualDisk,,False,,,,,,,,1000,,,1,,[FS1-T-ESX-VM-02] T-WIN-10/T-WIN-10_1.vmdk,,,,,,,,,,,,,,,,,
T-BAN-SSB-01,poweredOn,False,,Hard disk 1,,,,102400.0,,vim.vm.device.VirtualDisk,,False,,,,,,,,1000,,,0,,[FS1-T-ESX-VM-01] T-BAN-SSB-01/T-BAN-SSB-01-000001.vmdk,,,,,,,,,,,,,,,,,
T-BAN-SSB-01,poweredOn,False,,Hard disk 2,,,,61440.0,,vim.vm.device.VirtualDisk,,False,,,,,,,,1000,,,1,,[FS1-T-ESX-VM-01] T-BAN-SSB-01/T-BAN-SSB-01_1-000001.vmdk,,,,,,,,,,,,,,,,,
T-BAN-SSB-01,poweredOn,False,,Hard disk 3,,,,40960.0,,vim.vm.device.VirtualDisk,,False,,,,,,,,1000,,,2,,[FS1-T-ESX-VM-01] T-BAN-SSB-01/T-BAN-SSB-01_2-000001.vmdk,,,,,,,,,,,,,,,,,
D-CUSTOM-02,poweredOn,False,,Hard disk 1,,,,204800.0,,vim.vm.device.VirtualDisk,,False,,,,,,,,1000,,,0,,[FS1-T-ESX-VM-02] D-CUSTOM-02/D-CUSTOM-02.vmdk,,,,,,,,,,,,,,,,,
T-ACR-CLOUD-02,poweredOn,False,,Hard disk 1,,,,8192.0,,vim.vm.device.VirtualDisk,,False,,,,,,,,1000,,,0,,[FS1-T-ESX-VM-02] T-ACR-CLOUD-02/T-ACR-CLOUD-02.vmdk,,,,,,,,,,,,,,,,,
T-ACR-CLOUD-02,poweredOn,False,,Hard disk 2,,,,1024.0,,vim.vm.device.VirtualDisk,,False,,,,,,,,1001,,,0,,[FS1-T-ESX-VM-02] T-ACR-CLOUD-02/T-ACR-CLOUD-02_1.vmdk,,,,,,,,,,,,,,,,,
T-ACR-CLOUD-02,poweredOn,False,,Hard disk 3,,,,16384.0,,vim.vm.device.VirtualDisk,,False,,,,,,,,1002,,,0,,[FS1-T-ESX-VM-02] T-ACR-CLOUD-02/T-ACR-CLOUD-02_2.vmdk,,,,,,,,,,,,,,,,,
T-BAN-APP-06,poweredOn,False,,Hard disk 1,,,,102400.0,,vim.vm.device.VirtualDisk,,False,,,,,,,,1000,,,0,,[FS1-T-ESX-VM-01] T-BAN-APP-06/T-BAN-APP-06-000002.vmdk,,,,,,,,,,,,,,,,,
T-BAN-APP-06,poweredOn,False,,Hard disk 2,,,,61440.0,,vim.vm.device.VirtualDisk,,False,,,,,,,,1000,,,1,,[FS1-T-ESX-VM-01] T-BAN-APP-06/T-BAN-APP-06_1-000002.vmdk,,,,,,,,,,,,,,,,,
T-BAN-APP-06,poweredOn,False,,Hard disk 3,,,,40960.0,,vim.vm.device.VirtualDisk,,False,,,,,,,,1000,,,2,,[FS1-T-ESX-VM-01] T-BAN-APP-06/T-BAN-APP-06_2-000002.vmdk,,,,,,,,,,,,,,,,,
D-HUBI-LNX-02,poweredOn,False,,Hard disk 1,,,,519178.24,,vim.vm.device.VirtualDisk,,True,,,,,,,,1000,,,0,,[FS1-T-ESX-VM-03] D-HUBI-LNX-02/D-HUBI-LNX-02-000001.vmdk,,,,,,,,,,,,,,,,,
T-BAN-BATCH-01,poweredOn,False,,Hard disk 1,,,,102400.0,,vim.vm.device.VirtualDisk,,False,,,,,,,,1000,,,0,,[FS1-T-ESX-VM-02] T-BAN-BATCH-01/T-BAN-BATCH-01-000003.vmdk,,,,,,,,,,,,,,,,,
T-BAN-BATCH-01,poweredOn,False,,Hard disk 2,,,,204800.0,,vim.vm.device.VirtualDisk,,False,,,,,,,,1000,,,1,,[FS1-T-ESX-VM-02] T-BAN-BATCH-01/T-BAN-BATCH-01_1-000003.vmdk,,,,,,,,,,,,,,,,,
T-BAN-BATCH-01,poweredOn,False,,Hard disk 3,,,,40960.0,,vim.vm.device.VirtualDisk,,False,,,,,,,,1000,,,2,,[FS1-T-ESX-VM-02] T-BAN-BATCH-01/T-BAN-BATCH-01_2-000002.vmdk,,,,,,,,,,,,,,,,,
T-BAN-APP-02,poweredOn,False,,Hard disk 1,,,,102400.0,,vim.vm.device.VirtualDisk,,False,,,,,,,,1000,,,0,,[FS1-T-ESX-VM-01] T-BAN-APP-02/T-BAN-APP-02-000001.vmdk,,,,,,,,,,,,,,,,,
T-BAN-APP-02,poweredOn,False,,Hard disk 2,,,,61440.0,,vim.vm.device.VirtualDisk,,False,,,,,,,,1000,,,1,,[FS1-T-ESX-VM-01] T-BAN-APP-02/T-BAN-APP-02_1-000001.vmdk,,,,,,,,,,,,,,,,,
T-BAN-APP-02,poweredOn,False,,Hard disk 3,,,,40960.0,,vim.vm.device.VirtualDisk,,False,,,,,,,,1000,,,2,,[FS1-T-ESX-VM-01] T-BAN-APP-02/T-BAN-APP-02_2-000003.vmdk,,,,,,,,,,,,,,,,,
T-BAN-APP-01,poweredOn,False,,Hard disk 1,,,,102400.0,,vim.vm.device.VirtualDisk,,False,,,,,,,,1000,,,0,,[FS1-T-ESX-VM-02] T-BAN-APP-01/T-BAN-APP-01-000002.vmdk,,,,,,,,,,,,,,,,,
T-BAN-APP-01,poweredOn,False,,Hard disk 2,,,,61440.0,,vim.vm.device.VirtualDisk,,False,,,,,,,,1000,,,1,,[FS1-T-ESX-VM-02] T-BAN-APP-01/T-BAN-APP-01_1-000002.vmdk,,,,,,,,,,,,,,,,,
T-BAN-APP-01,poweredOn,False,,Hard disk 3,,,,81920.0,,vim.vm.device.VirtualDisk,,False,,,,,,,,1000,,,2,,[FS1-T-ESX-VM-02] T-BAN-APP-01/T-BAN-APP-01_2-000002.vmdk,,,,,,,,,,,,,,,,,
T-ORPHEUS-01,poweredOff,False,,Hard disk 1,,,,256010.24,,vim.vm.device.VirtualDisk,,True,,,,,,,,1000,,,0,,[FS1-T-ESX-VM-02] T-ORPHEUS-01/T-ORPHEUS-01.vmdk,,,,,,,,,,,,,,,,,
T-BAN-APP-03,poweredOn,False,,Hard disk 1,,,,102400.0,,vim.vm.device.VirtualDisk,,False,,,,,,,,1000,,,0,,[FS1-T-ESX-VM-03] T-BAN-APP-03/T-BAN-APP-03-000002.vmdk,,,,,,,,,,,,,,,,,
T-BAN-APP-03,poweredOn,False,,Hard disk 2,,,,61440.0,,vim.vm.device.VirtualDisk,,False,,,,,,,,1000,,,1,,[FS1-T-ESX-VM-03] T-BAN-APP-03/T-BAN-APP-03_1-000002.vmdk,,,,,,,,,,,,,,,,,
T-BAN-APP-03,poweredOn,False,,Hard disk 3,,,,40960.0,,vim.vm.device.VirtualDisk,,False,,,,,,,,1000,,,2,,[FS1-T-ESX-VM-03] T-BAN-APP-03/T-BAN-APP-03_2-000002.vmdk,,,,,,,,,,,,,,,,,
P-WIN-ADM-01,poweredOff,False,,Hard disk 1,,,,92160.0,,vim.vm.device.VirtualDisk,,False,,,,,,,,1000,,,0,,[FS1-T-ESX-VM-03] P-WIN-ADM-01/P-WIN-ADM-01-000003.vmdk,,,,,,,,,,,,,,,,,
T-BAN-ETHOS-01,poweredOn,False,,Hard disk 1,,,,102400.0,,vim.vm.device.VirtualDisk,,False,,,,,,,,1000,,,0,,[FS1-T-ESX-VM-01] T-BAN-ETHOS-01/T-BAN-ETHOS-01-000001.vmdk,,,,,,,,,,,,,,,,,
T-BAN-ETHOS-01,poweredOn,False,,Hard disk 2,,,,61440.0,,vim.vm.device.VirtualDisk,,False,,,,,,,,1000,,,1,,[FS1-T-ESX-VM-01] T-BAN-ETHOS-01/T-BAN-ETHOS-01_1-000001.vmdk,,,,,,,,,,,,,,,,,
T-BAN-ETHOS-01,poweredOn,False,,Hard disk 3,,,,40960.0,,vim.vm.device.VirtualDisk,,False,,,,,,,,1000,,,2,,[FS1-T-ESX-VM-01] T-BAN-ETHOS-01/T-BAN-ETHOS-01_2-000001.vmdk,,,,,,,,,,,,,,,,,
T-RESERVAS-C7-01,poweredOn,False,,Hard disk 1,,,,256020.48,,vim.vm.device.VirtualDisk,,True,,,,,,,,1000,,,0,,[FS1-T-ESX-VM-01] T-RESERVAS-C7-01/T-RESERVAS-C7-01-000005.vmdk,,,,,,,,,,,,,,,,,
T-BAN-ESM-01,poweredOn,False,,Hard disk 1,,,,102400.0,,vim.vm.device.VirtualDisk,,False,,,,,,,,1000,,,0,,[FS1-T-ESX-VM-02] T-BAN-ESM-01/T-BAN-ESM-01-000001.vmdk,,,,,,,,,,,,,,,,,
T-BAN-ESM-01,poweredOn,False,,Hard disk 2,,,,40960.0,,vim.vm.device.VirtualDisk,,False,,,,,,,,1000,,,1,,[FS1-T-ESX-VM-02] T-BAN-ESM-01/T-BAN-ESM-01_1-000001.vmdk,,,,,,,,,,,,,,,,,
T-BAN-ESM-01,poweredOn,False,,Hard disk 3,,,,307200.0,,vim.vm.device.VirtualDisk,,False,,,,,,,,1000,,,2,,[FS1-T-ESX-VM-02] T-BAN-ESM-01/T-BAN-ESM-01_2-000001.vmdk,,,,,,,,,,,,,,,,,
T-APP-REDCAP-OLN-01,poweredOn,False,,Hard disk 1,,,,102400.0,,vim.vm.device.VirtualDisk,,False,,,,,,,,1000,,,0,,[FS1-T-ESX-VM-01] T-APP-REDCAP-OLN-01/T-APP-REDCAP-OLN-01-000001.vmdk,,,,,,,,,,,,,,,,,
T-HUBI-PYTHON-OLNX-01,poweredOn,False,,Hard disk 1,,,,112650.24,,vim.vm.device.VirtualDisk,,True,,,,,,,,1000,,,0,,[FS1-T-ESX-VM-01] T-HUBI-PYTHON-OLNX-01/T-HUBI-PYTHON-OLNX-01-000005.vmdk,,,,,,,,,,,,,,,,,
