VM,Powerstate,Template,SRM Placeholder,Disk Key,Disk,Capacity MiB,Consumed MiB,Free MiB,Free %,Internal Sort Column,Annotation,Backup status,ClusterInvariantVMMId,Last backup,Datacenter,Cluster,Host,Folder,OS according to the configuration file,OS according to the VMware Tools,VM ID,VM UUID,VI SDK Server,VI SDK UUID
P-DLAB-01,poweredOn,False,,,/,117822,15496,102326,86.8,,,,,,USFQ,USFQ-PRODUCCION,p-esx-03.usfq.edu.ec,,,,,,,
P-DLAB-01,poweredOn,False,,,/boot,1014,293,721,71.1,,,,,,USFQ,USFQ-PRODUCCION,p-esx-03.usfq.edu.ec,,,,,,,
P-DLAB-01,poweredOn,False,,,/opt/sentinelone/rpm_mount,117822,15496,102326,86.8,,,,,,USFQ,USFQ-PRODUCCION,p-esx-03.usfq.edu.ec,,,,,,,
P-HIKCENTRAL-01,poweredOn,False,,,C:\,457278,162154,295124,64.5,,,,,,USFQ,USFQ-PRODUCCION,p-esx-01.usfq.edu.ec,,,,,,,
P-APP-ORPHEUS-01,poweredOn,False,,,/,15288,4206,11082,72.5,,,,,,USFQ,USFQ-PRODUCCION,p-esx-01.usfq.edu.ec,,,,,,,
P-APP-ORPHEUS-01,poweredOn,False,,,/var,16320,4768,11552,70.8,,,,,,USFQ,USFQ-PRODUCCION,p-esx-01.usfq.edu.ec,,,,,,,
P-APP-ORPHEUS-01,poweredOn,False,,,/home,20416,12256,8160,40.0,,,,,,USFQ,USFQ-PRODUCCION,p-esx-01.usfq.edu.ec,,,,,,,
P-APP-ORPHEUS-01,poweredOn,False,,,/tmp,5056,68,4988,98.7,,,,,,USFQ,USFQ-PRODUCCION,p-esx-01.usfq.edu.ec,,,,,,,
P-APP-ORPHEUS-01,poweredOn,False,,,/boot,960,583,377,39.3,,,,,,USFQ,USFQ-PRODUCCION,p-esx-01.usfq.edu.ec,,,,,,,
P-APP-ORPHEUS-01,poweredOn,False,,,/boot/efi,1021,7,1014,99.3,,,,,,USFQ,USFQ-PRODUCCION,p-esx-01.usfq.edu.ec,,,,,,,
P-APP-ORPHEUS-01,poweredOn,False,,,/opt/sentinelone/rpm_mount,16320,4768,11552,70.8,,,,,,USFQ,USFQ-PRODUCCION,p-esx-01.usfq.edu.ec,,,,,,,
P-APP-LIB-01,poweredOn,False,,,/,14264,4759,9505,66.6,,,,,,USFQ,USFQ-PRODUCCION,p-esx-01.usfq.edu.ec,,,,,,,
P-APP-LIB-01,poweredOn,False,,,/var,10176,5293,4883,48.0,,,,,,USFQ,USFQ-PRODUCCION,p-esx-01.usfq.edu.ec,,,,,,,
P-APP-LIB-01,poweredOn,False,,,/boot,960,619,341,35.5,,,,,,USFQ,USFQ-PRODUCCION,p-esx-01.usfq.edu.ec,,,,,,,
P-APP-LIB-01,poweredOn,False,,,/tmp,4032,64,3968,98.4,,,,,,USFQ,USFQ-PRODUCCION,p-esx-01.usfq.edu.ec,,,,,,,
P-APP-LIB-01,poweredOn,False,,,/home,22464,2640,19824,88.2,,,,,,USFQ,USFQ-PRODUCCION,p-esx-01.usfq.edu.ec,,,,,,,
P-APP-LIB-01,poweredOn,False,,,/boot/efi,1021,7,1014,99.3,,,,,,USFQ,USFQ-PRODUCCION,p-esx-01.usfq.edu.ec,,,,,,,
P-APP-LIB-01,poweredOn,False,,,/opt/sentinelone/rpm_mount,10176,5293,4883,48.0,,,,,,USFQ,USFQ-PRODUCCION,p-esx-01.usfq.edu.ec,,,,,,,
P-UCS-01,poweredOn,False,,,/,37603,12282,25321,67.3,,,,,,USFQ,USFQ-PRODUCCION,p-esx-04.usfq.edu.ec,,,,,,,
P-UCS-01,poweredOn,False,,,/boot,98,30,68,69.4,,,,,,USFQ,USFQ-PRODUCCION,p-esx-04.usfq.edu.ec,,,,,,,
P-UCS-01,poweredOn,False,,,/bootflash,40309,7876,32433,80.5,,,,,,USFQ,USFQ-PRODUCCION,p-esx-04.usfq.edu.ec,,,,,,,
T-ZSCALER-01,poweredOn,False,,,/,10176,2092,8084,79.4,,,,,,USFQ,USFQ-PRODUCCION,p-esx-04.usfq.edu.ec,,,,,,,
T-ZSCALER-01,poweredOn,False,,,/boot,536,283,253,47.2,,,,,,USFQ,USFQ-PRODUCCION,p-esx-04.usfq.edu.ec,,,,,,,
T-ZSCALER-01,poweredOn,False,,,/tmp,10176,104,10072,99.0,,,,,,USFQ,USFQ-PRODUCCION,p-esx-04.usfq.edu.ec,,,,,,,
T-ZSCALER-01,poweredOn,False,,,/var,5056,245,4811,95.2,,,,,,USFQ,USFQ-PRODUCCION,p-esx-04.usfq.edu.ec,,,,,,,
T-ZSCALER-01,poweredOn,False,,,/home,10176,104,10072,99.0,,,,,,USFQ,USFQ-PRODUCCION,p-esx-04.usfq.edu.ec,,,,,,,
T-ZSCALER-01,poweredOn,False,,,/var/log,10176,1277,8899,87.5,,,,,,USFQ,USFQ-PRODUCCION,p-esx-04.usfq.edu.ec,,,,,,,
T-ZSCALER-01,poweredOn,False,,,/var/tmp,5056,68,4988,98.7,,,,,,USFQ,USFQ-PRODUCCION,p-esx-04.usfq.edu.ec,,,,,,,
T-ZSCALER-01,poweredOn,False,,,/var/log/audit,10176,144,10032,98.6,,,,,,USFQ,USFQ-PRODUCCION,p-esx-04.usfq.edu.ec,,,,,,,
P-WORDPRESS-OL-02,poweredOn,False,,,/,51175,7870,43305,84.6,,,,,,USFQ,USFQ-PRODUCCION,p-esx-04.usfq.edu.ec,,,,,,,
P-WORDPRESS-OL-02,poweredOn,False,,,/home,42067,1016,41051,97.6,,,,,,USFQ,USFQ-PRODUCCION,p-esx-04.usfq.edu.ec,,,,,,,
P-WORDPRESS-OL-02,poweredOn,False,,,/boot,975,357,618,63.4,,,,,,USFQ,USFQ-PRODUCCION,p-esx-04.usfq.edu.ec,,,,,,,
P-WORDPRESS-OL-02,poweredOn,False,,,/opt/sentinelone/rpm_mount,51175,7870,43305,84.6,,,,,,USFQ,USFQ-PRODUCCION,p-esx-04.usfq.edu.ec,,,,,,,
T-THALES-TKN-01,poweredOn,False,,,/,9979,3732,6247,62.6,,,,,,USFQ,USFQ-PRODUCCION,p-esx-04.usfq.edu.ec,,,,,,,
T-THALES-TKN-01,poweredOn,False,,,/boot,1945,371,1574,80.9,,,,,,USFQ,USFQ-PRODUCCION,p-esx-04.usfq.edu.ec,,,,,,,
T-THALES-TKN-01,poweredOn,False,,,/tmp,4955,275,4680,94.5,,,,,,USFQ,USFQ-PRODUCCION,p-esx-04.usfq.edu.ec,,,,,,,
T-THALES-TKN-01,poweredOn,False,,,/var,54116,26048,28068,51.9,,,,,,USFQ,USFQ-PRODUCCION,p-esx-04.usfq.edu.ec,,,,,,,
T-THALES-TKN-01,poweredOn,False,,,/var/log,25026,4025,21001,83.9,,,,,,USFQ,USFQ-PRODUCCION,p-esx-04.usfq.edu.ec,,,,,,,
P-ZB-PROXY-02,poweredOn,False,,,/,29894,18374,11520,38.5,,,,,,USFQ,USFQ-PRODUCCION,p-esx-04.usfq.edu.ec,,,,,,,
P-ZB-PROXY-02,poweredOn,False,,,/boot,1014,466,548,54.0,,,,,,USFQ,USFQ-PRODUCCION,p-esx-04.usfq.edu.ec,,,,,,,
P-ZB-PROXY-02,poweredOn,False,,,/boot/efi,598,6,592,99.0,,,,,,USFQ,USFQ-PRODUCCION,p-esx-04.usfq.edu.ec,,,,,,,
P-ZB-PROXY-02,poweredOn,False,,,/opt/sentinelone/rpm_mount,29894,18374,11520,38.5,,,,,,USFQ,USFQ-PRODUCCION,p-esx-04.usfq.edu.ec,,,,,,,
P-ZB-PROXY-OL9-01,poweredOn,False,,,/,44388,2252,42136,94.9,,,,,,USFQ,USFQ-PRODUCCION,p-esx-04.usfq.edu.ec,,,,,,,
P-ZB-PROXY-OL9-01,poweredOn,False,,,/boot,960,281,679,70.7,,,,,,USFQ,USFQ-PRODUCCION,p-esx-04.usfq.edu.ec,,,,,,,
P-ZB-PROXY-OL9-01,poweredOn,False,,,/boot/efi,598,6,592,99.0,,,,,,USFQ,USFQ-PRODUCCION,p-esx-04.usfq.edu.ec,,,,,,,
P-NSS-02,poweredOn,False,,,/,9678,4243,5435,56.2,,,,,,USFQ,USFQ-PRODUCCION,p-esx-04.usfq.edu.ec,,,,,,,
P-NSS-02,poweredOn,False,,,/home,4774,357,4417,92.5,,,,,,USFQ,USFQ-PRODUCCION,p-esx-04.usfq.edu.ec,,,,,,,
P-NSS-02,poweredOn,False,,,/tmp,1945,119,1826,93.9,,,,,,USFQ,USFQ-PRODUCCION,p-esx-04.usfq.edu.ec,,,,,,,
P-NSS-02,poweredOn,False,,,/var,7711,7711,0,0.0,,,,,,USFQ,USFQ-PRODUCCION,p-esx-04.usfq.edu.ec,,,,,,,
P-NSS-02,poweredOn,False,,,/boot,2038,342,1696,83.2,,,,,,USFQ,USFQ-PRODUCCION,p-esx-04.usfq.edu.ec,,,,,,,
P-NSS-02,poweredOn,False,,,/opt/sentinelone/rpm_mount,7711,7711,0,0.0,,,,,,USFQ,USFQ-PRODUCCION,p-esx-04.usfq.edu.ec,,,,,,,
T-DB-GALERA-0L95-01,poweredOn,False,,,/,15288,4420,10868,71.1,,,,,,USFQ,USFQ-PRODUCCION,p-esx-04.usfq.edu.ec,,,,,,,
T-DB-GALERA-0L95-01,poweredOn,False,,,/boot,960,582,378,39.4,,,,,,USFQ,USFQ-PRODUCCION,p-esx-04.usfq.edu.ec,,,,,,,
T-DB-GALERA-0L95-01,poweredOn,False,,,/var,16320,5592,10728,65.7,,,,,,USFQ,USFQ-PRODUCCION,p-esx-04.usfq.edu.ec,,,,,,,
T-DB-GALERA-0L95-01,poweredOn,False,,,/tmp,5056,68,4988,98.7,,,,,,USFQ,USFQ-PRODUCCION,p-esx-04.usfq.edu.ec,,,,,,,
T-DB-GALERA-0L95-01,poweredOn,False,,,/home,10176,1719,8457,83.1,,,,,,USFQ,USFQ-PRODUCCION,p-esx-04.usfq.edu.ec,,,,,,,
T-DB-GALERA-0L95-01,poweredOn,False,,,/boot/efi,1021,7,1014,99.3,,,,,,USFQ,USFQ-PRODUCCION,p-esx-04.usfq.edu.ec,,,,,,,
T-DB-GALERA-0L95-01,poweredOn,False,,,/opt/sentinelone/rpm_mount,16320,5592,10728,65.7,,,,,,USFQ,USFQ-PRODUCCION,p-esx-04.usfq.edu.ec,,,,,,,
P-HUBI-PYTHON-OLNX-01,poweredOn,False,,,/,102441,18271,84170,82.2,,,,,,USFQ,USFQ-PRODUCCION,p-esx-04.usfq.edu.ec,,,,,,,
P-HUBI-PYTHON-OLNX-01,poweredOn,False,,,/boot,2550,496,2054,80.5,,,,,,USFQ,USFQ-PRODUCCION,p-esx-04.usfq.edu.ec,,,,,,,
P-HUBI-PYTHON-OLNX-01,poweredOn,False,,,/opt/sentinelone/rpm_mount,102441,18271,84170,82.2,,,,,,USFQ,USFQ-PRODUCCION,p-esx-04.usfq.edu.ec,,,,,,,
P-APP-INFOREDESTI-01,poweredOn,False,,,/,15288,5509,9779,64.0,,,,,,USFQ,USFQ-PRODUCCION,p-esx-04.usfq.edu.ec,,,,,,,
P-APP-INFOREDESTI-01,poweredOn,False,,,/tmp,1984,47,1937,97.6,,,,,,USFQ,USFQ-PRODUCCION,p-esx-04.usfq.edu.ec,,,,,,,
P-APP-INFOREDESTI-01,poweredOn,False,,,/home,5056,1773,3283,64.9,,,,,,USFQ,USFQ-PRODUCCION,p-esx-04.usfq.edu.ec,,,,,,,
P-APP-INFOREDESTI-01,poweredOn,False,,,/var,10176,4509,5667,55.7,,,,,,USFQ,USFQ-PRODUCCION,p-esx-04.usfq.edu.ec,,,,,,,
P-APP-INFOREDESTI-01,poweredOn,False,,,/boot,960,619,341,35.5,,,,,,USFQ,USFQ-PRODUCCION,p-esx-04.usfq.edu.ec,,,,,,,
P-APP-INFOREDESTI-01,poweredOn,False,,,/boot/efi,1021,7,1014,99.3,,,,,,USFQ,USFQ-PRODUCCION,p-esx-04.usfq.edu.ec,,,,,,,
P-APP-INFOREDESTI-01,poweredOn,False,,,/opt/sentinelone/rpm_mount,10176,4509,5667,55.7,,,,,,USFQ,USFQ-PRODUCCION,p-esx-04.usfq.edu.ec,,,,,,,
P-ARBITRAJE-01,poweredOn,False,,,/,71764,14748,57016,79.4,,,,,,USFQ,USFQ-PRODUCCION,p-esx-04.usfq.edu.ec,,,,,,,
P-ARBITRAJE-01,poweredOn,False,,,/boot,1014,300,714,70.4,,,,,,USFQ,USFQ-PRODUCCION,p-esx-04.usfq.edu.ec,,,,,,,
P-ARBITRAJE-01,poweredOn,False,,,/home,5110,1173,3937,77.0,,,,,,USFQ,USFQ-PRODUCCION,p-esx-04.usfq.edu.ec,,,,,,,
P-ARBITRAJE-01,poweredOn,False,,,/opt/sentinelone/rpm_mount,71764,14748,57016,79.4,,,,,,USFQ,USFQ-PRODUCCION,p-esx-04.usfq.edu.ec,,,,,,,
P-WORDPRESS-OL-01,poweredOn,False,,,/,102441,12979,89462,87.3,,,,,,USFQ,USFQ-PRODUCCION,p-esx-04.usfq.edu.ec,,,,,,,
P-WORDPRESS-OL-01,poweredOn,False,,,/home,102349,7878,94471,92.3,,,,,,USFQ,USFQ-PRODUCCION,p-esx-04.usfq.edu.ec,,,,,,,
P-WORDPRESS-OL-01,poweredOn,False,,,/boot,2550,491,2059,80.7,,,,,,USFQ,USFQ-PRODUCCION,p-esx-04.usfq.edu.ec,,,,,,,
P-WORDPRESS-OL-01,poweredOn,False,,,/opt/sentinelone/rpm_mount,102441,12979,89462,87.3,,,,,,USFQ,USFQ-PRODUCCION,p-esx-04.usfq.edu.ec,,,,,,,
P-IMP-GW-WAF-02,poweredOn,False,,,/,29400,15551,13849,47.1,,,,,,USFQ,USFQ-PRODUCCION,p-esx-04.usfq.edu.ec,,,,,,,
P-IMP-GW-WAF-02,poweredOn,False,,,/boot,968,151,817,84.4,,,,,,USFQ,USFQ-PRODUCCION,p-esx-04.usfq.edu.ec,,,,,,,
P-IMP-GW-WAF-02,poweredOn,False,,,/home,968,5,963,99.5,,,,,,USFQ,USFQ-PRODUCCION,p-esx-04.usfq.edu.ec,,,,,,,
P-IMP-GW-WAF-02,poweredOn,False,,,/data,71563,3042,68521,95.7,,,,,,USFQ,USFQ-PRODUCCION,p-esx-04.usfq.edu.ec,,,,,,,
P-IMP-GW-WAF-02,poweredOn,False,,,/var,39243,7483,31760,80.9,,,,,,USFQ,USFQ-PRODUCCION,p-esx-04.usfq.edu.ec,,,,,,,
P-IMP-GW-WAF-02,poweredOn,False,,,/var/log/audit,1936,46,1890,97.6,,,,,,USFQ,USFQ-PRODUCCION,p-esx-04.usfq.edu.ec,,,,,,,
P-MONITOREO-UCS,poweredOn,False,,,/,82276,19170,63106,76.7,,,,,,USFQ,USFQ-PRODUCCION,p-esx-04.usfq.edu.ec,,,,,,,
P-MONITOREO-UCS,poweredOn,False,,,/boot,960,309,651,67.8,,,,,,USFQ,USFQ-PRODUCCION,p-esx-04.usfq.edu.ec,,,,,,,
P-MONITOREO-UCS,poweredOn,False,,,/boot/efi,598,6,592,99.0,,,,,,USFQ,USFQ-PRODUCCION,p-esx-04.usfq.edu.ec,,,,,,,
P-ZB-PROXY-01,poweredOn,False,,,/,13106,7873,5233,39.9,,,,,,USFQ,USFQ-PRODUCCION,p-esx-04.usfq.edu.ec,,,,,,,
P-ZB-PROXY-01,poweredOn,False,,,/boot,1014,495,519,51.2,,,,,,USFQ,USFQ-PRODUCCION,p-esx-04.usfq.edu.ec,,,,,,,
P-ZB-PROXY-01,poweredOn,False,,,/boot/efi,598,6,592,99.0,,,,,,USFQ,USFQ-PRODUCCION,p-esx-04.usfq.edu.ec,,,,,,,
P-ZB-PROXY-01,poweredOn,False,,,/opt/sentinelone/rpm_mount,13106,7873,5233,39.9,,,,,,USFQ,USFQ-PRODUCCION,p-esx-04.usfq.edu.ec,,,,,,,
P-BAN9-APP-04,poweredOn,False,,,/,19990,223,19767,98.9,,,,,,USFQ,USFQ-PRODUCCION,p-esx-04.usfq.edu.ec,,,,,,,
P-BAN9-APP-04,poweredOn,False,,,/usr,14990,6899,8091,54.0,,,,,,USFQ,USFQ-PRODUCCION,p-esx-04.usfq.edu.ec,,,,,,,
P-BAN9-APP-04,poweredOn,False,,,/opt,9990,2470,7520,75.3,,,,,,USFQ,USFQ-PRODUCCION,p-esx-04.usfq.edu.ec,,,,,,,
P-BAN9-APP-04,poweredOn,False,,,/boot,1014,466,548,54.0,,,,,,USFQ,USFQ-PRODUCCION,p-esx-04.usfq.edu.ec,,,,,,,
P-BAN9-APP-04,poweredOn,False,,,/u01,61336,7289,54047,88.1,,,,,,USFQ,USFQ-PRODUCCION,p-esx-04.usfq.edu.ec,,,,,,,
P-BAN9-APP-04,poweredOn,False,,,/boot/efi,598,6,592,99.0,,,,,,USFQ,USFQ-PRODUCCION,p-esx-04.usfq.edu.ec,,,,,,,
P-BAN9-APP-04,poweredOn,False,,,/home,14990,1262,13728,91.6,,,,,,USFQ,USFQ-PRODUCCION,p-esx-04.usfq.edu.ec,,,,,,,
P-BAN9-APP-04,poweredOn,False,,,/var,96910,8827,88083,90.9,,,,,,USFQ,USFQ-PRODUCCION,p-esx-04.usfq.edu.ec,,,,,,,
P-BAN9-APP-04,poweredOn,False,,,/tmp,9990,103,9887,99.0,,,,,,USFQ,USFQ-PRODUCCION,p-esx-04.usfq.edu.ec,,,,,,,
P-BAN9-APP-04,poweredOn,False,,,/opt/sentinelone/rpm_mount,96910,8827,88083,90.9,,,,,,USFQ,USFQ-PRODUCCION,p-esx-04.usfq.edu.ec,,,,,,,
T-APP-ORPHEUS-01,poweredOn,False,,,/,15288,3882,11406,74.6,,,,,,USFQ,USFQ-PRODUCCION,p-esx-04.usfq.edu.ec,,,,,,,
T-APP-ORPHEUS-01,poweredOn,False,,,/var,16320,6392,9928,60.8,,,,,,USFQ,USFQ-PRODUCCION,p-esx-04.usfq.edu.ec,,,,,,,
T-APP-ORPHEUS-01,poweredOn,False,,,/home,20416,11811,8605,42.1,,,,,,USFQ,USFQ-PRODUCCION,p-esx-04.usfq.edu.ec,,,,,,,
T-APP-ORPHEUS-01,poweredOn,False,,,/boot,960,582,378,39.4,,,,,,USFQ,USFQ-PRODUCCION,p-esx-04.usfq.edu.ec,,,,,,,
T-APP-ORPHEUS-01,poweredOn,False,,,/tmp,5056,68,4988,98.7,,,,,,USFQ,USFQ-PRODUCCION,p-esx-04.usfq.edu.ec,,,,,,,
T-APP-ORPHEUS-01,poweredOn,False,,,/boot/efi,1021,7,1014,99.3,,,,,,USFQ,USFQ-PRODUCCION,p-esx-04.usfq.edu.ec,,,,,,,
T-APP-ORPHEUS-01,poweredOn,False,,,/opt/sentinelone/rpm_mount,16320,6392,9928,60.8,,,,,,USFQ,USFQ-PRODUCCION,p-esx-04.usfq.edu.ec,,,,,,,
P-ACR-CLOUD-03,poweredOn,False,,,/,7916,2093,5823,73.6,,,,,,USFQ,USFQ-PRODUCCION,p-esx-04.usfq.edu.ec,,,,,,,
T-APP-LIB-01,poweredOn,False,,,/,14268,4515,9753,68.4,,,,,,USFQ,USFQ-PRODUCCION,p-esx-04.usfq.edu.ec,,,,,,,
T-APP-LIB-01,poweredOn,False,,,/tmp,4032,64,3968,98.4,,,,,,USFQ,USFQ-PRODUCCION,p-esx-04.usfq.edu.ec,,,,,,,
T-APP-LIB-01,poweredOn,False,,,/home,22464,1260,21204,94.4,,,,,,USFQ,USFQ-PRODUCCION,p-esx-04.usfq.edu.ec,,,,,,,
T-APP-LIB-01,poweredOn,False,,,/var,10176,10087,89,0.9,,,,,,USFQ,USFQ-PRODUCCION,p-esx-04.usfq.edu.ec,,,,,,,
T-APP-LIB-01,poweredOn,False,,,/boot,960,576,384,40.0,,,,,,USFQ,USFQ-PRODUCCION,p-esx-04.usfq.edu.ec,,,,,,,
T-APP-LIB-01,poweredOn,False,,,/boot/efi,1021,7,1014,99.3,,,,,,USFQ,USFQ-PRODUCCION,p-esx-04.usfq.edu.ec,,,,,,,
T-APP-LIB-01,poweredOn,False,,,/opt/sentinelone/rpm_mount,10176,10087,89,0.9,,,,,,USFQ,USFQ-PRODUCCION,p-esx-04.usfq.edu.ec,,,,,,,
P-QUALYS-02,poweredOn,False,,,/,1966,852,1114,56.7,,,,,,USFQ,USFQ-PRODUCCION,p-esx-04.usfq.edu.ec,,,,,,,
P-QUALYS-02,poweredOn,False,,,/tmp,385,10,375,97.4,,,,,,USFQ,USFQ-PRODUCCION,p-esx-04.usfq.edu.ec,,,,,,,
P-QUALYS-02,poweredOn,False,,,/var,4919,252,4667,94.9,,,,,,USFQ,USFQ-PRODUCCION,p-esx-04.usfq.edu.ec,,,,,,,
P-QUALYS-02,poweredOn,False,,,/boot,193,25,168,87.0,,,,,,USFQ,USFQ-PRODUCCION,p-esx-04.usfq.edu.ec,,,,,,,
P-QUALYS-02,poweredOn,False,,,/usr/local/qualys,33205,14934,18271,55.0,,,,,,USFQ,USFQ-PRODUCCION,p-esx-04.usfq.edu.ec,,,,,,,
P-BAN9-BEPBRIM-01,poweredOn,False,,,/,19990,226,19764,98.9,,,,,,USFQ,USFQ-PRODUCCION,p-esx-04.usfq.edu.ec,,,,,,,
P-BAN9-BEPBRIM-01,poweredOn,False,,,/usr,14990,6914,8076,53.9,,,,,,USFQ,USFQ-PRODUCCION,p-esx-04.usfq.edu.ec,,,,,,,
P-BAN9-BEPBRIM-01,poweredOn,False,,,/opt,9990,2675,7315,73.2,,,,,,USFQ,USFQ-PRODUCCION,p-esx-04.usfq.edu.ec,,,,,,,
P-BAN9-BEPBRIM-01,poweredOn,False,,,/boot,1014,495,519,51.2,,,,,,USFQ,USFQ-PRODUCCION,p-esx-04.usfq.edu.ec,,,,,,,
P-BAN9-BEPBRIM-01,poweredOn,False,,,/u01,61336,4602,56734,92.5,,,,,,USFQ,USFQ-PRODUCCION,p-esx-04.usfq.edu.ec,,,,,,,
P-BAN9-BEPBRIM-01,poweredOn,False,,,/home,14990,1286,13704,91.4,,,,,,USFQ,USFQ-PRODUCCION,p-esx-04.usfq.edu.ec,,,,,,,
P-BAN9-BEPBRIM-01,poweredOn,False,,,/boot/efi,598,6,592,99.0,,,,,,USFQ,USFQ-PRODUCCION,p-esx-04.usfq.edu.ec,,,,,,,
P-BAN9-BEPBRIM-01,poweredOn,False,,,/tmp,9990,103,9887,99.0,,,,,,USFQ,USFQ-PRODUCCION,p-esx-04.usfq.edu.ec,,,,,,,
P-BAN9-BEPBRIM-01,poweredOn,False,,,/var,96910,8994,87916,90.7,,,,,,USFQ,USFQ-PRODUCCION,p-esx-04.usfq.edu.ec,,,,,,,
P-BAN9-BEPBRIM-01,poweredOn,False,,,/opt/sentinelone/rpm_mount,96910,8994,87916,90.7,,,,,,USFQ,USFQ-PRODUCCION,p-esx-04.usfq.edu.ec,,,,,,,
P-KOVM-CLC-01-CLON,poweredOn,False,,,/,51582,18922,32660,63.3,,,,,,USFQ,USFQ-PRODUCCION,p-esx-04.usfq.edu.ec,,,,,,,
P-KOVM-CLC-01-CLON,poweredOn,False,,,/boot,1014,733,281,27.7,,,,,,USFQ,USFQ-PRODUCCION,p-esx-04.usfq.edu.ec,,,,,,,
P-KOVM-CLC-01-CLON,poweredOn,False,,,/boot/efi,598,5,593,99.2,,,,,,USFQ,USFQ-PRODUCCION,p-esx-04.usfq.edu.ec,,,,,,,
P-KOVM-CLC-01-CLON,poweredOn,False,,,/u01,131008,77157,53851,41.1,,,,,,USFQ,USFQ-PRODUCCION,p-esx-04.usfq.edu.ec,,,,,,,
P-KOVM-CLC-01-CLON,poweredOn,False,,,/backup,51096,6120,44976,88.0,,,,,,USFQ,USFQ-PRODUCCION,p-esx-04.usfq.edu.ec,,,,,,,
P-KOVM-CLC-01-CLON,poweredOn,False,,,/opt/sentinelone/rpm_mount,51582,18922,32660,63.3,,,,,,USFQ,USFQ-PRODUCCION,p-esx-04.usfq.edu.ec,,,,,,,
P-ACR-CLOUD-04,poweredOn,False,,,/,7916,1948,5968,75.4,,,,,,USFQ,USFQ-PRODUCCION,p-esx-04.usfq.edu.ec,,,,,,,
P-ACR-CLOUD-04,poweredOn,False,,,/tmp/.temp_mount_ApRrBX,1014,466,548,54.0,,,,,,USFQ,USFQ-PRODUCCION,p-esx-04.usfq.edu.ec,,,,,,,
P-ACR-CLOUD-04,poweredOn,False,,,/tmp/.temp_mount_gNPAI9,9990,2504,7486,74.9,,,,,,USFQ,USFQ-PRODUCCION,p-esx-04.usfq.edu.ec,,,,,,,
T-THALES-CTM-01,poweredOn,False,,,/,59684,25323,34361,57.6,,,,,,USFQ,USFQ-PRODUCCION,p-esx-04.usfq.edu.ec,,,,,,,
T-THALES-CTM-01,poweredOn,False,,,/boot,461,163,298,64.6,,,,,,USFQ,USFQ-PRODUCCION,p-esx-04.usfq.edu.ec,,,,,,,
T-THALES-CTM-01,poweredOn,False,,,/var/lib/docker/volumes/kylo_audit-log-files/_data,59684,25323,34361,57.6,,,,,,USFQ,USFQ-PRODUCCION,p-esx-04.usfq.edu.ec,,,,,,,
P-NESSUS-01,poweredOn,False,,,/,49076,39701,9375,19.1,,,,,,USFQ,USFQ-PRODUCCION,p-esx-04.usfq.edu.ec,,,,,,,
P-NESSUS-01,poweredOn,False,,,/var/snap/firefox/common/host-hunspell,49076,39701,9375,19.1,,,,,,USFQ,USFQ-PRODUCCION,p-esx-04.usfq.edu.ec,,,,,,,
P-NESSUS-01,poweredOn,False,,,/boot,1945,381,1564,80.4,,,,,,USFQ,USFQ-PRODUCCION,p-esx-04.usfq.edu.ec,,,,,,,
P-ENGINE-GIZ-01,poweredOn,False,,,/,102441,14507,87934,85.8,,,,,,USFQ,USFQ-PRODUCCION,p-esx-04.usfq.edu.ec,,,,,,,
P-ENGINE-GIZ-01,poweredOn,False,,,/boot,2550,490,2060,80.8,,,,,,USFQ,USFQ-PRODUCCION,p-esx-04.usfq.edu.ec,,,,,,,
P-ZB-GRAFANA-01,poweredOn,False,,,/,69993,10862,59131,84.5,,,,,,USFQ,USFQ-PRODUCCION,p-esx-04.usfq.edu.ec,,,,,,,
P-ZB-GRAFANA-01,poweredOn,False,,,/boot,2038,499,1539,75.5,,,,,,USFQ,USFQ-PRODUCCION,p-esx-04.usfq.edu.ec,,,,,,,
P-ZB-GRAFANA-01,poweredOn,False,,,/boot/efi,598,6,592,99.0,,,,,,USFQ,USFQ-PRODUCCION,p-esx-04.usfq.edu.ec,,,,,,,
P-ZB-GRAFANA-01,poweredOn,False,,,/opt/sentinelone/rpm_mount,69993,10862,59131,84.5,,,,,,USFQ,USFQ-PRODUCCION,p-esx-04.usfq.edu.ec,,,,,,,
P-BAN9-BATCH-01,poweredOn,False,,,/,21989,238,21751,98.9,,,,,,USFQ,USFQ-PRODUCCION,p-esx-04.usfq.edu.ec,,,,,,,
P-BAN9-BATCH-01,poweredOn,False,,,/usr,14990,7265,7725,51.5,,,,,,USFQ,USFQ-PRODUCCION,p-esx-04.usfq.edu.ec,,,,,,,
P-BAN9-BATCH-01,poweredOn,False,,,/u01,204696,85712,118984,58.1,,,,,,USFQ,USFQ-PRODUCCION,p-esx-04.usfq.edu.ec,,,,,,,
P-BAN9-BATCH-01,poweredOn,False,,,/opt,9990,2875,7115,71.2,,,,,,USFQ,USFQ-PRODUCCION,p-esx-04.usfq.edu.ec,,,,,,,
P-BAN9-BATCH-01,poweredOn,False,,,/home,14990,2476,12514,83.5,,,,,,USFQ,USFQ-PRODUCCION,p-esx-04.usfq.edu.ec,,,,,,,
P-BAN9-BATCH-01,poweredOn,False,,,/boot,1014,466,548,54.0,,,,,,USFQ,USFQ-PRODUCCION,p-esx-04.usfq.edu.ec,,,,,,,
P-BAN9-BATCH-01,poweredOn,False,,,/tmp,9990,114,9876,98.9,,,,,,USFQ,USFQ-PRODUCCION,p-esx-04.usfq.edu.ec,,,,,,,
P-BAN9-BATCH-01,poweredOn,False,,,/boot/efi,598,6,592,99.0,,,,,,USFQ,USFQ-PRODUCCION,p-esx-04.usfq.edu.ec,,,,,,,
P-BAN9-BATCH-01,poweredOn,False,,,/var,14990,7388,7602,50.7,,,,,,USFQ,USFQ-PRODUCCION,p-esx-04.usfq.edu.ec,,,,,,,
P-BAN9-BATCH-01,poweredOn,False,,,/opt/sentinelone/rpm_mount,14990,7388,7602,50.7,,,,,,USFQ,USFQ-PRODUCCION,p-esx-04.usfq.edu.ec,,,,,,,
P-BAN9-APP-03,poweredOn,False,,,/,19990,223,19767,98.9,,,,,,USFQ,USFQ-PRODUCCION,p-esx-04.usfq.edu.ec,,,,,,,
P-BAN9-APP-03,poweredOn,False,,,/usr,14990,6918,8072,53.8,,,,,,USFQ,USFQ-PRODUCCION,p-esx-04.usfq.edu.ec,,,,,,,
P-BAN9-APP-03,poweredOn,False,,,/home,14990,1277,13713,91.5,,,,,,USFQ,USFQ-PRODUCCION,p-esx-04.usfq.edu.ec,,,,,,,
P-BAN9-APP-03,poweredOn,False,,,/opt,9990,2935,7055,70.6,,,,,,USFQ,USFQ-PRODUCCION,p-esx-04.usfq.edu.ec,,,,,,,
P-BAN9-APP-03,poweredOn,False,,,/tmp,9990,103,9887,99.0,,,,,,USFQ,USFQ-PRODUCCION,p-esx-04.usfq.edu.ec,,,,,,,
P-BAN9-APP-03,poweredOn,False,,,/boot,1014,437,577,56.9,,,,,,USFQ,USFQ-PRODUCCION,p-esx-04.usfq.edu.ec,,,,,,,
P-BAN9-APP-03,poweredOn,False,,,/u01,61336,17499,43837,71.5,,,,,,USFQ,USFQ-PRODUCCION,p-esx-04.usfq.edu.ec,,,,,,,
P-BAN9-APP-03,poweredOn,False,,,/var,96910,8889,88021,90.8,,,,,,USFQ,USFQ-PRODUCCION,p-esx-04.usfq.edu.ec,,,,,,,
P-BAN9-APP-03,poweredOn,False,,,/boot/efi,598,6,592,99.0,,,,,,USFQ,USFQ-PRODUCCION,p-esx-04.usfq.edu.ec,,,,,,,
P-BAN9-APP-03,poweredOn,False,,,/opt/sentinelone/rpm_mount,96910,8889,88021,90.8,,,,,,USFQ,USFQ-PRODUCCION,p-esx-04.usfq.edu.ec,,,,,,,
P-BAN9-ETHOS-01,poweredOn,False,,,/,19990,224,19766,98.9,,,,,,USFQ,USFQ-PRODUCCION,p-esx-04.usfq.edu.ec,,,,,,,
P-BAN9-ETHOS-01,poweredOn,False,,,/usr,14990,7226,7764,51.8,,,,,,USFQ,USFQ-PRODUCCION,p-esx-04.usfq.edu.ec,,,,,,,
P-BAN9-ETHOS-01,poweredOn,False,,,/opt,9990,2967,7023,70.3,,,,,,USFQ,USFQ-PRODUCCION,p-esx-04.usfq.edu.ec,,,,,,,
P-BAN9-ETHOS-01,poweredOn,False,,,/u01,61336,56572,4764,7.8,,,,,,USFQ,USFQ-PRODUCCION,p-esx-04.usfq.edu.ec,,,,,,,
P-BAN9-ETHOS-01,poweredOn,False,,,/boot,1014,446,568,56.0,,,,,,USFQ,USFQ-PRODUCCION,p-esx-04.usfq.edu.ec,,,,,,,
P-BAN9-ETHOS-01,poweredOn,False,,,/tmp,9990,103,9887,99.0,,,,,,USFQ,USFQ-PRODUCCION,p-esx-04.usfq.edu.ec,,,,,,,
P-BAN9-ETHOS-01,poweredOn,False,,,/home,14990,4329,10661,71.1,,,,,,USFQ,USFQ-PRODUCCION,p-esx-04.usfq.edu.ec,,,,,,,
P-BAN9-ETHOS-01,poweredOn,False,,,/boot/efi,598,6,592,99.0,,,,,,USFQ,USFQ-PRODUCCION,p-esx-04.usfq.edu.ec,,,,,,,
P-BAN9-ETHOS-01,poweredOn,False,,,/var,51190,6104,45086,88.1,,,,,,USFQ,USFQ-PRODUCCION,p-esx-04.usfq.edu.ec,,,,,,,
P-BAN9-ETHOS-01,poweredOn,False,,,/opt/sentinelone/rpm_mount,51190,6104,45086,88.1,,,,,,USFQ,USFQ-PRODUCCION,p-esx-04.usfq.edu.ec,,,,,,,
P-NSS-01,poweredOn,False,,,/,9678,4245,5433,56.1,,,,,,USFQ,USFQ-PRODUCCION,p-esx-04.usfq.edu.ec,,,,,,,
P-NSS-01,poweredOn,False,,,/var,7711,7711,0,0.0,,,,,,USFQ,USFQ-PRODUCCION,p-esx-04.usfq.edu.ec,,,,,,,
P-NSS-01,poweredOn,False,,,/home,4774,315,4459,93.4,,,,,,USFQ,USFQ-PRODUCCION,p-esx-04.usfq.edu.ec,,,,,,,
P-NSS-01,poweredOn,False,,,/tmp,1945,119,1826,93.9,,,,,,USFQ,USFQ-PRODUCCION,p-esx-04.usfq.edu.ec,,,,,,,
P-NSS-01,poweredOn,False,,,/boot,2038,343,1695,83.2,,,,,,USFQ,USFQ-PRODUCCION,p-esx-04.usfq.edu.ec,,,,,,,
P-NSS-01,poweredOn,False,,,/opt/sentinelone/rpm_mount,7711,7711,0,0.0,,,,,,USFQ,USFQ-PRODUCCION,p-esx-04.usfq.edu.ec,,,,,,,
P-RADIUS-02,poweredOn,False,,,/,38409,36562,1847,4.8,,,,,,USFQ,USFQ-PRODUCCION,p-esx-04.usfq.edu.ec,,,,,,,
P-RADIUS-02,poweredOn,False,,,/boot,1748,481,1267,72.5,,,,,,USFQ,USFQ-PRODUCCION,p-esx-04.usfq.edu.ec,,,,,,,
T-FORTIDATA-01,poweredOn,False,,,/,4023,2609,1414,35.1,,,,,,USFQ,USFQ-PRODUCCION,p-esx-04.usfq.edu.ec,,,,,,,
T-FORTIDATA-01,poweredOn,False,,,/data,5212,3290,1922,36.9,,,,,,USFQ,USFQ-PRODUCCION,p-esx-04.usfq.edu.ec,,,,,,,
T-FORTIDATA-01,poweredOn,False,,,/var/log,511211,27044,484167,94.7,,,,,,USFQ,USFQ-PRODUCCION,p-esx-04.usfq.edu.ec,,,,,,,
T-FORTIDATA-01,poweredOn,False,,,/home,560,41,519,92.7,,,,,,USFQ,USFQ-PRODUCCION,p-esx-04.usfq.edu.ec,,,,,,,
P-ZB-PROXY-OL9-02,poweredOn,False,,,/,44388,2204,42184,95.0,,,,,,USFQ,USFQ-PRODUCCION,p-esx-04.usfq.edu.ec,,,,,,,
P-ZB-PROXY-OL9-02,poweredOn,False,,,/boot,960,281,679,70.7,,,,,,USFQ,USFQ-PRODUCCION,p-esx-04.usfq.edu.ec,,,,,,,
P-ZB-PROXY-OL9-02,poweredOn,False,,,/boot/efi,598,6,592,99.0,,,,,,USFQ,USFQ-PRODUCCION,p-esx-04.usfq.edu.ec,,,,,,,
T-DB-GALERA-OL95-02,poweredOn,False,,,/,15288,4348,10940,71.6,,,,,,USFQ,USFQ-PRODUCCION,p-esx-04.usfq.edu.ec,,,,,,,
T-DB-GALERA-OL95-02,poweredOn,False,,,/boot,960,582,378,39.4,,,,,,USFQ,USFQ-PRODUCCION,p-esx-04.usfq.edu.ec,,,,,,,
T-DB-GALERA-OL95-02,poweredOn,False,,,/tmp,5056,68,4988,98.7,,,,,,USFQ,USFQ-PRODUCCION,p-esx-04.usfq.edu.ec,,,,,,,
T-DB-GALERA-OL95-02,poweredOn,False,,,/home,10176,217,9959,97.9,,,,,,USFQ,USFQ-PRODUCCION,p-esx-04.usfq.edu.ec,,,,,,,
T-DB-GALERA-OL95-02,poweredOn,False,,,/var,16320,7834,8486,52.0,,,,,,USFQ,USFQ-PRODUCCION,p-esx-04.usfq.edu.ec,,,,,,,
T-DB-GALERA-OL95-02,poweredOn,False,,,/boot/efi,1021,7,1014,99.3,,,,,,USFQ,USFQ-PRODUCCION,p-esx-04.usfq.edu.ec,,,,,,,
T-DB-GALERA-OL95-02,poweredOn,False,,,/opt/sentinelone/rpm_mount,16320,7834,8486,52.0,,,,,,USFQ,USFQ-PRODUCCION,p-esx-04.usfq.edu.ec,,,,,,,
P-BIBREPO-OLNX-01,poweredOn,False,,,/,307245,166193,141052,45.9,,,,,,USFQ,USFQ-PRODUCCION,p-esx-04.usfq.edu.ec,,,,,,,
P-BIBREPO-OLNX-01,poweredOn,False,,,/boot,2550,525,2025,79.4,,,,,,USFQ,USFQ-PRODUCCION,p-esx-04.usfq.edu.ec,,,,,,,
P-BIBREPO-OLNX-01,poweredOn,False,,,/opt/sentinelone/rpm_mount,307245,166193,141052,45.9,,,,,,USFQ,USFQ-PRODUCCION,p-esx-04.usfq.edu.ec,,,,,,,
P-DB-GALERA-OL9-02,poweredOn,False,,,/,15288,4567,10721,70.1,,,,,,USFQ,USFQ-PRODUCCION,p-esx-04.usfq.edu.ec,,,,,,,
P-DB-GALERA-OL9-02,poweredOn,False,,,/var,16320,14315,2005,12.3,,,,,,USFQ,USFQ-PRODUCCION,p-esx-04.usfq.edu.ec,,,,,,,
P-DB-GALERA-OL9-02,poweredOn,False,,,/tmp,5056,68,4988,98.7,,,,,,USFQ,USFQ-PRODUCCION,p-esx-04.usfq.edu.ec,,,,,,,
P-DB-GALERA-OL9-02,poweredOn,False,,,/home,10176,1160,9016,88.6,,,,,,USFQ,USFQ-PRODUCCION,p-esx-04.usfq.edu.ec,,,,,,,
P-DB-GALERA-OL9-02,poweredOn,False,,,/boot,960,583,377,39.3,,,,,,USFQ,USFQ-PRODUCCION,p-esx-04.usfq.edu.ec,,,,,,,
P-DB-GALERA-OL9-02,poweredOn,False,,,/boot/efi,1021,7,1014,99.3,,,,,,USFQ,USFQ-PRODUCCION,p-esx-04.usfq.edu.ec,,,,,,,
P-DB-GALERA-OL9-02,poweredOn,False,,,/opt/sentinelone/rpm_mount,16320,14315,2005,12.3,,,,,,USFQ,USFQ-PRODUCCION,p-esx-04.usfq.edu.ec,,,,,,,
P-DB-GALERA-OL9-03,poweredOn,False,,,/,15288,4568,10720,70.1,,,,,,USFQ,USFQ-PRODUCCION,p-esx-04.usfq.edu.ec,,,,,,,
P-DB-GALERA-OL9-03,poweredOn,False,,,/tmp,5056,68,4988,98.7,,,,,,USFQ,USFQ-PRODUCCION,p-esx-04.usfq.edu.ec,,,,,,,
P-DB-GALERA-OL9-03,poweredOn,False,,,/var,16320,14325,1995,12.2,,,,,,USFQ,USFQ-PRODUCCION,p-esx-04.usfq.edu.ec,,,,,,,
P-DB-GALERA-OL9-03,poweredOn,False,,,/boot,960,583,377,39.3,,,,,,USFQ,USFQ-PRODUCCION,p-esx-04.usfq.edu.ec,,,,,,,
P-DB-GALERA-OL9-03,poweredOn,False,,,/home,10176,1160,9016,88.6,,,,,,USFQ,USFQ-PRODUCCION,p-esx-04.usfq.edu.ec,,,,,,,
P-DB-GALERA-OL9-03,poweredOn,False,,,/boot/efi,1021,7,1014,99.3,,,,,,USFQ,USFQ-PRODUCCION,p-esx-04.usfq.edu.ec,,,,,,,
P-DB-GALERA-OL9-03,poweredOn,False,,,/opt/sentinelone/rpm_mount,16320,14325,1995,12.2,,,,,,USFQ,USFQ-PRODUCCION,p-esx-04.usfq.edu.ec,,,,,,,
P-WWW4-OL-01-NEW,poweredOn,False,,,/,102441,69774,32667,31.9,,,,,,USFQ,USFQ-PRODUCCION,p-esx-04.usfq.edu.ec,,,,,,,
P-WWW4-OL-01-NEW,poweredOn,False,,,/boot,2550,486,2064,80.9,,,,,,USFQ,USFQ-PRODUCCION,p-esx-04.usfq.edu.ec,,,,,,,
P-WWW4-OL-01-NEW,poweredOn,False,,,/home,204699,172340,32359,15.8,,,,,,USFQ,USFQ-PRODUCCION,p-esx-04.usfq.edu.ec,,,,,,,
P-WWW4-OL-01-NEW,poweredOn,False,,,/opt/sentinelone/rpm_mount,102441,69774,32667,31.9,,,,,,USFQ,USFQ-PRODUCCION,p-esx-04.usfq.edu.ec,,,,,,,
T-DB-GALERA-OL95-03,poweredOn,False,,,/,15288,4172,11116,72.7,,,,,,USFQ,USFQ-PRODUCCION,p-esx-04.usfq.edu.ec,,,,,,,
T-DB-GALERA-OL95-03,poweredOn,False,,,/tmp,5056,68,4988,98.7,,,,,,USFQ,USFQ-PRODUCCION,p-esx-04.usfq.edu.ec,,,,,,,
T-DB-GALERA-OL95-03,poweredOn,False,,,/var,16320,8036,8284,50.8,,,,,,USFQ,USFQ-PRODUCCION,p-esx-04.usfq.edu.ec,,,,,,,
T-DB-GALERA-OL95-03,poweredOn,False,,,/home,10176,217,9959,97.9,,,,,,USFQ,USFQ-PRODUCCION,p-esx-04.usfq.edu.ec,,,,,,,
T-DB-GALERA-OL95-03,poweredOn,False,,,/boot,960,582,378,39.4,,,,,,USFQ,USFQ-PRODUCCION,p-esx-04.usfq.edu.ec,,,,,,,
T-DB-GALERA-OL95-03,poweredOn,False,,,/boot/efi,1021,7,1014,99.3,,,,,,USFQ,USFQ-PRODUCCION,p-esx-04.usfq.edu.ec,,,,,,,
T-DB-GALERA-OL95-03,poweredOn,False,,,/opt/sentinelone/rpm_mount,16320,8036,8284,50.8,,,,,,USFQ,USFQ-PRODUCCION,p-esx-04.usfq.edu.ec,,,,,,,
P-VC-01,poweredOn,False,,,/,48068,16342,31726,66.0,,,,,,USFQ,USFQ-PRODUCCION,p-esx-02.usfq.edu.ec,,,,,,,
P-VC-01,poweredOn,False,,,/boot,487,73,414,85.0,,,,,,USFQ,USFQ-PRODUCCION,p-esx-02.usfq.edu.ec,,,,,,,
P-VC-01,poweredOn,False,,,/boot/efi,9,1,8,88.9,,,,,,USFQ,USFQ-PRODUCCION,p-esx-02.usfq.edu.ec,,,,,,,
P-VC-01,poweredOn,False,,,/storage/imagebuilder,9971,528,9443,94.7,,,,,,USFQ,USFQ-PRODUCCION,p-esx-02.usfq.edu.ec,,,,,,,
P-VC-01,poweredOn,False,,,/storage/updatemgr,100212,5390,94822,94.6,,,,,,USFQ,USFQ-PRODUCCION,p-esx-02.usfq.edu.ec,,,,,,,
P-VC-01,poweredOn,False,,,/storage/autodeploy,9971,528,9443,94.7,,,,,,USFQ,USFQ-PRODUCCION,p-esx-02.usfq.edu.ec,,,,,,,
P-VC-01,poweredOn,False,,,/storage/netdump,981,67,914,93.2,,,,,,USFQ,USFQ-PRODUCCION,p-esx-02.usfq.edu.ec,,,,,,,
P-VC-01,poweredOn,False,,,/storage/core,50080,2576,47504,94.9,,,,,,USFQ,USFQ-PRODUCCION,p-esx-02.usfq.edu.ec,,,,,,,
P-VC-01,poweredOn,False,,,/storage/vtsdb,25018,1332,23686,94.7,,,,,,USFQ,USFQ-PRODUCCION,p-esx-02.usfq.edu.ec,,,,,,,
P-VC-01,poweredOn,False,,,/storage/vtsdblog,15006,815,14191,94.6,,,,,,USFQ,USFQ-PRODUCCION,p-esx-02.usfq.edu.ec,,,,,,,
P-VC-01,poweredOn,False,,,/storage/lifecycle,100212,9042,91170,91.0,,,,,,USFQ,USFQ-PRODUCCION,p-esx-02.usfq.edu.ec,,,,,,,
P-VC-01,poweredOn,False,,,/storage/dblog,15006,1167,13839,92.2,,,,,,USFQ,USFQ-PRODUCCION,p-esx-02.usfq.edu.ec,,,,,,,
P-VC-01,poweredOn,False,,,/storage/seat,25018,4446,20572,82.2,,,,,,USFQ,USFQ-PRODUCCION,p-esx-02.usfq.edu.ec,,,,,,,
P-VC-01,poweredOn,False,,,/storage/db,9971,1313,8658,86.8,,,,,,USFQ,USFQ-PRODUCCION,p-esx-02.usfq.edu.ec,,,,,,,
P-VC-01,poweredOn,False,,,/storage/log,9971,7188,2783,27.9,,,,,,USFQ,USFQ-PRODUCCION,p-esx-02.usfq.edu.ec,,,,,,,
P-VC-01,poweredOn,False,,,/storage/archive,50080,47651,2429,4.9,,,,,,USFQ,USFQ-PRODUCCION,p-esx-02.usfq.edu.ec,,,,,,,
P-VC-01,poweredOn,False,,,/storage/lvm_snapshot,200497,10255,190242,94.9,,,,,,USFQ,USFQ-PRODUCCION,p-esx-02.usfq.edu.ec,,,,,,,
P-MOODLE-OL-03,poweredOn,False,,,/,101078,54840,46238,45.7,,,,,,USFQ,USFQ-PRODUCCION,p-esx-02.usfq.edu.ec,,,,,,,
P-MOODLE-OL-03,poweredOn,False,,,/home,143533,117660,25873,18.0,,,,,,USFQ,USFQ-PRODUCCION,p-esx-02.usfq.edu.ec,,,,,,,
P-MOODLE-OL-03,poweredOn,False,,,/boot,1014,289,725,71.5,,,,,,USFQ,USFQ-PRODUCCION,p-esx-02.usfq.edu.ec,,,,,,,
P-MOODLE-OL-03,poweredOn,False,,,/opt/sentinelone/rpm_mount,101078,54840,46238,45.7,,,,,,USFQ,USFQ-PRODUCCION,p-esx-02.usfq.edu.ec,,,,,,,
P-AD-DS-06,poweredOn,False,,,C:\,152982,63053,89929,58.8,,,,,,USFQ,USFQ-PRODUCCION,p-esx-02.usfq.edu.ec,,,,,,,
P-BAN9-APP-05,poweredOn,False,,,/,19990,224,19766,98.9,,,,,,USFQ,USFQ-PRODUCCION,p-esx-02.usfq.edu.ec,,,,,,,
P-BAN9-APP-05,poweredOn,False,,,/usr,14990,6878,8112,54.1,,,,,,USFQ,USFQ-PRODUCCION,p-esx-02.usfq.edu.ec,,,,,,,
P-BAN9-APP-05,poweredOn,False,,,/tmp,9990,103,9887,99.0,,,,,,USFQ,USFQ-PRODUCCION,p-esx-02.usfq.edu.ec,,,,,,,
P-BAN9-APP-05,poweredOn,False,,,/u01,61336,4203,57133,93.1,,,,,,USFQ,USFQ-PRODUCCION,p-esx-02.usfq.edu.ec,,,,,,,
P-BAN9-APP-05,poweredOn,False,,,/opt,9990,2661,7329,73.4,,,,,,USFQ,USFQ-PRODUCCION,p-esx-02.usfq.edu.ec,,,,,,,
P-BAN9-APP-05,poweredOn,False,,,/boot,1014,466,548,54.0,,,,,,USFQ,USFQ-PRODUCCION,p-esx-02.usfq.edu.ec,,,,,,,
P-BAN9-APP-05,poweredOn,False,,,/var,96910,8518,88392,91.2,,,,,,USFQ,USFQ-PRODUCCION,p-esx-02.usfq.edu.ec,,,,,,,
P-BAN9-APP-05,poweredOn,False,,,/boot/efi,598,6,592,99.0,,,,,,USFQ,USFQ-PRODUCCION,p-esx-02.usfq.edu.ec,,,,,,,
P-BAN9-APP-05,poweredOn,False,,,/home,14990,1278,13712,91.5,,,,,,USFQ,USFQ-PRODUCCION,p-esx-02.usfq.edu.ec,,,,,,,
P-BAN9-APP-05,poweredOn,False,,,/opt/sentinelone/rpm_mount,96910,8518,88392,91.2,,,,,,USFQ,USFQ-PRODUCCION,p-esx-02.usfq.edu.ec,,,,,,,
P-IMP-DBF-01,poweredOn,False,,,/,28094,14578,13516,48.1,,,,,,USFQ,USFQ-PRODUCCION,p-esx-02.usfq.edu.ec,,,,,,,
P-IMP-DBF-01,poweredOn,False,,,/boot,237,153,84,35.4,,,,,,USFQ,USFQ-PRODUCCION,p-esx-02.usfq.edu.ec,,,,,,,
P-IMP-DBF-01,poweredOn,False,,,/data,470166,104918,365248,77.7,,,,,,USFQ,USFQ-PRODUCCION,p-esx-02.usfq.edu.ec,,,,,,,
P-IMP-DBF-01,poweredOn,False,,,/var,40189,16201,23988,59.7,,,,,,USFQ,USFQ-PRODUCCION,p-esx-02.usfq.edu.ec,,,,,,,
P-MINEMELDPA-01,poweredOn,False,,,/,102441,18217,84224,82.2,,,,,,USFQ,USFQ-PRODUCCION,p-esx-02.usfq.edu.ec,,,,,,,
P-MINEMELDPA-01,poweredOn,False,,,/boot,2550,520,2030,79.6,,,,,,USFQ,USFQ-PRODUCCION,p-esx-02.usfq.edu.ec,,,,,,,
P-MINEMELDPA-01,poweredOn,False,,,/opt/sentinelone/rpm_mount,102441,18217,84224,82.2,,,,,,USFQ,USFQ-PRODUCCION,p-esx-02.usfq.edu.ec,,,,,,,
P-NG-01,poweredOn,False,,,/,102441,46164,56277,54.9,,,,,,USFQ,USFQ-PRODUCCION,p-esx-02.usfq.edu.ec,,,,,,,
P-NG-01,poweredOn,False,,,/boot,2550,511,2039,80.0,,,,,,USFQ,USFQ-PRODUCCION,p-esx-02.usfq.edu.ec,,,,,,,
P-NG-01,poweredOn,False,,,/opt/sentinelone/rpm_mount,102441,46164,56277,54.9,,,,,,USFQ,USFQ-PRODUCCION,p-esx-02.usfq.edu.ec,,,,,,,
P-DB-GALERA-OL9-01,poweredOn,False,,,/,15288,4562,10726,70.2,,,,,,USFQ,USFQ-PRODUCCION,p-esx-02.usfq.edu.ec,,,,,,,
P-DB-GALERA-OL9-01,poweredOn,False,,,/tmp,5056,68,4988,98.7,,,,,,USFQ,USFQ-PRODUCCION,p-esx-02.usfq.edu.ec,,,,,,,
P-DB-GALERA-OL9-01,poweredOn,False,,,/var,16320,15150,1170,7.2,,,,,,USFQ,USFQ-PRODUCCION,p-esx-02.usfq.edu.ec,,,,,,,
P-DB-GALERA-OL9-01,poweredOn,False,,,/boot,960,546,414,43.1,,,,,,USFQ,USFQ-PRODUCCION,p-esx-02.usfq.edu.ec,,,,,,,
P-DB-GALERA-OL9-01,poweredOn,False,,,/home,10176,3633,6543,64.3,,,,,,USFQ,USFQ-PRODUCCION,p-esx-02.usfq.edu.ec,,,,,,,
P-DB-GALERA-OL9-01,poweredOn,False,,,/boot/efi,1021,7,1014,99.3,,,,,,USFQ,USFQ-PRODUCCION,p-esx-02.usfq.edu.ec,,,,,,,
P-DB-GALERA-OL9-01,poweredOn,False,,,/opt/sentinelone/rpm_mount,16320,15150,1170,7.2,,,,,,USFQ,USFQ-PRODUCCION,p-esx-02.usfq.edu.ec,,,,,,,
P-APP-PASEC-OLN-01,poweredOn,False,,,/,32752,10519,22233,67.9,,,,,,USFQ,USFQ-PRODUCCION,p-esx-02.usfq.edu.ec,,,,,,,
P-APP-PASEC-OLN-01,poweredOn,False,,,/boot,1014,509,505,49.8,,,,,,USFQ,USFQ-PRODUCCION,p-esx-02.usfq.edu.ec,,,,,,,
P-APP-PASEC-OLN-01,poweredOn,False,,,/boot/efi,598,6,592,99.0,,,,,,USFQ,USFQ-PRODUCCION,p-esx-02.usfq.edu.ec,,,,,,,
P-APP-PASEC-OLN-01,poweredOn,False,,,/home,22517,2500,20017,88.9,,,,,,USFQ,USFQ-PRODUCCION,p-esx-02.usfq.edu.ec,,,,,,,
P-APP-PASEC-OLN-01,poweredOn,False,,,/opt/sentinelone/rpm_mount,32752,10519,22233,67.9,,,,,,USFQ,USFQ-PRODUCCION,p-esx-02.usfq.edu.ec,,,,,,,
P-APP-REDCAP-OLN-01,poweredOn,False,,,/,64964,11542,53422,82.2,,,,,,USFQ,USFQ-PRODUCCION,p-esx-02.usfq.edu.ec,,,,,,,
P-APP-REDCAP-OLN-01,poweredOn,False,,,/boot,1014,509,505,49.8,,,,,,USFQ,USFQ-PRODUCCION,p-esx-02.usfq.edu.ec,,,,,,,
P-APP-REDCAP-OLN-01,poweredOn,False,,,/boot/efi,598,6,592,99.0,,,,,,USFQ,USFQ-PRODUCCION,p-esx-02.usfq.edu.ec,,,,,,,
P-APP-REDCAP-OLN-01,poweredOn,False,,,/home,30705,30670,35,0.1,,,,,,USFQ,USFQ-PRODUCCION,p-esx-02.usfq.edu.ec,,,,,,,
P-APP-REDCAP-OLN-01,poweredOn,False,,,/opt/sentinelone/rpm_mount,64964,11542,53422,82.2,,,,,,USFQ,USFQ-PRODUCCION,p-esx-02.usfq.edu.ec,,,,,,,
P-GITLAB-OLNX-01,poweredOn,False,,,/,297958,25500,272458,91.4,,,,,,USFQ,USFQ-PRODUCCION,p-esx-02.usfq.edu.ec,,,,,,,
P-GITLAB-OLNX-01,poweredOn,False,,,/boot,1014,203,811,80.0,,,,,,USFQ,USFQ-PRODUCCION,p-esx-02.usfq.edu.ec,,,,,,,
P-GITLAB-OLNX-01,poweredOn,False,,,/opt/sentinelone/rpm_mount,297958,25500,272458,91.4,,,,,,USFQ,USFQ-PRODUCCION,p-esx-02.usfq.edu.ec,,,,,,,
P-IMP-MX-WAF-01,poweredOn,False,,,/,29400,17561,11839,40.3,,,,,,USFQ,USFQ-PRODUCCION,p-esx-02.usfq.edu.ec,,,,,,,
P-IMP-MX-WAF-01,poweredOn,False,,,/boot,968,219,749,77.4,,,,,,USFQ,USFQ-PRODUCCION,p-esx-02.usfq.edu.ec,,,,,,,
P-IMP-MX-WAF-01,poweredOn,False,,,/var,110936,38683,72253,65.1,,,,,,USFQ,USFQ-PRODUCCION,p-esx-02.usfq.edu.ec,,,,,,,
P-IMP-MX-WAF-01,poweredOn,False,,,/home,968,6,962,99.4,,,,,,USFQ,USFQ-PRODUCCION,p-esx-02.usfq.edu.ec,,,,,,,
P-IMP-MX-WAF-01,poweredOn,False,,,/var/log/audit,1936,44,1892,97.7,,,,,,USFQ,USFQ-PRODUCCION,p-esx-02.usfq.edu.ec,,,,,,,
P-GEOCENTRO-OLNX-01,poweredOn,False,,,/,114632,30017,84615,73.8,,,,,,USFQ,USFQ-PRODUCCION,p-esx-02.usfq.edu.ec,,,,,,,
P-GEOCENTRO-OLNX-01,poweredOn,False,,,/boot,2038,494,1544,75.8,,,,,,USFQ,USFQ-PRODUCCION,p-esx-02.usfq.edu.ec,,,,,,,
P-GEOCENTRO-OLNX-01,poweredOn,False,,,/opt/sentinelone/rpm_mount,114632,30017,84615,73.8,,,,,,USFQ,USFQ-PRODUCCION,p-esx-02.usfq.edu.ec,,,,,,,
P-IMP-MX-DBF-01,poweredOn,False,,,/,29400,26285,3115,10.6,,,,,,USFQ,USFQ-PRODUCCION,p-esx-02.usfq.edu.ec,,,,,,,
P-IMP-MX-DBF-01,poweredOn,False,,,/boot,968,153,815,84.2,,,,,,USFQ,USFQ-PRODUCCION,p-esx-02.usfq.edu.ec,,,,,,,
P-IMP-MX-DBF-01,poweredOn,False,,,/var,110936,66231,44705,40.3,,,,,,USFQ,USFQ-PRODUCCION,p-esx-02.usfq.edu.ec,,,,,,,
P-IMP-MX-DBF-01,poweredOn,False,,,/home,968,73,895,92.5,,,,,,USFQ,USFQ-PRODUCCION,p-esx-02.usfq.edu.ec,,,,,,,
P-IMP-MX-DBF-01,poweredOn,False,,,/var/log/audit,1936,41,1895,97.9,,,,,,USFQ,USFQ-PRODUCCION,p-esx-02.usfq.edu.ec,,,,,,,
P-GI-01,poweredOn,False,,,/,61420,16726,44694,72.8,,,,,,USFQ,USFQ-PRODUCCION,p-esx-02.usfq.edu.ec,,,,,,,
P-GI-01,poweredOn,False,,,/var,5110,522,4588,89.8,,,,,,USFQ,USFQ-PRODUCCION,p-esx-02.usfq.edu.ec,,,,,,,
P-GI-01,poweredOn,False,,,/boot,1014,251,763,75.2,,,,,,USFQ,USFQ-PRODUCCION,p-esx-02.usfq.edu.ec,,,,,,,
P-GI-01,poweredOn,False,,,/tmp,5106,69,5037,98.6,,,,,,USFQ,USFQ-PRODUCCION,p-esx-02.usfq.edu.ec,,,,,,,
P-GI-01,poweredOn,False,,,/var/tmp,5110,69,5041,98.6,,,,,,USFQ,USFQ-PRODUCCION,p-esx-02.usfq.edu.ec,,,,,,,
P-GI-01,poweredOn,False,,,/home,10230,4792,5438,53.2,,,,,,USFQ,USFQ-PRODUCCION,p-esx-02.usfq.edu.ec,,,,,,,
P-GI-01,poweredOn,False,,,/pam,946149,250016,696133,73.6,,,,,,USFQ,USFQ-PRODUCCION,p-esx-02.usfq.edu.ec,,,,,,,
P-GI-01,poweredOn,False,,,/var/log,4086,3143,943,23.1,,,,,,USFQ,USFQ-PRODUCCION,p-esx-02.usfq.edu.ec,,,,,,,
P-GI-01,poweredOn,False,,,/var/log/audit,4086,101,3985,97.5,,,,,,USFQ,USFQ-PRODUCCION,p-esx-02.usfq.edu.ec,,,,,,,
P-GI-01,poweredOn,False,,,/opt/sentinelone/rpm_mount,5110,522,4588,89.8,,,,,,USFQ,USFQ-PRODUCCION,p-esx-02.usfq.edu.ec,,,,,,,
P-ZB-FE-01,poweredOn,False,,,/,70293,9810,60483,86.0,,,,,,USFQ,USFQ-PRODUCCION,p-esx-02.usfq.edu.ec,,,,,,,
P-ZB-FE-01,poweredOn,False,,,/boot,2038,501,1537,75.4,,,,,,USFQ,USFQ-PRODUCCION,p-esx-02.usfq.edu.ec,,,,,,,
P-ZB-FE-01,poweredOn,False,,,/boot/efi,598,6,592,99.0,,,,,,USFQ,USFQ-PRODUCCION,p-esx-02.usfq.edu.ec,,,,,,,
P-ZB-FE-01,poweredOn,False,,,/opt/sentinelone/rpm_mount,70293,9810,60483,86.0,,,,,,USFQ,USFQ-PRODUCCION,p-esx-02.usfq.edu.ec,,,,,,,
P-HUBI-LNX-01,poweredOn,False,,,/,184230,18855,165375,89.8,,,,,,USFQ,USFQ-PRODUCCION,p-esx-02.usfq.edu.ec,,,,,,,
P-HUBI-LNX-01,poweredOn,False,,,/home,309097,97806,211291,68.4,,,,,,USFQ,USFQ-PRODUCCION,p-esx-02.usfq.edu.ec,,,,,,,
P-HUBI-LNX-01,poweredOn,False,,,/boot,4086,341,3745,91.7,,,,,,USFQ,USFQ-PRODUCCION,p-esx-02.usfq.edu.ec,,,,,,,
P-HUBI-LNX-01,poweredOn,False,,,/opt/sentinelone/rpm_mount,184230,18855,165375,89.8,,,,,,USFQ,USFQ-PRODUCCION,p-esx-02.usfq.edu.ec,,,,,,,
P-BAN9-ADMP-01,poweredOn,False,,,/,19990,223,19767,98.9,,,,,,USFQ,USFQ-PRODUCCION,p-esx-02.usfq.edu.ec,,,,,,,
P-BAN9-ADMP-01,poweredOn,False,,,/usr,14990,6913,8077,53.9,,,,,,USFQ,USFQ-PRODUCCION,p-esx-02.usfq.edu.ec,,,,,,,
P-BAN9-ADMP-01,poweredOn,False,,,/boot,1014,466,548,54.0,,,,,,USFQ,USFQ-PRODUCCION,p-esx-02.usfq.edu.ec,,,,,,,
P-BAN9-ADMP-01,poweredOn,False,,,/u01,61336,11734,49602,80.9,,,,,,USFQ,USFQ-PRODUCCION,p-esx-02.usfq.edu.ec,,,,,,,
P-BAN9-ADMP-01,poweredOn,False,,,/home,14990,1635,13355,89.1,,,,,,USFQ,USFQ-PRODUCCION,p-esx-02.usfq.edu.ec,,,,,,,
P-BAN9-ADMP-01,poweredOn,False,,,/tmp,9990,103,9887,99.0,,,,,,USFQ,USFQ-PRODUCCION,p-esx-02.usfq.edu.ec,,,,,,,
P-BAN9-ADMP-01,poweredOn,False,,,/boot/efi,598,6,592,99.0,,,,,,USFQ,USFQ-PRODUCCION,p-esx-02.usfq.edu.ec,,,,,,,
P-BAN9-ADMP-01,poweredOn,False,,,/opt,9990,3013,6977,69.8,,,,,,USFQ,USFQ-PRODUCCION,p-esx-02.usfq.edu.ec,,,,,,,
P-BAN9-ADMP-01,poweredOn,False,,,/var,81910,9193,72717,88.8,,,,,,USFQ,USFQ-PRODUCCION,p-esx-02.usfq.edu.ec,,,,,,,
P-BAN9-ADMP-01,poweredOn,False,,,/opt/sentinelone/rpm_mount,81910,9193,72717,88.8,,,,,,USFQ,USFQ-PRODUCCION,p-esx-02.usfq.edu.ec,,,,,,,
P-RADIUS-01,poweredOn,False,,,/,38409,36110,2299,6.0,,,,,,USFQ,USFQ-PRODUCCION,p-esx-02.usfq.edu.ec,,,,,,,
P-RADIUS-01,poweredOn,False,,,/boot,1748,359,1389,79.5,,,,,,USFQ,USFQ-PRODUCCION,p-esx-02.usfq.edu.ec,,,,,,,
P-BAN9-APP-02,poweredOn,False,,,/,19990,223,19767,98.9,,,,,,USFQ,USFQ-PRODUCCION,p-esx-02.usfq.edu.ec,,,,,,,
P-BAN9-APP-02,poweredOn,False,,,/usr,14990,6899,8091,54.0,,,,,,USFQ,USFQ-PRODUCCION,p-esx-02.usfq.edu.ec,,,,,,,
P-BAN9-APP-02,poweredOn,False,,,/boot,1014,466,548,54.0,,,,,,USFQ,USFQ-PRODUCCION,p-esx-02.usfq.edu.ec,,,,,,,
P-BAN9-APP-02,poweredOn,False,,,/u01,61336,5880,55456,90.4,,,,,,USFQ,USFQ-PRODUCCION,p-esx-02.usfq.edu.ec,,,,,,,
P-BAN9-APP-02,poweredOn,False,,,/opt,9990,3451,6539,65.5,,,,,,USFQ,USFQ-PRODUCCION,p-esx-02.usfq.edu.ec,,,,,,,
P-BAN9-APP-02,poweredOn,False,,,/boot/efi,598,6,592,99.0,,,,,,USFQ,USFQ-PRODUCCION,p-esx-02.usfq.edu.ec,,,,,,,
P-BAN9-APP-02,poweredOn,False,,,/var,96910,8828,88082,90.9,,,,,,USFQ,USFQ-PRODUCCION,p-esx-02.usfq.edu.ec,,,,,,,
P-BAN9-APP-02,poweredOn,False,,,/home,14990,1263,13727,91.6,,,,,,USFQ,USFQ-PRODUCCION,p-esx-02.usfq.edu.ec,,,,,,,
P-BAN9-APP-02,poweredOn,False,,,/tmp,9990,103,9887,99.0,,,,,,USFQ,USFQ-PRODUCCION,p-esx-02.usfq.edu.ec,,,,,,,
P-BAN9-APP-02,poweredOn,False,,,/opt/sentinelone/rpm_mount,96910,8828,88082,90.9,,,,,,USFQ,USFQ-PRODUCCION,p-esx-02.usfq.edu.ec,,,,,,,
T-APP-INFOREDESTI-01,poweredOn,False,,,/,15288,5591,9697,63.4,,,,,,USFQ,USFQ-PRODUCCION,p-esx-02.usfq.edu.ec,,,,,,,
T-APP-INFOREDESTI-01,poweredOn,False,,,/var,10176,5977,4199,41.3,,,,,,USFQ,USFQ-PRODUCCION,p-esx-02.usfq.edu.ec,,,,,,,
T-APP-INFOREDESTI-01,poweredOn,False,,,/tmp,1984,50,1934,97.5,,,,,,USFQ,USFQ-PRODUCCION,p-esx-02.usfq.edu.ec,,,,,,,
T-APP-INFOREDESTI-01,poweredOn,False,,,/home,5056,4457,599,11.8,,,,,,USFQ,USFQ-PRODUCCION,p-esx-02.usfq.edu.ec,,,,,,,
T-APP-INFOREDESTI-01,poweredOn,False,,,/boot,960,561,399,41.6,,,,,,USFQ,USFQ-PRODUCCION,p-esx-02.usfq.edu.ec,,,,,,,
T-APP-INFOREDESTI-01,poweredOn,False,,,/boot/efi,1021,6,1015,99.4,,,,,,USFQ,USFQ-PRODUCCION,p-esx-02.usfq.edu.ec,,,,,,,
T-APP-INFOREDESTI-01,poweredOn,False,,,/opt/sentinelone/rpm_mount,10176,5977,4199,41.3,,,,,,USFQ,USFQ-PRODUCCION,p-esx-02.usfq.edu.ec,,,,,,,
P-WEBWORK-01,poweredOn,False,,,/,94617,30011,64606,68.3,,,,,,USFQ,USFQ-PRODUCCION,p-esx-02.usfq.edu.ec,,,,,,,
P-WEBWORK-01,poweredOn,False,,,/boot,1945,310,1635,84.1,,,,,,USFQ,USFQ-PRODUCCION,p-esx-02.usfq.edu.ec,,,,,,,
P-APP-ANSIBLE-OL9-01,poweredOn,False,,,/,22456,18018,4438,19.8,,,,,,USFQ,USFQ-PRODUCCION,p-esx-02.usfq.edu.ec,,,,,,,
P-APP-ANSIBLE-OL9-01,poweredOn,False,,,/tmp,4032,61,3971,98.5,,,,,,USFQ,USFQ-PRODUCCION,p-esx-02.usfq.edu.ec,,,,,,,
P-APP-ANSIBLE-OL9-01,poweredOn,False,,,/var,10176,1345,8831,86.8,,,,,,USFQ,USFQ-PRODUCCION,p-esx-02.usfq.edu.ec,,,,,,,
P-APP-ANSIBLE-OL9-01,poweredOn,False,,,/boot,960,582,378,39.4,,,,,,USFQ,USFQ-PRODUCCION,p-esx-02.usfq.edu.ec,,,,,,,
P-APP-ANSIBLE-OL9-01,poweredOn,False,,,/boot/efi,1021,7,1014,99.3,,,,,,USFQ,USFQ-PRODUCCION,p-esx-02.usfq.edu.ec,,,,,,,
P-APP-ANSIBLE-OL9-01,poweredOn,False,,,/home,10176,105,10071,99.0,,,,,,USFQ,USFQ-PRODUCCION,p-esx-02.usfq.edu.ec,,,,,,,
P-NTP-01,poweredOn,False,,,/,16794,10677,6117,36.4,,,,,,USFQ,USFQ-PRODUCCION,p-esx-02.usfq.edu.ec,,,,,,,
P-NTP-01,poweredOn,False,,,/boot,1014,479,535,52.8,,,,,,USFQ,USFQ-PRODUCCION,p-esx-02.usfq.edu.ec,,,,,,,
P-NTP-01,poweredOn,False,,,/boot/efi,598,6,592,99.0,,,,,,USFQ,USFQ-PRODUCCION,p-esx-02.usfq.edu.ec,,,,,,,
P-NTP-01,poweredOn,False,,,/opt/sentinelone/rpm_mount,16794,10677,6117,36.4,,,,,,USFQ,USFQ-PRODUCCION,p-esx-02.usfq.edu.ec,,,,,,,
P-BAN9-APP-01,poweredOn,False,,,/,19990,223,19767,98.9,,,,,,USFQ,USFQ-PRODUCCION,p-esx-02.usfq.edu.ec,,,,,,,
P-BAN9-APP-01,poweredOn,False,,,/usr,14990,6883,8107,54.1,,,,,,USFQ,USFQ-PRODUCCION,p-esx-02.usfq.edu.ec,,,,,,,
P-BAN9-APP-01,poweredOn,False,,,/boot,1014,466,548,54.0,,,,,,USFQ,USFQ-PRODUCCION,p-esx-02.usfq.edu.ec,,,,,,,
P-BAN9-APP-01,poweredOn,False,,,/u01,61336,21837,39499,64.4,,,,,,USFQ,USFQ-PRODUCCION,p-esx-02.usfq.edu.ec,,,,,,,
P-BAN9-APP-01,poweredOn,False,,,/tmp,9990,103,9887,99.0,,,,,,USFQ,USFQ-PRODUCCION,p-esx-02.usfq.edu.ec,,,,,,,
P-BAN9-APP-01,poweredOn,False,,,/opt,9990,2976,7014,70.2,,,,,,USFQ,USFQ-PRODUCCION,p-esx-02.usfq.edu.ec,,,,,,,
P-BAN9-APP-01,poweredOn,False,,,/boot/efi,598,6,592,99.0,,,,,,USFQ,USFQ-PRODUCCION,p-esx-02.usfq.edu.ec,,,,,,,
P-BAN9-APP-01,poweredOn,False,,,/var,96910,6164,90746,93.6,,,,,,USFQ,USFQ-PRODUCCION,p-esx-02.usfq.edu.ec,,,,,,,
P-BAN9-APP-01,poweredOn,False,,,/home,14990,1293,13697,91.4,,,,,,USFQ,USFQ-PRODUCCION,p-esx-02.usfq.edu.ec,,,,,,,
P-BAN9-APP-01,poweredOn,False,,,/opt/sentinelone/rpm_mount,96910,6164,90746,93.6,,,,,,USFQ,USFQ-PRODUCCION,p-esx-02.usfq.edu.ec,,,,,,,
P-FIN-MS-01,poweredOn,False,,,/,102441,74272,28169,27.5,,,,,,USFQ,USFQ-PRODUCCION,p-esx-02.usfq.edu.ec,,,,,,,
P-FIN-MS-01,poweredOn,False,,,/boot,2550,526,2024,79.4,,,,,,USFQ,USFQ-PRODUCCION,p-esx-02.usfq.edu.ec,,,,,,,
P-FIN-MS-01,poweredOn,False,,,/opt/sentinelone/rpm_mount,102441,74272,28169,27.5,,,,,,USFQ,USFQ-PRODUCCION,p-esx-02.usfq.edu.ec,,,,,,,
P-ACR-CLOUD-02,poweredOn,False,,,/,7916,2304,5612,70.9,,,,,,USFQ,USFQ-PRODUCCION,p-esx-02.usfq.edu.ec,,,,,,,
P-EDUROAM-01,poweredOn,False,,,/,37861,18161,19700,52.0,,,,,,USFQ,USFQ-PRODUCCION,p-esx-02.usfq.edu.ec,,,,,,,
P-EDUROAM-01,poweredOn,False,,,/boot,1014,274,740,73.0,,,,,,USFQ,USFQ-PRODUCCION,p-esx-02.usfq.edu.ec,,,,,,,
P-EDUROAM-01,poweredOn,False,,,/opt/sentinelone/rpm_mount,37861,18161,19700,52.0,,,,,,USFQ,USFQ-PRODUCCION,p-esx-02.usfq.edu.ec,,,,,,,
P-WWW4-OL-01,poweredOff,False,,,/,102441,70531,31910,31.1,,,,,,USFQ,USFQ-PRODUCCION,p-esx-02.usfq.edu.ec,,,,,,,
P-WWW4-OL-01,poweredOff,False,,,/home,204699,172534,32165,15.7,,,,,,USFQ,USFQ-PRODUCCION,p-esx-02.usfq.edu.ec,,,,,,,
P-WWW4-OL-01,poweredOff,False,,,/boot,2550,492,2058,80.7,,,,,,USFQ,USFQ-PRODUCCION,p-esx-02.usfq.edu.ec,,,,,,,
P-WWW4-OL-01,poweredOff,False,,,/opt/sentinelone/rpm_mount,102441,70531,31910,31.1,,,,,,USFQ,USFQ-PRODUCCION,p-esx-02.usfq.edu.ec,,,,,,,
P-BAN9-SSB-01,poweredOn,False,,,/,19990,223,19767,98.9,,,,,,USFQ,USFQ-PRODUCCION,p-esx-02.usfq.edu.ec,,,,,,,
P-BAN9-SSB-01,poweredOn,False,,,/usr,14990,6970,8020,53.5,,,,,,USFQ,USFQ-PRODUCCION,p-esx-02.usfq.edu.ec,,,,,,,
P-BAN9-SSB-01,poweredOn,False,,,/u01,61336,4515,56821,92.6,,,,,,USFQ,USFQ-PRODUCCION,p-esx-02.usfq.edu.ec,,,,,,,
P-BAN9-SSB-01,poweredOn,False,,,/opt,9990,2972,7018,70.3,,,,,,USFQ,USFQ-PRODUCCION,p-esx-02.usfq.edu.ec,,,,,,,
P-BAN9-SSB-01,poweredOn,False,,,/tmp,9990,103,9887,99.0,,,,,,USFQ,USFQ-PRODUCCION,p-esx-02.usfq.edu.ec,,,,,,,
P-BAN9-SSB-01,poweredOn,False,,,/boot,1014,437,577,56.9,,,,,,USFQ,USFQ-PRODUCCION,p-esx-02.usfq.edu.ec,,,,,,,
P-BAN9-SSB-01,poweredOn,False,,,/home,14990,2006,12984,86.6,,,,,,USFQ,USFQ-PRODUCCION,p-esx-02.usfq.edu.ec,,,,,,,
P-BAN9-SSB-01,poweredOn,False,,,/var,96910,7860,89050,91.9,,,,,,USFQ,USFQ-PRODUCCION,p-esx-02.usfq.edu.ec,,,,,,,
P-BAN9-SSB-01,poweredOn,False,,,/boot/efi,598,6,592,99.0,,,,,,USFQ,USFQ-PRODUCCION,p-esx-02.usfq.edu.ec,,,,,,,
P-BAN9-SSB-01,poweredOn,False,,,/opt/sentinelone/rpm_mount,96910,7860,89050,91.9,,,,,,USFQ,USFQ-PRODUCCION,p-esx-02.usfq.edu.ec,,,,,,,
P-IMP-GW-WAF-01A,poweredOn,False,,,/,29400,15672,13728,46.7,,,,,,USFQ,USFQ-PRODUCCION,p-esx-02.usfq.edu.ec,,,,,,,
P-IMP-GW-WAF-01A,poweredOn,False,,,/boot,968,151,817,84.4,,,,,,USFQ,USFQ-PRODUCCION,p-esx-02.usfq.edu.ec,,,,,,,
P-IMP-GW-WAF-01A,poweredOn,False,,,/home,968,3,965,99.7,,,,,,USFQ,USFQ-PRODUCCION,p-esx-02.usfq.edu.ec,,,,,,,
P-IMP-GW-WAF-01A,poweredOn,False,,,/data,71563,10359,61204,85.5,,,,,,USFQ,USFQ-PRODUCCION,p-esx-02.usfq.edu.ec,,,,,,,
P-IMP-GW-WAF-01A,poweredOn,False,,,/var,39243,7487,31756,80.9,,,,,,USFQ,USFQ-PRODUCCION,p-esx-02.usfq.edu.ec,,,,,,,
P-IMP-GW-WAF-01A,poweredOn,False,,,/var/log/audit,1936,40,1896,97.9,,,,,,USFQ,USFQ-PRODUCCION,p-esx-02.usfq.edu.ec,,,,,,,
P-WS-EXT-02,poweredOn,False,,,C:\,204231,138286,65945,32.3,,,,,,USFQ,USFQ-PRODUCCION,p-esx-02.usfq.edu.ec,,,,,,,
P-ACR-CLOUD-01,poweredOn,False,,,/,7916,2678,5238,66.2,,,,,,USFQ,USFQ-PRODUCCION,p-esx-02.usfq.edu.ec,,,,,,,
P-EXPEDITION-PA-01,poweredOn,False,,,/,18069,6588,11481,63.5,,,,,,USFQ,USFQ-PRODUCCION,p-esx-02.usfq.edu.ec,,,,,,,
P-EXPEDITION-PA-01,poweredOn,False,,,/boot,471,135,336,71.3,,,,,,USFQ,USFQ-PRODUCCION,p-esx-02.usfq.edu.ec,,,,,,,
P-ZB-HAPROXY-01,poweredOn,False,,,/,102441,10870,91571,89.4,,,,,,USFQ,USFQ-PRODUCCION,p-esx-02.usfq.edu.ec,,,,,,,
P-ZB-HAPROXY-01,poweredOn,False,,,/boot,2550,508,2042,80.1,,,,,,USFQ,USFQ-PRODUCCION,p-esx-02.usfq.edu.ec,,,,,,,
P-ZB-HAPROXY-01,poweredOn,False,,,/opt/sentinelone/rpm_mount,102441,10870,91571,89.4,,,,,,USFQ,USFQ-PRODUCCION,p-esx-02.usfq.edu.ec,,,,,,,
P-QUALYS-SCAN-01,poweredOn,False,,,/,1966,839,1127,57.3,,,,,,USFQ,USFQ-PRODUCCION,p-esx-02.usfq.edu.ec,,,,,,,
P-QUALYS-SCAN-01,poweredOn,False,,,/tmp,385,10,375,97.4,,,,,,USFQ,USFQ-PRODUCCION,p-esx-02.usfq.edu.ec,,,,,,,
P-QUALYS-SCAN-01,poweredOn,False,,,/var,4919,260,4659,94.7,,,,,,USFQ,USFQ-PRODUCCION,p-esx-02.usfq.edu.ec,,,,,,,
P-QUALYS-SCAN-01,poweredOn,False,,,/boot,193,24,169,87.6,,,,,,USFQ,USFQ-PRODUCCION,p-esx-02.usfq.edu.ec,,,,,,,
P-QUALYS-SCAN-01,poweredOn,False,,,/usr/local/qualys,33205,17185,16020,48.2,,,,,,USFQ,USFQ-PRODUCCION,p-esx-02.usfq.edu.ec,,,,,,,
P-FW-INV-01,poweredOn,False,,,/,7047,6075,972,13.8,,,,,,USFQ,USFQ-PRODUCCION,p-esx-02.usfq.edu.ec,,,,,,,
P-FW-INV-01,poweredOn,False,,,/opt/pancfg,16190,1877,14313,88.4,,,,,,USFQ,USFQ-PRODUCCION,p-esx-02.usfq.edu.ec,,,,,,,
P-FW-INV-01,poweredOn,False,,,/opt/panrepo,8063,2196,5867,72.8,,,,,,USFQ,USFQ-PRODUCCION,p-esx-02.usfq.edu.ec,,,,,,,
P-FW-INV-01,poweredOn,False,,,/opt/plugins/opt/pancfg/mgmt/plugins,16190,1877,14313,88.4,,,,,,USFQ,USFQ-PRODUCCION,p-esx-02.usfq.edu.ec,,,,,,,
P-FW-INV-01,poweredOn,False,,,/opt/plugins/opt/pancfg/certificates/predefined,16190,1877,14313,88.4,,,,,,USFQ,USFQ-PRODUCCION,p-esx-02.usfq.edu.ec,,,,,,,
P-FW-INV-01,poweredOn,False,,,/opt/plugins/var/appweb/htdocs/php,7047,6075,972,13.8,,,,,,USFQ,USFQ-PRODUCCION,p-esx-02.usfq.edu.ec,,,,,,,
P-FW-INV-01,poweredOn,False,,,/opt/plugins/var/appweb/htdocs/phpincludes,7047,6075,972,13.8,,,,,,USFQ,USFQ-PRODUCCION,p-esx-02.usfq.edu.ec,,,,,,,
P-FW-INV-01,poweredOn,False,,,/opt/plugins/var/appweb/htdocs/php-packages,7047,6075,972,13.8,,,,,,USFQ,USFQ-PRODUCCION,p-esx-02.usfq.edu.ec,,,,,,,
P-FW-INV-01,poweredOn,False,,,/opt/plugins/opt/pancfg/etc/appweb,16190,1877,14313,88.4,,,,,,USFQ,USFQ-PRODUCCION,p-esx-02.usfq.edu.ec,,,,,,,
P-FW-INV-01,poweredOn,False,,,/opt/plugins/opt/pancfg/mgmt/licenses,16190,1877,14313,88.4,,,,,,USFQ,USFQ-PRODUCCION,p-esx-02.usfq.edu.ec,,,,,,,
P-FW-INV-01,poweredOn,False,,,/opt/plugins/opt/pancfg/mgmt/global,16190,1877,14313,88.4,,,,,,USFQ,USFQ-PRODUCCION,p-esx-02.usfq.edu.ec,,,,,,,
P-FW-INV-01,poweredOn,False,,,/opt/plugins/opt/pancfg/mgmt/ssl/private,16190,1877,14313,88.4,,,,,,USFQ,USFQ-PRODUCCION,p-esx-02.usfq.edu.ec,,,,,,,
P-FW-INV-01,poweredOn,False,,,/opt/plugins/opt/pancfg/mgmt/tmp,16190,1877,14313,88.4,,,,,,USFQ,USFQ-PRODUCCION,p-esx-02.usfq.edu.ec,,,,,,,
P-FW-INV-01,poweredOn,False,,,/opt/plugins/opt/pancfg/tmp,16190,1877,14313,88.4,,,,,,USFQ,USFQ-PRODUCCION,p-esx-02.usfq.edu.ec,,,,,,,
P-FW-INV-01,poweredOn,False,,,/opt/plugins/opt/cache/cloudservice,7047,6075,972,13.8,,,,,,USFQ,USFQ-PRODUCCION,p-esx-02.usfq.edu.ec,,,,,,,
P-FW-INV-01,poweredOn,False,,,/opt/plugins/opt/pancfg/mgmt/groups,16190,1877,14313,88.4,,,,,,USFQ,USFQ-PRODUCCION,p-esx-02.usfq.edu.ec,,,,,,,
P-FW-INV-01,poweredOn,False,,,/opt/plugins/opt/pancfg/mgmt/templates,16190,1877,14313,88.4,,,,,,USFQ,USFQ-PRODUCCION,p-esx-02.usfq.edu.ec,,,,,,,
P-FW-INV-01,poweredOn,False,,,/opt/panlogs,21189,2210,18979,89.6,,,,,,USFQ,USFQ-PRODUCCION,p-esx-02.usfq.edu.ec,,,,,,,
P-FW-INV-01,poweredOn,False,,,/opt/plugins/opt/pancfg/mgmt/factory,16190,1877,14313,88.4,,,,,,USFQ,USFQ-PRODUCCION,p-esx-02.usfq.edu.ec,,,,,,,
P-CUSTOM-OLNX-01,poweredOn,False,,,/,102441,20068,82373,80.4,,,,,,USFQ,USFQ-PRODUCCION,p-esx-02.usfq.edu.ec,,,,,,,
P-CUSTOM-OLNX-01,poweredOn,False,,,/boot,2550,526,2024,79.4,,,,,,USFQ,USFQ-PRODUCCION,p-esx-02.usfq.edu.ec,,,,,,,
P-CUSTOM-OLNX-01,poweredOn,False,,,/home,255874,14541,241333,94.3,,,,,,USFQ,USFQ-PRODUCCION,p-esx-02.usfq.edu.ec,,,,,,,
P-CUSTOM-OLNX-01,poweredOn,False,,,/opt/sentinelone/rpm_mount,102441,20068,82373,80.4,,,,,,USFQ,USFQ-PRODUCCION,p-esx-02.usfq.edu.ec,,,,,,,
P-ZB-DB-01,poweredOn,False,,,/,1073977,646140,427837,39.8,,,,,,USFQ,USFQ-PRODUCCION,p-esx-02.usfq.edu.ec,,,,,,,
P-ZB-DB-01,poweredOn,False,,,/boot,2038,501,1537,75.4,,,,,,USFQ,USFQ-PRODUCCION,p-esx-02.usfq.edu.ec,,,,,,,
P-ZB-DB-01,poweredOn,False,,,/boot/efi,598,6,592,99.0,,,,,,USFQ,USFQ-PRODUCCION,p-esx-02.usfq.edu.ec,,,,,,,
P-ZB-DB-01,poweredOn,False,,,/opt/sentinelone/rpm_mount,1073977,646140,427837,39.8,,,,,,USFQ,USFQ-PRODUCCION,p-esx-02.usfq.edu.ec,,,,,,,
S2-P-AD-DS-04,poweredOn,False,,,C:\,152982,68285,84697,55.4,,,,,,USFQ,USFQ-SANDBOX,s-esx-01.usfq.edu.ec,,,,,,,
S2-P-ZB-DB-01,poweredOff,False,,,/,561985,51399,510586,90.9,,,,,,USFQ,USFQ-SANDBOX,s-esx-01.usfq.edu.ec,,,,,,,
S2-P-ZB-DB-01,poweredOff,False,,,/boot,2038,467,1571,77.1,,,,,,USFQ,USFQ-SANDBOX,s-esx-01.usfq.edu.ec,,,,,,,
S2-P-ZB-DB-01,poweredOff,False,,,/boot/efi,598,5,593,99.2,,,,,,USFQ,USFQ-SANDBOX,s-esx-01.usfq.edu.ec,,,,,,,
S2-P-ZB-DB-01,poweredOff,False,,,/opt/sentinelone/rpm_mount,561985,51399,510586,90.9,,,,,,USFQ,USFQ-SANDBOX,s-esx-01.usfq.edu.ec,,,,,,,
S2-P-ZB-FE-01-S,poweredOff,False,,,/,70293,6519,63774,90.7,,,,,,USFQ,USFQ-SANDBOX,s-esx-01.usfq.edu.ec,,,,,,,
S2-P-ZB-FE-01-S,poweredOff,False,,,/boot,2038,495,1543,75.7,,,,,,USFQ,USFQ-SANDBOX,s-esx-01.usfq.edu.ec,,,,,,,
S2-P-ZB-FE-01-S,poweredOff,False,,,/boot/efi,598,5,593,99.2,,,,,,USFQ,USFQ-SANDBOX,s-esx-01.usfq.edu.ec,,,,,,,
S2-P-ZB-FE-01-S,poweredOff,False,,,/opt/sentinelone/rpm_mount,70293,6519,63774,90.7,,,,,,USFQ,USFQ-SANDBOX,s-esx-01.usfq.edu.ec,,,,,,,
S-ACR-CLOUD-01,poweredOn,False,,,/,7916,1980,5936,75.0,,,,,,USFQ,USFQ-SANDBOX,s-esx-01.usfq.edu.ec,,,,,,,
S3-LNX-ROUTER-01,poweredOn,False,,,/,44430,3405,41025,92.3,,,,,,USFQ,USFQ-SANDBOX,s-esx-01.usfq.edu.ec,,,,,,,
S3-LNX-ROUTER-01,poweredOn,False,,,/boot,1014,366,648,63.9,,,,,,USFQ,USFQ-SANDBOX,s-esx-01.usfq.edu.ec,,,,,,,
S3-LNX-ROUTER-01,poweredOn,False,,,/boot/efi,598,5,593,99.2,,,,,,USFQ,USFQ-SANDBOX,s-esx-01.usfq.edu.ec,,,,,,,
S3-PA-02,poweredOn,False,,,/,6983,6361,622,8.9,,,,,,USFQ,USFQ-SANDBOX,s-esx-01.usfq.edu.ec,,,,,,,
S3-PA-02,poweredOn,False,,,/opt/pancfg,16126,2069,14057,87.2,,,,,,USFQ,USFQ-SANDBOX,s-esx-01.usfq.edu.ec,,,,,,,
S3-PA-02,poweredOn,False,,,/opt/panrepo,3935,1655,2280,57.9,,,,,,USFQ,USFQ-SANDBOX,s-esx-01.usfq.edu.ec,,,,,,,
S3-PA-02,poweredOn,False,,,/opt/plugins/opt/pancfg/mgmt/plugins,16126,2069,14057,87.2,,,,,,USFQ,USFQ-SANDBOX,s-esx-01.usfq.edu.ec,,,,,,,
S3-PA-02,poweredOn,False,,,/opt/plugins/opt/pancfg/certificates/predefined,16126,2069,14057,87.2,,,,,,USFQ,USFQ-SANDBOX,s-esx-01.usfq.edu.ec,,,,,,,
S3-PA-02,poweredOn,False,,,/opt/plugins/var/appweb/htdocs/php,6983,6361,622,8.9,,,,,,USFQ,USFQ-SANDBOX,s-esx-01.usfq.edu.ec,,,,,,,
S3-PA-02,poweredOn,False,,,/opt/plugins/var/appweb/htdocs/phpincludes,6983,6361,622,8.9,,,,,,USFQ,USFQ-SANDBOX,s-esx-01.usfq.edu.ec,,,,,,,
S3-PA-02,poweredOn,False,,,/opt/plugins/var/appweb/htdocs/php-packages,6983,6361,622,8.9,,,,,,USFQ,USFQ-SANDBOX,s-esx-01.usfq.edu.ec,,,,,,,
S3-PA-02,poweredOn,False,,,/opt/plugins/opt/pancfg/etc/appweb,16126,2069,14057,87.2,,,,,,USFQ,USFQ-SANDBOX,s-esx-01.usfq.edu.ec,,,,,,,
S3-PA-02,poweredOn,False,,,/opt/plugins/opt/pancfg/mgmt/licenses,16126,2069,14057,87.2,,,,,,USFQ,USFQ-SANDBOX,s-esx-01.usfq.edu.ec,,,,,,,
S3-PA-02,poweredOn,False,,,/opt/plugins/opt/pancfg/mgmt/global,16126,2069,14057,87.2,,,,,,USFQ,USFQ-SANDBOX,s-esx-01.usfq.edu.ec,,,,,,,
S3-PA-02,poweredOn,False,,,/opt/plugins/opt/pancfg/mgmt/ssl/private,16126,2069,14057,87.2,,,,,,USFQ,USFQ-SANDBOX,s-esx-01.usfq.edu.ec,,,,,,,
S3-PA-02,poweredOn,False,,,/opt/plugins/opt/pancfg/mgmt/tmp,16126,2069,14057,87.2,,,,,,USFQ,USFQ-SANDBOX,s-esx-01.usfq.edu.ec,,,,,,,
S3-PA-02,poweredOn,False,,,/opt/plugins/opt/cache/cloudservice,6983,6361,622,8.9,,,,,,USFQ,USFQ-SANDBOX,s-esx-01.usfq.edu.ec,,,,,,,
S3-PA-02,poweredOn,False,,,/opt/plugins/opt/pancfg/mgmt/groups,16126,2069,14057,87.2,,,,,,USFQ,USFQ-SANDBOX,s-esx-01.usfq.edu.ec,,,,,,,
S3-PA-02,poweredOn,False,,,/opt/plugins/opt/pancfg/mgmt/templates,16126,2069,14057,87.2,,,,,,USFQ,USFQ-SANDBOX,s-esx-01.usfq.edu.ec,,,,,,,
S3-PA-02,poweredOn,False,,,/opt/panlogs,4951,2732,2219,44.8,,,,,,USFQ,USFQ-SANDBOX,s-esx-01.usfq.edu.ec,,,,,,,
S3-PA-02,poweredOn,False,,,/opt/plugins/opt/pancfg/mgmt/factory,16126,2069,14057,87.2,,,,,,USFQ,USFQ-SANDBOX,s-esx-01.usfq.edu.ec,,,,,,,
S2-PA-01,poweredOn,False,,,/,6983,5946,1037,14.9,,,,,,USFQ,USFQ-SANDBOX,s-esx-01.usfq.edu.ec,,,,,,,
S2-PA-01,poweredOn,False,,,/opt/pancfg,16126,2714,13412,83.2,,,,,,USFQ,USFQ-SANDBOX,s-esx-01.usfq.edu.ec,,,,,,,
S2-PA-01,poweredOn,False,,,/opt/panrepo,7999,2937,5062,63.3,,,,,,USFQ,USFQ-SANDBOX,s-esx-01.usfq.edu.ec,,,,,,,
S2-PA-01,poweredOn,False,,,/opt/plugins/opt/pancfg/mgmt/plugins,16126,2714,13412,83.2,,,,,,USFQ,USFQ-SANDBOX,s-esx-01.usfq.edu.ec,,,,,,,
S2-PA-01,poweredOn,False,,,/opt/plugins/opt/pancfg/certificates/predefined,16126,2714,13412,83.2,,,,,,USFQ,USFQ-SANDBOX,s-esx-01.usfq.edu.ec,,,,,,,
S2-PA-01,poweredOn,False,,,/opt/plugins/var/appweb/htdocs/php,6983,5946,1037,14.9,,,,,,USFQ,USFQ-SANDBOX,s-esx-01.usfq.edu.ec,,,,,,,
S2-PA-01,poweredOn,False,,,/opt/plugins/var/appweb/htdocs/phpincludes,6983,5946,1037,14.9,,,,,,USFQ,USFQ-SANDBOX,s-esx-01.usfq.edu.ec,,,,,,,
S2-PA-01,poweredOn,False,,,/opt/plugins/var/appweb/htdocs/php-packages,6983,5946,1037,14.9,,,,,,USFQ,USFQ-SANDBOX,s-esx-01.usfq.edu.ec,,,,,,,
S2-PA-01,poweredOn,False,,,/opt/plugins/opt/pancfg/etc/appweb,16126,2714,13412,83.2,,,,,,USFQ,USFQ-SANDBOX,s-esx-01.usfq.edu.ec,,,,,,,
S2-PA-01,poweredOn,False,,,/opt/plugins/opt/pancfg/mgmt/licenses,16126,2714,13412,83.2,,,,,,USFQ,USFQ-SANDBOX,s-esx-01.usfq.edu.ec,,,,,,,
S2-PA-01,poweredOn,False,,,/opt/plugins/opt/pancfg/mgmt/global,16126,2714,13412,83.2,,,,,,USFQ,USFQ-SANDBOX,s-esx-01.usfq.edu.ec,,,,,,,
S2-PA-01,poweredOn,False,,,/opt/plugins/opt/pancfg/mgmt/ssl/private,16126,2714,13412,83.2,,,,,,USFQ,USFQ-SANDBOX,s-esx-01.usfq.edu.ec,,,,,,,
S2-PA-01,poweredOn,False,,,/opt/plugins/opt/pancfg/mgmt/tmp,16126,2714,13412,83.2,,,,,,USFQ,USFQ-SANDBOX,s-esx-01.usfq.edu.ec,,,,,,,
S2-PA-01,poweredOn,False,,,/opt/plugins/opt/cache/cloudservice,6983,5946,1037,14.9,,,,,,USFQ,USFQ-SANDBOX,s-esx-01.usfq.edu.ec,,,,,,,
S2-PA-01,poweredOn,False,,,/opt/plugins/opt/pancfg/mgmt/groups,16126,2714,13412,83.2,,,,,,USFQ,USFQ-SANDBOX,s-esx-01.usfq.edu.ec,,,,,,,
S2-PA-01,poweredOn,False,,,/opt/plugins/opt/pancfg/mgmt/templates,16126,2714,13412,83.2,,,,,,USFQ,USFQ-SANDBOX,s-esx-01.usfq.edu.ec,,,,,,,
S2-PA-01,poweredOn,False,,,/opt/panlogs,21189,10718,10471,49.4,,,,,,USFQ,USFQ-SANDBOX,s-esx-01.usfq.edu.ec,,,,,,,
S2-PA-01,poweredOn,False,,,/opt/plugins/opt/pancfg/mgmt/factory,16126,2714,13412,83.2,,,,,,USFQ,USFQ-SANDBOX,s-esx-01.usfq.edu.ec,,,,,,,
S2-LNX-ROUTER-01,poweredOn,False,,,/,44430,3408,41022,92.3,,,,,,USFQ,USFQ-SANDBOX,s-esx-01.usfq.edu.ec,,,,,,,
S2-LNX-ROUTER-01,poweredOn,False,,,/boot,1014,366,648,63.9,,,,,,USFQ,USFQ-SANDBOX,s-esx-01.usfq.edu.ec,,,,,,,
S2-LNX-ROUTER-01,poweredOn,False,,,/boot/efi,598,5,593,99.2,,,,,,USFQ,USFQ-SANDBOX,s-esx-01.usfq.edu.ec,,,,,,,
T-EVE-01,poweredOn,False,,,/,500303,117438,382865,76.5,,,,,,USFQ,USFQ-SANDBOX,s-esx-01.usfq.edu.ec,,,,,,,
T-EVE-01,poweredOn,False,,,/boot,1945,448,1497,77.0,,,,,,USFQ,USFQ-SANDBOX,s-esx-01.usfq.edu.ec,,,,,,,
T-EVE-01,poweredOn,False,,,/boot/efi,1072,6,1066,99.4,,,,,,USFQ,USFQ-SANDBOX,s-esx-01.usfq.edu.ec,,,,,,,
T-EVE-01,poweredOn,False,,,/opt/unetlab/tmp/0/9ceabc31-0e68-41ec-814a-b5003552536e/1/jail,500303,117438,382865,76.5,,,,,,USFQ,USFQ-SANDBOX,s-esx-01.usfq.edu.ec,,,,,,,
T-EVE-01,poweredOn,False,,,/opt/unetlab/tmp/0/9ceabc31-0e68-41ec-814a-b5003552536e/1/opt/qemu-1.3.1,500303,117438,382865,76.5,,,,,,USFQ,USFQ-SANDBOX,s-esx-01.usfq.edu.ec,,,,,,,
T-EVE-01,poweredOn,False,,,/opt/unetlab/tmp/0/9ceabc31-0e68-41ec-814a-b5003552536e/1/opt/qemu-2.0.2,500303,117438,382865,76.5,,,,,,USFQ,USFQ-SANDBOX,s-esx-01.usfq.edu.ec,,,,,,,
T-EVE-01,poweredOn,False,,,/opt/unetlab/tmp/0/9ceabc31-0e68-41ec-814a-b5003552536e/1/opt/qemu-2.12.0,500303,117438,382865,76.5,,,,,,USFQ,USFQ-SANDBOX,s-esx-01.usfq.edu.ec,,,,,,,
T-EVE-01,poweredOn,False,,,/opt/unetlab/tmp/0/9ceabc31-0e68-41ec-814a-b5003552536e/1/opt/qemu-2.2.0,500303,117438,382865,76.5,,,,,,USFQ,USFQ-SANDBOX,s-esx-01.usfq.edu.ec,,,,,,,
T-EVE-01,poweredOn,False,,,/opt/unetlab/tmp/0/9ceabc31-0e68-41ec-814a-b5003552536e/1/opt/qemu-2.4.0,500303,117438,382865,76.5,,,,,,USFQ,USFQ-SANDBOX,s-esx-01.usfq.edu.ec,,,,,,,
T-EVE-01,poweredOn,False,,,/opt/unetlab/tmp/0/9ceabc31-0e68-41ec-814a-b5003552536e/1/opt/qemu-2.5.0,500303,117438,382865,76.5,,,,,,USFQ,USFQ-SANDBOX,s-esx-01.usfq.edu.ec,,,,,,,
T-EVE-01,poweredOn,False,,,/opt/unetlab/tmp/0/9ceabc31-0e68-41ec-814a-b5003552536e/1/opt/qemu-2.6.2,500303,117438,382865,76.5,,,,,,USFQ,USFQ-SANDBOX,s-esx-01.usfq.edu.ec,,,,,,,
T-EVE-01,poweredOn,False,,,/opt/unetlab/tmp/0/9ceabc31-0e68-41ec-814a-b5003552536e/1/opt/qemu-3.1.0,500303,117438,382865,76.5,,,,,,USFQ,USFQ-SANDBOX,s-esx-01.usfq.edu.ec,,,,,,,
T-EVE-01,poweredOn,False,,,/opt/unetlab/tmp/0/9ceabc31-0e68-41ec-814a-b5003552536e/1/opt/qemu-4.1.0,500303,117438,382865,76.5,,,,,,USFQ,USFQ-SANDBOX,s-esx-01.usfq.edu.ec,,,,,,,
T-EVE-01,poweredOn,False,,,/opt/unetlab/tmp/0/9ceabc31-0e68-41ec-814a-b5003552536e/1/opt/qemu-5.2.0,500303,117438,382865,76.5,,,,,,USFQ,USFQ-SANDBOX,s-esx-01.usfq.edu.ec,,,,,,,
T-EVE-01,poweredOn,False,,,/opt/unetlab/tmp/0/9ceabc31-0e68-41ec-814a-b5003552536e/1/opt/qemu-6.0.0,500303,117438,382865,76.5,,,,,,USFQ,USFQ-SANDBOX,s-esx-01.usfq.edu.ec,,,,,,,
T-EVE-01,poweredOn,False,,,/opt/unetlab/tmp/0/9ceabc31-0e68-41ec-814a-b5003552536e/1/opt/qemu-7.2.9,500303,117438,382865,76.5,,,,,,USFQ,USFQ-SANDBOX,s-esx-01.usfq.edu.ec,,,,,,,
T-EVE-01,poweredOn,False,,,/opt/unetlab/tmp/0/9ceabc31-0e68-41ec-814a-b5003552536e/1/opt/qemu-8.2.1,500303,117438,382865,76.5,,,,,,USFQ,USFQ-SANDBOX,s-esx-01.usfq.edu.ec,,,,,,,
T-EVE-01,poweredOn,False,,,/opt/unetlab/tmp/0/9ceabc31-0e68-41ec-814a-b5003552536e/1/opt/qemu-9.2.2,500303,117438,382865,76.5,,,,,,USFQ,USFQ-SANDBOX,s-esx-01.usfq.edu.ec,,,,,,,
T-EVE-01,poweredOn,False,,,/opt/unetlab/tmp/0/9ceabc31-0e68-41ec-814a-b5003552536e/1/opt/unetlab/addons/qemu,500303,117438,382865,76.5,,,,,,USFQ,USFQ-SANDBOX,s-esx-01.usfq.edu.ec,,,,,,,
T-GITLAB-OLNX-01,poweredOn,False,,,/,297958,22951,275007,92.3,,,,,,USFQ,USFQ-TEST,t-esx-02.usfq.edu.ec,,,,,,,
T-GITLAB-OLNX-01,poweredOn,False,,,/boot,1014,203,811,80.0,,,,,,USFQ,USFQ-TEST,t-esx-02.usfq.edu.ec,,,,,,,
T-GITLAB-OLNX-01,poweredOn,False,,,/opt/sentinelone/rpm_mount,297958,22951,275007,92.3,,,,,,USFQ,USFQ-TEST,t-esx-02.usfq.edu.ec,,,,,,,
T-BAN-APP-04,poweredOn,False,,,/,19990,212,19778,98.9,,,,,,USFQ,USFQ-TEST,t-esx-02.usfq.edu.ec,,,,,,,
T-BAN-APP-04,poweredOn,False,,,/usr,14990,6792,8198,54.7,,,,,,USFQ,USFQ-TEST,t-esx-02.usfq.edu.ec,,,,,,,
T-BAN-APP-04,poweredOn,False,,,/tmp,9990,103,9887,99.0,,,,,,USFQ,USFQ-TEST,t-esx-02.usfq.edu.ec,,,,,,,
T-BAN-APP-04,poweredOn,False,,,/u01,61336,650,60686,98.9,,,,,,USFQ,USFQ-TEST,t-esx-02.usfq.edu.ec,,,,,,,
T-BAN-APP-04,poweredOn,False,,,/opt,9990,1741,8249,82.6,,,,,,USFQ,USFQ-TEST,t-esx-02.usfq.edu.ec,,,,,,,
T-BAN-APP-04,poweredOn,False,,,/var,55950,7621,48329,86.4,,,,,,USFQ,USFQ-TEST,t-esx-02.usfq.edu.ec,,,,,,,
T-BAN-APP-04,poweredOn,False,,,/boot,1014,468,546,53.8,,,,,,USFQ,USFQ-TEST,t-esx-02.usfq.edu.ec,,,,,,,
T-BAN-APP-04,poweredOn,False,,,/boot/efi,598,6,592,99.0,,,,,,USFQ,USFQ-TEST,t-esx-02.usfq.edu.ec,,,,,,,
T-BAN-APP-04,poweredOn,False,,,/home,14990,1000,13990,93.3,,,,,,USFQ,USFQ-TEST,t-esx-02.usfq.edu.ec,,,,,,,
T-BAN-APP-04,poweredOn,False,,,/opt/sentinelone/rpm_mount,55950,7621,48329,86.4,,,,,,USFQ,USFQ-TEST,t-esx-02.usfq.edu.ec,,,,,,,
T-ACR-CLOUD-01,poweredOn,False,,,/,7916,1951,5965,75.4,,,,,,USFQ,USFQ-TEST,t-esx-02.usfq.edu.ec,,,,,,,
T-BAN-BEPBRIM-01,poweredOn,False,,,/,19990,199,19791,99.0,,,,,,USFQ,USFQ-TEST,t-esx-02.usfq.edu.ec,,,,,,,
T-BAN-BEPBRIM-01,poweredOn,False,,,/usr,14990,5197,9793,65.3,,,,,,USFQ,USFQ-TEST,t-esx-02.usfq.edu.ec,,,,,,,
T-BAN-BEPBRIM-01,poweredOn,False,,,/home,14990,172,14818,98.9,,,,,,USFQ,USFQ-TEST,t-esx-02.usfq.edu.ec,,,,,,,
T-BAN-BEPBRIM-01,poweredOn,False,,,/tmp,9990,103,9887,99.0,,,,,,USFQ,USFQ-TEST,t-esx-02.usfq.edu.ec,,,,,,,
T-BAN-BEPBRIM-01,poweredOn,False,,,/u01,61336,2674,58662,95.6,,,,,,USFQ,USFQ-TEST,t-esx-02.usfq.edu.ec,,,,,,,
T-BAN-BEPBRIM-01,poweredOn,False,,,/boot,1014,499,515,50.8,,,,,,USFQ,USFQ-TEST,t-esx-02.usfq.edu.ec,,,,,,,
T-BAN-BEPBRIM-01,poweredOn,False,,,/opt,9990,102,9888,99.0,,,,,,USFQ,USFQ-TEST,t-esx-02.usfq.edu.ec,,,,,,,
T-BAN-BEPBRIM-01,poweredOn,False,,,/boot/efi,598,6,592,99.0,,,,,,USFQ,USFQ-TEST,t-esx-02.usfq.edu.ec,,,,,,,
T-BAN-BEPBRIM-01,poweredOn,False,,,/var,55950,2950,53000,94.7,,,,,,USFQ,USFQ-TEST,t-esx-02.usfq.edu.ec,,,,,,,
T-VM-PA-01,poweredOn,False,,,/,12127,6189,5938,49.0,,,,,,USFQ,USFQ-TEST,t-esx-02.usfq.edu.ec,,,,,,,
T-VM-PA-01,poweredOn,False,,,/opt/pancfg,16190,3178,13012,80.4,,,,,,USFQ,USFQ-TEST,t-esx-02.usfq.edu.ec,,,,,,,
T-VM-PA-01,poweredOn,False,,,/opt/panrepo,8063,2633,5430,67.3,,,,,,USFQ,USFQ-TEST,t-esx-02.usfq.edu.ec,,,,,,,
T-VM-PA-01,poweredOn,False,,,/opt/plugins/opt/pancfg/mgmt/plugins,16190,3178,13012,80.4,,,,,,USFQ,USFQ-TEST,t-esx-02.usfq.edu.ec,,,,,,,
T-VM-PA-01,poweredOn,False,,,/opt/plugins/opt/pancfg/certificates/predefined,16190,3178,13012,80.4,,,,,,USFQ,USFQ-TEST,t-esx-02.usfq.edu.ec,,,,,,,
T-VM-PA-01,poweredOn,False,,,/opt/plugins/var/appweb/htdocs/php,12127,6189,5938,49.0,,,,,,USFQ,USFQ-TEST,t-esx-02.usfq.edu.ec,,,,,,,
T-VM-PA-01,poweredOn,False,,,/opt/plugins/var/appweb/htdocs/phpincludes,12127,6189,5938,49.0,,,,,,USFQ,USFQ-TEST,t-esx-02.usfq.edu.ec,,,,,,,
T-VM-PA-01,poweredOn,False,,,/opt/plugins/var/appweb/htdocs/php-packages,12127,6189,5938,49.0,,,,,,USFQ,USFQ-TEST,t-esx-02.usfq.edu.ec,,,,,,,
T-VM-PA-01,poweredOn,False,,,/opt/plugins/opt/pancfg/etc/appweb,16190,3178,13012,80.4,,,,,,USFQ,USFQ-TEST,t-esx-02.usfq.edu.ec,,,,,,,
T-VM-PA-01,poweredOn,False,,,/opt/plugins/opt/pancfg/mgmt/licenses,16190,3178,13012,80.4,,,,,,USFQ,USFQ-TEST,t-esx-02.usfq.edu.ec,,,,,,,
T-VM-PA-01,poweredOn,False,,,/opt/plugins/opt/pancfg/mgmt/global,16190,3178,13012,80.4,,,,,,USFQ,USFQ-TEST,t-esx-02.usfq.edu.ec,,,,,,,
T-VM-PA-01,poweredOn,False,,,/opt/plugins/opt/pancfg/mgmt/ssl/private,16190,3178,13012,80.4,,,,,,USFQ,USFQ-TEST,t-esx-02.usfq.edu.ec,,,,,,,
T-VM-PA-01,poweredOn,False,,,/opt/plugins/opt/pancfg/mgmt/tmp,16190,3178,13012,80.4,,,,,,USFQ,USFQ-TEST,t-esx-02.usfq.edu.ec,,,,,,,
T-VM-PA-01,poweredOn,False,,,/opt/plugins/opt/pancfg/tmp,16190,3178,13012,80.4,,,,,,USFQ,USFQ-TEST,t-esx-02.usfq.edu.ec,,,,,,,
T-VM-PA-01,poweredOn,False,,,/opt/plugins/opt/cache/cloudservice,12127,6189,5938,49.0,,,,,,USFQ,USFQ-TEST,t-esx-02.usfq.edu.ec,,,,,,,
T-VM-PA-01,poweredOn,False,,,/opt/plugins/opt/pancfg/mgmt/groups,16190,3178,13012,80.4,,,,,,USFQ,USFQ-TEST,t-esx-02.usfq.edu.ec,,,,,,,
T-VM-PA-01,poweredOn,False,,,/opt/plugins/opt/pancfg/mgmt/templates,16190,3178,13012,80.4,,,,,,USFQ,USFQ-TEST,t-esx-02.usfq.edu.ec,,,,,,,
T-VM-PA-01,poweredOn,False,,,/opt/plugins/etc/pki/tls/certs,12127,6189,5938,49.0,,,,,,USFQ,USFQ-TEST,t-esx-02.usfq.edu.ec,,,,,,,
T-VM-PA-01,poweredOn,False,,,/opt/panlogs,351751,28390,323361,91.9,,,,,,USFQ,USFQ-TEST,t-esx-02.usfq.edu.ec,,,,,,,
T-VM-PA-01,poweredOn,False,,,/opt/plugins/opt/pancfg/mgmt/factory,16190,3178,13012,80.4,,,,,,USFQ,USFQ-TEST,t-esx-02.usfq.edu.ec,,,,,,,
D-CUSTOM-01,poweredOn,False,,,/,102441,23328,79113,77.2,,,,,,USFQ,USFQ-TEST,t-esx-02.usfq.edu.ec,,,,,,,
D-CUSTOM-01,poweredOn,False,,,/home,255874,8152,247722,96.8,,,,,,USFQ,USFQ-TEST,t-esx-02.usfq.edu.ec,,,,,,,
D-CUSTOM-01,poweredOn,False,,,/boot,2550,486,2064,80.9,,,,,,USFQ,USFQ-TEST,t-esx-02.usfq.edu.ec,,,,,,,
D-CUSTOM-01,poweredOn,False,,,/opt/sentinelone/rpm_mount,102441,23328,79113,77.2,,,,,,USFQ,USFQ-TEST,t-esx-02.usfq.edu.ec,,,,,,,
T-FIN-MS-01,poweredOn,False,,,/,102441,95638,6803,6.6,,,,,,USFQ,USFQ-TEST,t-esx-02.usfq.edu.ec,,,,,,,
T-FIN-MS-01,poweredOn,False,,,/boot,2550,514,2036,79.8,,,,,,USFQ,USFQ-TEST,t-esx-02.usfq.edu.ec,,,,,,,
T-FIN-MS-01,poweredOn,False,,,/opt/sentinelone/rpm_mount,102441,95638,6803,6.6,,,,,,USFQ,USFQ-TEST,t-esx-02.usfq.edu.ec,,,,,,,
T-POC-LUMU-01,poweredOff,False,,,/,29353,13527,15826,53.9,,,,,,USFQ,USFQ-TEST,t-esx-02.usfq.edu.ec,,,,,,,
T-BAN-APP-05,poweredOn,False,,,/,19990,212,19778,98.9,,,,,,USFQ,USFQ-TEST,t-esx-02.usfq.edu.ec,,,,,,,
T-BAN-APP-05,poweredOn,False,,,/usr,14990,6847,8143,54.3,,,,,,USFQ,USFQ-TEST,t-esx-02.usfq.edu.ec,,,,,,,
T-BAN-APP-05,poweredOn,False,,,/u01,61336,3720,57616,93.9,,,,,,USFQ,USFQ-TEST,t-esx-02.usfq.edu.ec,,,,,,,
T-BAN-APP-05,poweredOn,False,,,/var,55950,4853,51097,91.3,,,,,,USFQ,USFQ-TEST,t-esx-02.usfq.edu.ec,,,,,,,
T-BAN-APP-05,poweredOn,False,,,/boot,1014,468,546,53.8,,,,,,USFQ,USFQ-TEST,t-esx-02.usfq.edu.ec,,,,,,,
T-BAN-APP-05,poweredOn,False,,,/opt,9990,1856,8134,81.4,,,,,,USFQ,USFQ-TEST,t-esx-02.usfq.edu.ec,,,,,,,
T-BAN-APP-05,poweredOn,False,,,/boot/efi,598,6,592,99.0,,,,,,USFQ,USFQ-TEST,t-esx-02.usfq.edu.ec,,,,,,,
T-BAN-APP-05,poweredOn,False,,,/tmp,9990,103,9887,99.0,,,,,,USFQ,USFQ-TEST,t-esx-02.usfq.edu.ec,,,,,,,
T-BAN-APP-05,poweredOn,False,,,/home,14990,1407,13583,90.6,,,,,,USFQ,USFQ-TEST,t-esx-02.usfq.edu.ec,,,,,,,
T-BAN-APP-05,poweredOn,False,,,/opt/sentinelone/rpm_mount,55950,4853,51097,91.3,,,,,,USFQ,USFQ-TEST,t-esx-02.usfq.edu.ec,,,,,,,
P-ANS-01,poweredOn,False,,,/,17194,14489,2705,15.7,,,,,,USFQ,USFQ-TEST,t-esx-02.usfq.edu.ec,,,,,,,
P-ANS-01,poweredOn,False,,,/boot,1014,357,657,64.8,,,,,,USFQ,USFQ-TEST,t-esx-02.usfq.edu.ec,,,,,,,
P-ANS-01,poweredOn,False,,,/boot/efi,199,7,192,96.5,,,,,,USFQ,USFQ-TEST,t-esx-02.usfq.edu.ec,,,,,,,
P-ANS-01,poweredOn,False,,,/opt/sentinelone/rpm_mount,17194,14489,2705,15.7,,,,,,USFQ,USFQ-TEST,t-esx-02.usfq.edu.ec,,,,,,,
T-BAN-ADMP-01,poweredOn,False,,,/,19990,212,19778,98.9,,,,,,USFQ,USFQ-TEST,t-esx-02.usfq.edu.ec,,,,,,,
T-BAN-ADMP-01,poweredOn,False,,,/usr,14990,6814,8176,54.5,,,,,,USFQ,USFQ-TEST,t-esx-02.usfq.edu.ec,,,,,,,
T-BAN-ADMP-01,poweredOn,False,,,/boot,1014,468,546,53.8,,,,,,USFQ,USFQ-TEST,t-esx-02.usfq.edu.ec,,,,,,,
T-BAN-ADMP-01,poweredOn,False,,,/opt,9990,1801,8189,82.0,,,,,,USFQ,USFQ-TEST,t-esx-02.usfq.edu.ec,,,,,,,
T-BAN-ADMP-01,poweredOn,False,,,/u01,61336,5206,56130,91.5,,,,,,USFQ,USFQ-TEST,t-esx-02.usfq.edu.ec,,,,,,,
T-BAN-ADMP-01,poweredOn,False,,,/home,14990,1389,13601,90.7,,,,,,USFQ,USFQ-TEST,t-esx-02.usfq.edu.ec,,,,,,,
T-BAN-ADMP-01,poweredOn,False,,,/var,55950,2835,53115,94.9,,,,,,USFQ,USFQ-TEST,t-esx-02.usfq.edu.ec,,,,,,,
T-BAN-ADMP-01,poweredOn,False,,,/tmp,9990,103,9887,99.0,,,,,,USFQ,USFQ-TEST,t-esx-02.usfq.edu.ec,,,,,,,
T-BAN-ADMP-01,poweredOn,False,,,/boot/efi,598,6,592,99.0,,,,,,USFQ,USFQ-TEST,t-esx-02.usfq.edu.ec,,,,,,,
T-BAN-ADMP-01,poweredOn,False,,,/opt/sentinelone/rpm_mount,55950,2835,53115,94.9,,,,,,USFQ,USFQ-TEST,t-esx-02.usfq.edu.ec,,,,,,,
T-WIN-10,poweredOn,False,,,C:\,204158,161680,42478,20.8,,,,,,USFQ,USFQ-TEST,t-esx-01.usfq.edu.ec,,,,,,,
T-WIN-10,poweredOn,False,,,E:\,102381,75243,27138,26.5,,,,,,USFQ,USFQ-TEST,t-esx-01.usfq.edu.ec,,,,,,,
T-BAN-SSB-01,poweredOn,False,,,/,19990,212,19778,98.9,,,,,,USFQ,USFQ-TEST,t-esx-01.usfq.edu.ec,,,,,,,
T-BAN-SSB-01,poweredOn,False,,,/usr,14990,6913,8077,53.9,,,,,,USFQ,USFQ-TEST,t-esx-01.usfq.edu.ec,,,,,,,
T-BAN-SSB-01,poweredOn,False,,,/u01,61336,1987,59349,96.8,,,,,,USFQ,USFQ-TEST,t-esx-01.usfq.edu.ec,,,,,,,
T-BAN-SSB-01,poweredOn,False,,,/boot,1014,469,545,53.7,,,,,,USFQ,USFQ-TEST,t-esx-01.usfq.edu.ec,,,,,,,
T-BAN-SSB-01,poweredOn,False,,,/boot/efi,598,6,592,99.0,,,,,,USFQ,USFQ-TEST,t-esx-01.usfq.edu.ec,,,,,,,
T-BAN-SSB-01,poweredOn,False,,,/var,55950,3909,52041,93.0,,,,,,USFQ,USFQ-TEST,t-esx-01.usfq.edu.ec,,,,,,,
T-BAN-SSB-01,poweredOn,False,,,/home,14990,1744,13246,88.4,,,,,,USFQ,USFQ-TEST,t-esx-01.usfq.edu.ec,,,,,,,
T-BAN-SSB-01,poweredOn,False,,,/tmp,9990,103,9887,99.0,,,,,,USFQ,USFQ-TEST,t-esx-01.usfq.edu.ec,,,,,,,
T-BAN-SSB-01,poweredOn,False,,,/opt,9990,1738,8252,82.6,,,,,,USFQ,USFQ-TEST,t-esx-01.usfq.edu.ec,,,,,,,
T-BAN-SSB-01,poweredOn,False,,,/opt/sentinelone/rpm_mount,55950,3909,52041,93.0,,,,,,USFQ,USFQ-TEST,t-esx-01.usfq.edu.ec,,,,,,,
D-CUSTOM-02,poweredOn,False,,,/,92115,11937,80178,87.0,,,,,,USFQ,USFQ-TEST,t-esx-01.usfq.edu.ec,,,,,,,
D-CUSTOM-02,poweredOn,False,,,/home,102350,3869,98481,96.2,,,,,,USFQ,USFQ-TEST,t-esx-01.usfq.edu.ec,,,,,,,
D-CUSTOM-02,poweredOn,False,,,/boot,1014,498,516,50.9,,,,,,USFQ,USFQ-TEST,t-esx-01.usfq.edu.ec,,,,,,,
D-CUSTOM-02,poweredOn,False,,,/boot/efi,598,6,592,99.0,,,,,,USFQ,USFQ-TEST,t-esx-01.usfq.edu.ec,,,,,,,
D-CUSTOM-02,poweredOn,False,,,/opt/sentinelone/rpm_mount,92115,11937,80178,87.0,,,,,,USFQ,USFQ-TEST,t-esx-01.usfq.edu.ec,,,,,,,
T-ACR-CLOUD-02,poweredOn,False,,,/,7916,2011,5905,74.6,,,,,,USFQ,USFQ-TEST,t-esx-01.usfq.edu.ec,,,,,,,
T-ACR-CLOUD-02,poweredOn,False,,,/tmp/.temp_mount_PonuZ5,14990,7186,7804,52.1,,,,,,USFQ,USFQ-TEST,t-esx-01.usfq.edu.ec,,,,,,,
T-BAN-APP-06,poweredOn,False,,,/,19990,212,19778,98.9,,,,,,USFQ,USFQ-TEST,t-esx-01.usfq.edu.ec,,,,,,,
T-BAN-APP-06,poweredOn,False,,,/usr,14990,6514,8476,56.5,,,,,,USFQ,USFQ-TEST,t-esx-01.usfq.edu.ec,,,,,,,
T-BAN-APP-06,poweredOn,False,,,/tmp,9990,103,9887,99.0,,,,,,USFQ,USFQ-TEST,t-esx-01.usfq.edu.ec,,,,,,,
T-BAN-APP-06,poweredOn,False,,,/opt,9990,2001,7989,80.0,,,,,,USFQ,USFQ-TEST,t-esx-01.usfq.edu.ec,,,,,,,
T-BAN-APP-06,poweredOn,False,,,/boot,1014,500,514,50.7,,,,,,USFQ,USFQ-TEST,t-esx-01.usfq.edu.ec,,,,,,,
T-BAN-APP-06,poweredOn,False,,,/boot/efi,598,6,592,99.0,,,,,,USFQ,USFQ-TEST,t-esx-01.usfq.edu.ec,,,,,,,
T-BAN-APP-06,poweredOn,False,,,/u01,61336,632,60704,99.0,,,,,,USFQ,USFQ-TEST,t-esx-01.usfq.edu.ec,,,,,,,
T-BAN-APP-06,poweredOn,False,,,/home,14990,451,14539,97.0,,,,,,USFQ,USFQ-TEST,t-esx-01.usfq.edu.ec,,,,,,,
T-BAN-APP-06,poweredOn,False,,,/var,14990,2948,12042,80.3,,,,,,USFQ,USFQ-TEST,t-esx-01.usfq.edu.ec,,,,,,,
T-BAN-APP-06,poweredOn,False,,,/opt/sentinelone/rpm_mount,14990,2948,12042,80.3,,,,,,USFQ,USFQ-TEST,t-esx-01.usfq.edu.ec,,,,,,,
D-HUBI-LNX-02,poweredOn,False,,,/,51175,9805,41370,80.8,,,,,,USFQ,USFQ-TEST,t-esx-01.usfq.edu.ec,,,,,,,
D-HUBI-LNX-02,poweredOn,False,,,/home,307050,244887,62163,20.2,,,,,,USFQ,USFQ-TEST,t-esx-01.usfq.edu.ec,,,,,,,
D-HUBI-LNX-02,poweredOn,False,,,/var,137149,3180,133969,97.7,,,,,,USFQ,USFQ-TEST,t-esx-01.usfq.edu.ec,,,,,,,
D-HUBI-LNX-02,poweredOn,False,,,/boot,1014,331,683,67.4,,,,,,USFQ,USFQ-TEST,t-esx-01.usfq.edu.ec,,,,,,,
D-HUBI-LNX-02,poweredOn,False,,,/opt/sentinelone/rpm_mount,137149,3180,133969,97.7,,,,,,USFQ,USFQ-TEST,t-esx-01.usfq.edu.ec,,,,,,,
T-BAN-BATCH-01,poweredOn,False,,,/,21989,226,21763,99.0,,,,,,USFQ,USFQ-TEST,t-esx-01.usfq.edu.ec,,,,,,,
T-BAN-BATCH-01,poweredOn,False,,,/usr,14990,7186,7804,52.1,,,,,,USFQ,USFQ-TEST,t-esx-01.usfq.edu.ec,,,,,,,
T-BAN-BATCH-01,poweredOn,False,,,/opt,9990,1705,8285,82.9,,,,,,USFQ,USFQ-TEST,t-esx-01.usfq.edu.ec,,,,,,,
T-BAN-BATCH-01,poweredOn,False,,,/u01,204696,89270,115426,56.4,,,,,,USFQ,USFQ-TEST,t-esx-01.usfq.edu.ec,,,,,,,
T-BAN-BATCH-01,poweredOn,False,,,/var,55950,2527,53423,95.5,,,,,,USFQ,USFQ-TEST,t-esx-01.usfq.edu.ec,,,,,,,
T-BAN-BATCH-01,poweredOn,False,,,/home,14990,2375,12615,84.2,,,,,,USFQ,USFQ-TEST,t-esx-01.usfq.edu.ec,,,,,,,
T-BAN-BATCH-01,poweredOn,False,,,/boot,1014,468,546,53.8,,,,,,USFQ,USFQ-TEST,t-esx-01.usfq.edu.ec,,,,,,,
T-BAN-BATCH-01,poweredOn,False,,,/boot/efi,598,6,592,99.0,,,,,,USFQ,USFQ-TEST,t-esx-01.usfq.edu.ec,,,,,,,
T-BAN-BATCH-01,poweredOn,False,,,/tmp,9990,103,9887,99.0,,,,,,USFQ,USFQ-TEST,t-esx-01.usfq.edu.ec,,,,,,,
T-BAN-BATCH-01,poweredOn,False,,,/opt/sentinelone/rpm_mount,55950,2527,53423,95.5,,,,,,USFQ,USFQ-TEST,t-esx-01.usfq.edu.ec,,,,,,,
T-BAN-APP-02,poweredOn,False,,,/,19990,212,19778,98.9,,,,,,USFQ,USFQ-TEST,t-esx-01.usfq.edu.ec,,,,,,,
T-BAN-APP-02,poweredOn,False,,,/usr,14990,6812,8178,54.6,,,,,,USFQ,USFQ-TEST,t-esx-01.usfq.edu.ec,,,,,,,
T-BAN-APP-02,poweredOn,False,,,/u01,61336,50579,10757,17.5,,,,,,USFQ,USFQ-TEST,t-esx-01.usfq.edu.ec,,,,,,,
T-BAN-APP-02,poweredOn,False,,,/var,55950,4781,51169,91.5,,,,,,USFQ,USFQ-TEST,t-esx-01.usfq.edu.ec,,,,,,,
T-BAN-APP-02,poweredOn,False,,,/home,14990,3339,11651,77.7,,,,,,USFQ,USFQ-TEST,t-esx-01.usfq.edu.ec,,,,,,,
T-BAN-APP-02,poweredOn,False,,,/boot,1014,468,546,53.8,,,,,,USFQ,USFQ-TEST,t-esx-01.usfq.edu.ec,,,,,,,
T-BAN-APP-02,poweredOn,False,,,/boot/efi,598,6,592,99.0,,,,,,USFQ,USFQ-TEST,t-esx-01.usfq.edu.ec,,,,,,,
T-BAN-APP-02,poweredOn,False,,,/opt,9990,1756,8234,82.4,,,,,,USFQ,USFQ-TEST,t-esx-01.usfq.edu.ec,,,,,,,
T-BAN-APP-02,poweredOn,False,,,/tmp,9990,103,9887,99.0,,,,,,USFQ,USFQ-TEST,t-esx-01.usfq.edu.ec,,,,,,,
T-BAN-APP-02,poweredOn,False,,,/opt/sentinelone/rpm_mount,55950,4781,51169,91.5,,,,,,USFQ,USFQ-TEST,t-esx-01.usfq.edu.ec,,,,,,,
T-BAN-APP-01,poweredOn,False,,,/,19990,212,19778,98.9,,,,,,USFQ,USFQ-TEST,t-esx-01.usfq.edu.ec,,,,,,,
T-BAN-APP-01,poweredOn,False,,,/usr,14990,6837,8153,54.4,,,,,,USFQ,USFQ-TEST,t-esx-01.usfq.edu.ec,,,,,,,
T-BAN-APP-01,poweredOn,False,,,/tmp,9990,103,9887,99.0,,,,,,USFQ,USFQ-TEST,t-esx-01.usfq.edu.ec,,,,,,,
T-BAN-APP-01,poweredOn,False,,,/home,14990,6422,8568,57.2,,,,,,USFQ,USFQ-TEST,t-esx-01.usfq.edu.ec,,,,,,,
T-BAN-APP-01,poweredOn,False,,,/u01,61336,52642,8694,14.2,,,,,,USFQ,USFQ-TEST,t-esx-01.usfq.edu.ec,,,,,,,
T-BAN-APP-01,poweredOn,False,,,/boot,1014,468,546,53.8,,,,,,USFQ,USFQ-TEST,t-esx-01.usfq.edu.ec,,,,,,,
T-BAN-APP-01,poweredOn,False,,,/var,96910,7058,89852,92.7,,,,,,USFQ,USFQ-TEST,t-esx-01.usfq.edu.ec,,,,,,,
T-BAN-APP-01,poweredOn,False,,,/boot/efi,598,6,592,99.0,,,,,,USFQ,USFQ-TEST,t-esx-01.usfq.edu.ec,,,,,,,
T-BAN-APP-01,poweredOn,False,,,/opt,9990,1915,8075,80.8,,,,,,USFQ,USFQ-TEST,t-esx-01.usfq.edu.ec,,,,,,,
T-BAN-APP-01,poweredOn,False,,,/opt/sentinelone/rpm_mount,96910,7058,89852,92.7,,,,,,USFQ,USFQ-TEST,t-esx-01.usfq.edu.ec,,,,,,,
T-BAN-APP-03,poweredOn,False,,,/,19990,212,19778,98.9,,,,,,USFQ,USFQ-TEST,t-esx-01.usfq.edu.ec,,,,,,,
T-BAN-APP-03,poweredOn,False,,,/usr,14990,6846,8144,54.3,,,,,,USFQ,USFQ-TEST,t-esx-01.usfq.edu.ec,,,,,,,
T-BAN-APP-03,poweredOn,False,,,/tmp,9990,103,9887,99.0,,,,,,USFQ,USFQ-TEST,t-esx-01.usfq.edu.ec,,,,,,,
T-BAN-APP-03,poweredOn,False,,,/opt,9990,1787,8203,82.1,,,,,,USFQ,USFQ-TEST,t-esx-01.usfq.edu.ec,,,,,,,
T-BAN-APP-03,poweredOn,False,,,/u01,61336,32398,28938,47.2,,,,,,USFQ,USFQ-TEST,t-esx-01.usfq.edu.ec,,,,,,,
T-BAN-APP-03,poweredOn,False,,,/var,55950,4573,51377,91.8,,,,,,USFQ,USFQ-TEST,t-esx-01.usfq.edu.ec,,,,,,,
T-BAN-APP-03,poweredOn,False,,,/boot,1014,468,546,53.8,,,,,,USFQ,USFQ-TEST,t-esx-01.usfq.edu.ec,,,,,,,
T-BAN-APP-03,poweredOn,False,,,/boot/efi,598,6,592,99.0,,,,,,USFQ,USFQ-TEST,t-esx-01.usfq.edu.ec,,,,,,,
T-BAN-APP-03,poweredOn,False,,,/home,14990,1407,13583,90.6,,,,,,USFQ,USFQ-TEST,t-esx-01.usfq.edu.ec,,,,,,,
T-BAN-APP-03,poweredOn,False,,,/opt/sentinelone/rpm_mount,55950,4573,51377,91.8,,,,,,USFQ,USFQ-TEST,t-esx-01.usfq.edu.ec,,,,,,,
T-BAN-ETHOS-01,poweredOn,False,,,/,19990,212,19778,98.9,,,,,,USFQ,USFQ-TEST,t-esx-01.usfq.edu.ec,,,,,,,
T-BAN-ETHOS-01,poweredOn,False,,,/usr,14990,6849,8141,54.3,,,,,,USFQ,USFQ-TEST,t-esx-01.usfq.edu.ec,,,,,,,
T-BAN-ETHOS-01,poweredOn,False,,,/opt,9990,1830,8160,81.7,,,,,,USFQ,USFQ-TEST,t-esx-01.usfq.edu.ec,,,,,,,
T-BAN-ETHOS-01,poweredOn,False,,,/boot,1014,470,544,53.6,,,,,,USFQ,USFQ-TEST,t-esx-01.usfq.edu.ec,,,,,,,
T-BAN-ETHOS-01,poweredOn,False,,,/u01,61336,26397,34939,57.0,,,,,,USFQ,USFQ-TEST,t-esx-01.usfq.edu.ec,,,,,,,
T-BAN-ETHOS-01,poweredOn,False,,,/tmp,9990,103,9887,99.0,,,,,,USFQ,USFQ-TEST,t-esx-01.usfq.edu.ec,,,,,,,
T-BAN-ETHOS-01,poweredOn,False,,,/boot/efi,598,6,592,99.0,,,,,,USFQ,USFQ-TEST,t-esx-01.usfq.edu.ec,,,,,,,
T-BAN-ETHOS-01,poweredOn,False,,,/var,40950,4720,36230,88.5,,,,,,USFQ,USFQ-TEST,t-esx-01.usfq.edu.ec,,,,,,,
T-BAN-ETHOS-01,poweredOn,False,,,/home,14990,4458,10532,70.3,,,,,,USFQ,USFQ-TEST,t-esx-01.usfq.edu.ec,,,,,,,
T-BAN-ETHOS-01,poweredOn,False,,,/opt/sentinelone/rpm_mount,40950,4720,36230,88.5,,,,,,USFQ,USFQ-TEST,t-esx-01.usfq.edu.ec,,,,,,,
T-RESERVAS-C7-01,poweredOn,False,,,/,101078,55509,45569,45.1,,,,,,USFQ,USFQ-TEST,t-esx-01.usfq.edu.ec,,,,,,,
T-RESERVAS-C7-01,poweredOn,False,,,/home,143533,117560,25973,18.1,,,,,,USFQ,USFQ-TEST,t-esx-01.usfq.edu.ec,,,,,,,
T-RESERVAS-C7-01,poweredOn,False,,,/boot,1014,289,725,71.5,,,,,,USFQ,USFQ-TEST,t-esx-01.usfq.edu.ec,,,,,,,
T-RESERVAS-C7-01,poweredOn,False,,,/opt/sentinelone/rpm_mount,101078,55509,45569,45.1,,,,,,USFQ,USFQ-TEST,t-esx-01.usfq.edu.ec,,,,,,,
T-BAN-ESM-01,poweredOn,False,,,/,19990,212,19778,98.9,,,,,,USFQ,USFQ-TEST,t-esx-01.usfq.edu.ec,,,,,,,
T-BAN-ESM-01,poweredOn,False,,,/usr,11990,6656,5334,44.5,,,,,,USFQ,USFQ-TEST,t-esx-01.usfq.edu.ec,,,,,,,
T-BAN-ESM-01,poweredOn,False,,,/var,14990,4134,10856,72.4,,,,,,USFQ,USFQ-TEST,t-esx-01.usfq.edu.ec,,,,,,,
T-BAN-ESM-01,poweredOn,False,,,/u02,307042,261376,45666,14.9,,,,,,USFQ,USFQ-TEST,t-esx-01.usfq.edu.ec,,,,,,,
T-BAN-ESM-01,poweredOn,False,,,/u01,40860,1704,39156,95.8,,,,,,USFQ,USFQ-TEST,t-esx-01.usfq.edu.ec,,,,,,,
T-BAN-ESM-01,poweredOn,False,,,/boot,1014,468,546,53.8,,,,,,USFQ,USFQ-TEST,t-esx-01.usfq.edu.ec,,,,,,,
T-BAN-ESM-01,poweredOn,False,,,/tmp,9990,103,9887,99.0,,,,,,USFQ,USFQ-TEST,t-esx-01.usfq.edu.ec,,,,,,,
T-BAN-ESM-01,poweredOn,False,,,/boot/efi,598,6,592,99.0,,,,,,USFQ,USFQ-TEST,t-esx-01.usfq.edu.ec,,,,,,,
T-BAN-ESM-01,poweredOn,False,,,/opt,9990,1847,8143,81.5,,,,,,USFQ,USFQ-TEST,t-esx-01.usfq.edu.ec,,,,,,,
T-BAN-ESM-01,poweredOn,False,,,/home,14990,1503,13487,90.0,,,,,,USFQ,USFQ-TEST,t-esx-01.usfq.edu.ec,,,,,,,
T-BAN-ESM-01,poweredOn,False,,,/opt/sentinelone/rpm_mount,14990,4134,10856,72.4,,,,,,USFQ,USFQ-TEST,t-esx-01.usfq.edu.ec,,,,,,,
T-APP-REDCAP-OLN-01,poweredOn,False,,,/,64956,7012,57944,89.2,,,,,,USFQ,USFQ-TEST,t-esx-01.usfq.edu.ec,,,,,,,
T-APP-REDCAP-OLN-01,poweredOn,False,,,/boot,1014,468,546,53.8,,,,,,USFQ,USFQ-TEST,t-esx-01.usfq.edu.ec,,,,,,,
T-APP-REDCAP-OLN-01,poweredOn,False,,,/boot/efi,598,6,592,99.0,,,,,,USFQ,USFQ-TEST,t-esx-01.usfq.edu.ec,,,,,,,
T-APP-REDCAP-OLN-01,poweredOn,False,,,/home,31712,18332,13380,42.2,,,,,,USFQ,USFQ-TEST,t-esx-01.usfq.edu.ec,,,,,,,
T-APP-REDCAP-OLN-01,poweredOn,False,,,/opt/sentinelone/rpm_mount,64956,7012,57944,89.2,,,,,,USFQ,USFQ-TEST,t-esx-01.usfq.edu.ec,,,,,,,
T-HUBI-PYTHON-OLNX-01,poweredOn,False,,,/,102441,15225,87216,85.1,,,,,,USFQ,USFQ-TEST,t-esx-01.usfq.edu.ec,,,,,,,
T-HUBI-PYTHON-OLNX-01,poweredOn,False,,,/boot,2550,485,2065,81.0,,,,,,USFQ,USFQ-TEST,t-esx-01.usfq.edu.ec,,,,,,,
T-HUBI-PYTHON-OLNX-01,poweredOn,False,,,/opt/sentinelone/rpm_mount,102441,15225,87216,85.1,,,,,,USFQ,USFQ-TEST,t-esx-01.usfq.edu.ec,,,,,,,
